order_id,customer_id,order_date,order_status,payment_method,shipping_city,shipping_state
1,262,2024-12-31,Delivered,Net Banking,Ulhasnagar,Uttarakhand
2,283,2025-09-09,Delivered,COD,Imphal,Keralam
3,279,2026-01-03,Delivered,Credit Card,Ghaziabad,Keralam
4,13,2025-08-01,Processing,UPI,Ghaziabad,Sikkim
5,928,2025-01-05,Delivered,Debit Card,Chinsurah,Goa
6,237,2025-03-02,Delivered,UPI,Kakinada,Arunachal Pradesh
7,166,2026-06-22,Delivered,Credit Card,Rajpur Sonarpur,Keralam
8,152,2026-09-11,Delivered,Net Banking,Bhusawal,Nagaland
9,989,2026-04-12,Shipped,Debit Card,Nizamabad,Madhya Pradesh
10,477,2024-12-22,Delivered,Net Banking,Gwalior,Goa
11,327,2026-05-29,Shipped,COD,Coimbatore,Manipur
12,404,2026-02-25,Delivered,Debit Card,Machilipatnam,Uttarakhand
13,89,2025-10-27,Delivered,Debit Card,Bihar Sharif,Haryana
14,314,2025-01-21,Delivered,UPI,Gurgaon,Keralam
15,249,2026-10-06,Delivered,Credit Card,Rampur,Himachal Pradesh
16,804,2025-08-27,Delivered,Net Banking,Meerut,Himachal Pradesh
17,59,2024-11-09,Delivered,UPI,Haldia,Odisha
18,426,2025-03-10,Delivered,Credit Card,Bihar Sharif,Karnataka
19,791,2025-07-28,Shipped,UPI,Davanagere,Nagaland
20,834,2024-11-22,Delivered,COD,Gurgaon,Andhra Pradesh
21,513,2025-06-01,Delivered,Debit Card,Fatehpur,Odisha
22,223,2025-09-15,Shipped,Net Banking,Junagadh,Assam
23,337,2026-08-31,Delivered,Net Banking,Aurangabad,Karnataka
24,223,2024-12-10,Shipped,Credit Card,Hyderabad,Tripura
25,663,2025-12-03,Delivered,UPI,Solapur,Jharkhand
26,293,2026-08-07,Delivered,Credit Card,North Dumdum,Punjab
27,631,2026-05-20,Delivered,UPI,Kanpur,Jharkhand
28,656,2026-08-14,Shipped,Credit Card,Berhampore,Uttar Pradesh
29,940,2025-02-09,Delivered,Credit Card,Panchkula,Uttarakhand
30,371,2026-05-16,Delivered,Net Banking,Raipur,Uttar Pradesh
31,962,2026-09-22,Cancelled,Credit Card,Firozabad,Keralam
32,401,2025-06-03,Delivered,UPI,Hospet,Himachal Pradesh
33,681,2025-10-07,Processing,COD,Hospet,Mizoram
34,662,2025-10-31,Delivered,UPI,Vadodara,Tamil Nadu
35,818,2025-10-03,Processing,Credit Card,Maheshtala,Manipur
36,470,2025-05-08,Processing,Credit Card,Bongaigaon,Rajasthan
37,793,2026-09-17,Cancelled,UPI,Ghaziabad,Tripura
38,356,2026-09-06,Delivered,COD,Thrissur,Sikkim
39,492,2025-07-13,Shipped,Credit Card,Bhagalpur,Karnataka
40,500,2026-05-19,Shipped,Net Banking,Gangtok,Gujarat
41,705,2025-07-25,Delivered,UPI,Uluberia,Madhya Pradesh
42,619,2026-05-11,Delivered,Debit Card,Pune,Mizoram
43,79,2025-12-09,Cancelled,UPI,Aizawl,Telangana
44,810,2025-09-16,Delivered,Credit Card,Panchkula,Himachal Pradesh
45,759,2025-01-09,Delivered,Debit Card,Haridwar,Chhattisgarh
46,105,2026-01-29,Delivered,COD,Nagercoil,Himachal Pradesh
47,962,2025-05-30,Delivered,Credit Card,Hosur,Mizoram
48,661,2025-03-15,Shipped,Net Banking,Nagaon,Gujarat
49,85,2025-02-26,Delivered,UPI,Raipur,Keralam
50,492,2026-09-25,Delivered,Credit Card,Berhampore,Haryana
51,837,2024-12-22,Processing,Net Banking,Dindigul,West Bengal
52,280,2026-05-14,Delivered,Debit Card,Begusarai,Manipur
53,933,2026-07-02,Delivered,Debit Card,Hosur,Rajasthan
54,419,2024-10-31,Delivered,Net Banking,Eluru,Manipur
55,227,2025-12-12,Processing,UPI,Junagadh,Andhra Pradesh
56,357,2025-12-03,Cancelled,Net Banking,Udupi,Haryana
57,525,2025-06-27,Delivered,COD,Chandigarh,Telangana
58,689,2026-02-07,Delivered,Net Banking,Hubli–Dharwad,Manipur
59,928,2025-08-02,Delivered,Credit Card,Tadepalligudem,Punjab
60,195,2025-08-25,Delivered,Credit Card,Vasai-Virar,Sikkim
61,961,2025-08-19,Delivered,COD,Tinsukia,Meghalaya
62,528,2026-05-15,Delivered,Net Banking,Raiganj,Mizoram
63,128,2026-01-13,Delivered,COD,Ramagundam,Gujarat
64,927,2025-07-12,Delivered,COD,Rajpur Sonarpur,Gujarat
65,350,2026-08-16,Delivered,Debit Card,Malda,Chhattisgarh
66,621,2026-05-16,Processing,UPI,Raipur,Himachal Pradesh
67,699,2026-08-20,Delivered,Credit Card,Nandyal,Nagaland
68,14,2026-03-25,Delivered,Credit Card,Etawah,Uttar Pradesh
69,222,2025-07-21,Delivered,COD,Haridwar,Madhya Pradesh
70,687,2026-04-25,Processing,Credit Card,Chennai,Mizoram
71,325,2025-06-05,Delivered,Credit Card,Rajahmundry,Tripura
72,10,2025-04-24,Delivered,COD,Agartala,Odisha
73,24,2025-09-02,Delivered,UPI,Aizawl,Haryana
74,827,2026-09-16,Delivered,Net Banking,New Delhi,Haryana
75,154,2025-11-27,Cancelled,Debit Card,Vijayanagaram,Nagaland
76,101,2025-07-15,Delivered,COD,Kanpur,Himachal Pradesh
77,563,2025-09-10,Delivered,Debit Card,Jamnagar,Gujarat
78,119,2025-05-09,Shipped,Debit Card,Kadapa,Mizoram
79,654,2026-02-01,Delivered,COD,Thanjavur,Nagaland
80,545,2025-06-21,Delivered,COD,Aurangabad,Haryana
81,649,2025-11-17,Delivered,Net Banking,New Delhi,Arunachal Pradesh
82,492,2025-07-05,Delivered,Net Banking,Nellore,Sikkim
83,779,2025-05-30,Delivered,COD,Faridabad,Karnataka
84,645,2026-09-16,Processing,COD,Warangal,Nagaland
85,416,2025-06-17,Processing,Net Banking,Malegaon,Chhattisgarh
86,16,2024-11-28,Processing,Credit Card,Ratlam,Himachal Pradesh
87,274,2025-07-11,Delivered,Net Banking,Junagadh,Mizoram
88,132,2025-10-31,Delivered,Credit Card,Navi Mumbai,Bihar
89,16,2024-12-16,Delivered,Debit Card,Dibrugarh,Himachal Pradesh
90,274,2025-05-19,Cancelled,Debit Card,Gangtok,Rajasthan
91,207,2025-02-06,Shipped,COD,Bhilwara,Sikkim
92,77,2025-10-08,Delivered,Debit Card,North Dumdum,Jharkhand
93,313,2026-03-20,Delivered,COD,Tiruchirappalli,Bihar
94,507,2026-09-15,Shipped,COD,Indore,Andhra Pradesh
95,179,2025-07-19,Processing,COD,Hyderabad,Meghalaya
96,274,2026-06-30,Shipped,UPI,Bhopal,Punjab
97,21,2025-03-14,Delivered,Net Banking,Aurangabad,Mizoram
98,51,2026-05-01,Delivered,Credit Card,Nagpur,Keralam
99,158,2025-11-23,Delivered,Debit Card,Malda,Andhra Pradesh
100,453,2026-04-14,Delivered,Debit Card,Gaya,Gujarat
101,667,2026-04-13,Cancelled,Credit Card,Korba,Arunachal Pradesh
102,789,2025-11-01,Delivered,COD,Jammu,Madhya Pradesh
103,630,2025-04-14,Delivered,COD,Burhanpur,Himachal Pradesh
104,617,2025-10-27,Delivered,Debit Card,Faridabad,Arunachal Pradesh
105,936,2026-06-04,Delivered,UPI,Gwalior,Nagaland
106,256,2026-09-17,Delivered,UPI,Lucknow,Karnataka
107,799,2026-08-16,Delivered,Credit Card,Bhubaneswar,Uttarakhand
108,937,2025-02-17,Processing,COD,Kavali,Keralam
109,568,2025-12-18,Delivered,Debit Card,Aligarh,Assam
110,841,2024-12-23,Delivered,UPI,Ichalkaranji,Punjab
111,138,2026-02-08,Delivered,Debit Card,Bokaro,Punjab
112,879,2026-10-02,Delivered,COD,Solapur,Uttarakhand
113,565,2024-11-15,Delivered,Debit Card,Mirzapur,Punjab
114,222,2026-01-30,Processing,Debit Card,Katni,Karnataka
115,62,2026-08-29,Delivered,UPI,Pallavaram,Odisha
116,720,2026-06-18,Cancelled,COD,Haridwar,Tamil Nadu
117,431,2025-07-22,Delivered,UPI,Morbi,Manipur
118,311,2024-12-23,Delivered,COD,Bhagalpur,Tamil Nadu
119,391,2026-08-13,Delivered,Credit Card,Gandhinagar,West Bengal
120,992,2026-08-12,Delivered,UPI,Hospet,Sikkim
121,428,2025-12-05,Processing,Credit Card,Bokaro,Manipur
122,79,2026-09-23,Delivered,UPI,Hyderabad,Maharashtra
123,280,2024-10-11,Delivered,UPI,Tezpur,Telangana
124,146,2026-01-01,Delivered,UPI,Kochi,Tripura
125,686,2024-11-05,Processing,Net Banking,Sri Ganganagar,Haryana
126,801,2026-08-22,Delivered,COD,Srikakulam,Andhra Pradesh
127,841,2026-02-17,Shipped,Credit Card,Kozhikode,Tamil Nadu
128,633,2026-08-06,Delivered,Net Banking,Bhilai,Gujarat
129,769,2025-11-23,Processing,Credit Card,Medininagar,West Bengal
130,418,2024-10-27,Delivered,Debit Card,Jorhat,Arunachal Pradesh
131,628,2025-06-10,Delivered,Credit Card,Kadapa,Uttar Pradesh
132,107,2026-04-04,Cancelled,COD,Thrissur,Odisha
133,539,2025-01-26,Delivered,Debit Card,Raipur,Himachal Pradesh
134,558,2026-06-22,Delivered,Debit Card,Ludhiana,Andhra Pradesh
135,32,2025-04-01,Delivered,COD,Durgapur,Telangana
136,549,2025-10-05,Delivered,Net Banking,Gwalior,Bihar
137,723,2025-03-05,Delivered,UPI,Agartala,Assam
138,368,2025-09-13,Delivered,UPI,Ongole,Tamil Nadu
139,545,2025-09-03,Shipped,Credit Card,Tiruchirappalli,Odisha
140,287,2024-10-12,Shipped,UPI,Suryapet,Bihar
141,271,2025-11-26,Delivered,Net Banking,Bhind,Jharkhand
142,130,2026-05-05,Delivered,Debit Card,Junagadh,Odisha
143,328,2026-08-22,Shipped,UPI,Nellore,Odisha
144,804,2025-06-06,Delivered,Debit Card,Malegaon,Karnataka
145,936,2026-07-13,Delivered,COD,Parbhani,Keralam
146,636,2026-07-11,Delivered,COD,Kota,Assam
147,625,2026-09-30,Delivered,COD,Dehradun,Andhra Pradesh
148,614,2025-07-07,Delivered,COD,Morbi,West Bengal
149,476,2026-06-21,Shipped,Net Banking,Amroha,Gujarat
150,424,2025-11-24,Cancelled,COD,Kavali,Uttar Pradesh
151,621,2024-11-20,Delivered,COD,Imphal,Arunachal Pradesh
152,785,2025-04-23,Delivered,Net Banking,Medininagar,West Bengal
153,414,2026-02-11,Delivered,Debit Card,Haldia,Keralam
154,566,2025-02-02,Delivered,COD,Tezpur,Tamil Nadu
155,471,2025-08-21,Shipped,Debit Card,Dindigul,Telangana
156,286,2026-04-27,Delivered,UPI,Hospet,Jharkhand
157,291,2025-01-25,Cancelled,UPI,Visakhapatnam,Rajasthan
158,79,2025-10-05,Delivered,Debit Card,Dharmavaram,Jharkhand
159,440,2025-03-14,Delivered,UPI,Durg,Tamil Nadu
160,713,2025-11-04,Delivered,UPI,Sikar,Uttarakhand
161,686,2025-04-02,Delivered,Credit Card,Raipur,Tamil Nadu
162,986,2026-09-13,Processing,Debit Card,North Dumdum,Rajasthan
163,40,2024-12-03,Delivered,Debit Card,Gaya,Karnataka
164,761,2026-09-11,Delivered,Debit Card,Sambalpur,Bihar
165,796,2026-05-09,Delivered,Debit Card,Thrissur,Manipur
166,437,2026-06-25,Delivered,COD,Serampore,Bihar
167,283,2026-06-22,Shipped,Credit Card,Satara,Manipur
168,358,2025-02-22,Delivered,Debit Card,Bangalore,Tripura
169,683,2026-08-19,Delivered,Net Banking,Hyderabad,Bihar
170,863,2025-12-16,Delivered,Credit Card,Kakinada,Uttar Pradesh
171,643,2026-09-10,Delivered,UPI,Tezpur,Mizoram
172,515,2026-07-11,Delivered,UPI,Muzaffarpur,Arunachal Pradesh
173,653,2025-12-05,Delivered,Credit Card,Kharagpur,Rajasthan
174,71,2025-07-08,Delivered,Credit Card,Madanapalle,Andhra Pradesh
175,609,2025-01-02,Delivered,UPI,Hajipur,Nagaland
176,43,2024-12-21,Delivered,Credit Card,Kota,Manipur
177,960,2025-07-19,Processing,Net Banking,Narasaraopet,Rajasthan
178,890,2026-05-23,Delivered,COD,Chapra,Karnataka
179,509,2025-10-12,Delivered,Debit Card,Raebareli,Bihar
180,375,2025-09-25,Delivered,UPI,Imphal,Karnataka
181,733,2025-04-04,Delivered,Net Banking,Thiruvananthapuram,Sikkim
182,638,2025-11-24,Processing,UPI,Kumbakonam,Uttarakhand
183,706,2026-01-17,Delivered,UPI,Ranchi,Goa
184,516,2026-09-25,Delivered,Debit Card,Bidar,Jharkhand
185,237,2026-03-24,Processing,Debit Card,Amravati,Tripura
186,74,2025-12-25,Shipped,Credit Card,Tirunelveli,Himachal Pradesh
187,284,2026-08-03,Shipped,COD,Gudivada,Gujarat
188,529,2025-08-14,Delivered,UPI,Patiala,Telangana
189,425,2026-08-22,Delivered,UPI,Anantapuram,Maharashtra
190,507,2025-07-05,Delivered,Debit Card,Ramgarh,Mizoram
191,278,2025-01-09,Delivered,Debit Card,Surendranagar Dudhrej,Maharashtra
192,938,2025-08-09,Delivered,COD,Mira-Bhayandar,Mizoram
193,367,2025-01-10,Shipped,UPI,Vadodara,Haryana
194,847,2025-01-02,Delivered,Debit Card,Naihati,Rajasthan
195,391,2026-07-13,Delivered,UPI,Coimbatore,Karnataka
196,444,2026-05-11,Delivered,UPI,Bareilly,Manipur
197,604,2025-03-18,Delivered,Debit Card,Barasat,Goa
198,264,2026-06-12,Delivered,Net Banking,Ratlam,Andhra Pradesh
199,220,2024-11-27,Shipped,UPI,Silchar,Meghalaya
200,380,2025-05-04,Delivered,COD,Miryalaguda,Bihar
201,805,2026-03-07,Shipped,Debit Card,Kumbakonam,Uttar Pradesh
202,145,2025-05-18,Delivered,Debit Card,Singrauli,Uttarakhand
203,438,2026-03-25,Delivered,COD,Malda,Himachal Pradesh
204,673,2026-07-08,Delivered,Credit Card,Bhilai,Himachal Pradesh
205,707,2024-11-25,Shipped,Credit Card,Tadipatri,Manipur
206,435,2024-10-25,Delivered,Net Banking,Bhopal,Goa
207,82,2026-08-25,Delivered,UPI,Nashik,Tripura
208,16,2025-10-23,Delivered,COD,Kolhapur,Assam
209,470,2025-10-13,Processing,COD,North Dumdum,Madhya Pradesh
210,811,2025-09-11,Delivered,COD,Kamarhati,Goa
211,29,2025-08-21,Shipped,Debit Card,Hubli–Dharwad,Telangana
212,888,2026-02-24,Cancelled,Net Banking,Arrah,Chhattisgarh
213,676,2025-12-05,Processing,COD,Faridabad,Madhya Pradesh
214,9,2025-02-04,Delivered,UPI,Varanasi,Telangana
215,344,2026-01-08,Delivered,Credit Card,Nashik,Madhya Pradesh
216,221,2026-02-08,Cancelled,Debit Card,Aurangabad,Goa
217,950,2024-12-30,Delivered,Net Banking,Ozhukarai,Chhattisgarh
218,555,2025-07-10,Delivered,Net Banking,Gopalpur,Mizoram
219,325,2026-05-08,Delivered,COD,Durgapur,Bihar
220,279,2026-01-03,Shipped,Debit Card,Jamshedpur,Jharkhand
221,564,2025-01-16,Delivered,UPI,Imphal,Nagaland
222,6,2024-11-06,Delivered,UPI,Bhimavaram,Karnataka
223,258,2025-12-06,Delivered,COD,Amroha,Telangana
224,166,2025-09-10,Shipped,Debit Card,Nagaon,Punjab
225,621,2026-09-10,Delivered,Net Banking,Gangtok,Bihar
226,670,2025-10-24,Processing,Debit Card,Unnao,Tamil Nadu
227,468,2026-08-19,Shipped,COD,Pondicherry,Uttar Pradesh
228,141,2025-03-13,Cancelled,Credit Card,Kamarhati,Goa
229,371,2025-08-31,Processing,UPI,Bilaspur,Karnataka
230,843,2025-01-18,Delivered,Net Banking,Gwalior,Keralam
231,204,2025-12-01,Delivered,Debit Card,Proddatur,Keralam
232,164,2025-02-23,Delivered,COD,Tiruppur,Madhya Pradesh
233,112,2025-10-02,Cancelled,UPI,Aurangabad,Uttar Pradesh
234,817,2025-06-16,Delivered,Credit Card,Allahabad,Odisha
235,120,2025-02-21,Delivered,COD,Ahmedabad,Uttar Pradesh
236,582,2024-12-18,Processing,COD,Bhind,Jharkhand
237,1000,2025-10-17,Delivered,UPI,Maheshtala,Manipur
238,642,2026-08-31,Processing,COD,Vasai-Virar,Assam
239,413,2025-03-02,Delivered,UPI,Dhule,Haryana
240,207,2025-07-31,Delivered,UPI,Bijapur,Mizoram
241,2,2025-03-21,Delivered,COD,Jamnagar,Chhattisgarh
242,156,2026-05-22,Delivered,UPI,Bikaner,Uttarakhand
243,953,2025-08-07,Delivered,Credit Card,Bharatpur,Haryana
244,144,2026-09-19,Processing,UPI,Bidhannagar,Chhattisgarh
245,20,2025-04-05,Delivered,Debit Card,Silchar,Sikkim
246,817,2024-12-06,Delivered,UPI,Coimbatore,Assam
247,419,2025-12-07,Processing,Credit Card,Bhusawal,Jharkhand
248,357,2026-01-27,Shipped,Credit Card,Aizawl,Goa
249,718,2026-10-01,Delivered,Net Banking,Siliguri,Punjab
250,524,2026-07-06,Cancelled,Debit Card,Aligarh,Telangana
251,915,2026-07-15,Delivered,UPI,New Delhi,Goa
252,468,2026-01-14,Delivered,Debit Card,Jaunpur,Keralam
253,713,2025-06-28,Delivered,Debit Card,Shimoga,Maharashtra
254,879,2025-08-17,Shipped,Credit Card,Fatehpur,Punjab
255,464,2025-01-14,Delivered,Debit Card,Nagercoil,Jharkhand
256,285,2025-08-19,Delivered,Credit Card,Kochi,Manipur
257,975,2025-07-01,Shipped,Credit Card,Raichur,Manipur
258,227,2024-11-03,Delivered,Net Banking,Rajpur Sonarpur,Andhra Pradesh
259,40,2025-03-06,Delivered,Credit Card,Sikar,Meghalaya
260,579,2025-11-02,Shipped,Credit Card,Danapur,Meghalaya
261,987,2025-07-05,Delivered,UPI,Meerut,West Bengal
262,87,2026-10-03,Delivered,Net Banking,Darbhanga,Manipur
263,850,2025-09-22,Delivered,Net Banking,Navi Mumbai,Uttar Pradesh
264,831,2026-09-08,Cancelled,Net Banking,Eluru,Jharkhand
265,929,2026-02-02,Delivered,UPI,Jammu,Punjab
266,422,2024-11-06,Delivered,Debit Card,Maheshtala,Uttar Pradesh
267,255,2025-03-06,Delivered,Credit Card,Belgaum,Chhattisgarh
268,513,2026-03-07,Delivered,Net Banking,Bettiah,Meghalaya
269,143,2025-11-10,Cancelled,Credit Card,Kadapa,Uttar Pradesh
270,843,2025-05-16,Delivered,Debit Card,Moradabad,Meghalaya
271,664,2025-10-24,Delivered,Debit Card,Kulti,Tripura
272,484,2026-07-29,Delivered,Net Banking,Muzaffarnagar,Keralam
273,516,2025-07-19,Delivered,Net Banking,Meerut,Tripura
274,713,2024-11-10,Delivered,COD,Ramgarh,Nagaland
275,524,2025-05-23,Cancelled,Debit Card,Mathura,Maharashtra
276,840,2026-08-22,Delivered,COD,Katihar,Gujarat
277,925,2026-04-17,Delivered,COD,Bally,Chhattisgarh
278,950,2026-06-11,Delivered,Debit Card,Udupi,Himachal Pradesh
279,621,2026-08-04,Delivered,Net Banking,Katni,Sikkim
280,743,2025-01-02,Delivered,COD,Salem,Maharashtra
281,312,2025-05-02,Delivered,COD,Agartala,Karnataka
282,39,2024-11-21,Delivered,Credit Card,Tiruppur,Maharashtra
283,401,2024-10-11,Shipped,Net Banking,Kurnool,Jharkhand
284,872,2026-06-09,Processing,Debit Card,Tumkur,Tamil Nadu
285,134,2026-08-23,Delivered,UPI,Delhi,Karnataka
286,546,2025-01-30,Processing,Credit Card,Udaipur,Maharashtra
287,193,2026-03-19,Delivered,COD,Farrukhabad,Meghalaya
288,430,2025-11-02,Delivered,COD,Tirunelveli,Odisha
289,144,2024-11-28,Processing,Net Banking,Coimbatore,Jharkhand
290,735,2026-08-07,Delivered,COD,Gaya,Assam
291,811,2026-07-06,Delivered,Debit Card,Sirsa,Punjab
292,759,2025-11-26,Shipped,Net Banking,Ahmedabad,Meghalaya
293,705,2026-03-09,Delivered,UPI,Haldia,Odisha
294,236,2025-07-25,Processing,Credit Card,Jaipur,Meghalaya
295,531,2026-05-10,Delivered,UPI,Bilaspur,Manipur
296,105,2025-08-29,Shipped,COD,Tirunelveli,Uttarakhand
297,375,2026-09-30,Delivered,Net Banking,Hindupur,Arunachal Pradesh
298,506,2024-11-23,Delivered,COD,Bhalswa Jahangir Pur,Assam
299,669,2025-02-11,Delivered,Debit Card,Unnao,Uttarakhand
300,97,2026-09-15,Processing,Debit Card,Chittoor,Tripura
301,813,2025-05-07,Delivered,Net Banking,Ranchi,Keralam
302,459,2025-05-23,Processing,Debit Card,Tezpur,Meghalaya
303,882,2026-05-09,Delivered,Credit Card,Ambattur,Madhya Pradesh
304,528,2025-02-23,Delivered,Credit Card,Siliguri,West Bengal
305,548,2025-10-18,Delivered,Debit Card,Salem,Madhya Pradesh
306,693,2025-05-05,Delivered,UPI,Thanjavur,Sikkim
307,820,2025-03-01,Cancelled,UPI,Pallavaram,Karnataka
308,158,2026-09-12,Delivered,UPI,Bongaigaon,Karnataka
309,512,2025-03-03,Delivered,UPI,Morbi,Odisha
310,30,2024-12-16,Delivered,UPI,Bharatpur,Keralam
311,475,2026-02-12,Delivered,UPI,Ahmedabad,Andhra Pradesh
312,814,2026-07-03,Delivered,UPI,Barasat,Chhattisgarh
313,866,2025-01-09,Processing,COD,Kadapa,Tripura
314,284,2026-03-09,Delivered,UPI,Gorakhpur,Karnataka
315,387,2025-11-07,Delivered,Debit Card,Kadapa,Assam
316,552,2026-06-06,Delivered,UPI,Siliguri,Uttarakhand
317,396,2025-01-09,Delivered,COD,Muzaffarnagar,West Bengal
318,179,2026-09-20,Delivered,Credit Card,Raurkela Industrial Township,Maharashtra
319,305,2026-01-03,Delivered,Net Banking,Ludhiana,Nagaland
320,405,2026-06-15,Delivered,Net Banking,Gangtok,Sikkim
321,519,2025-06-29,Shipped,Net Banking,Karimnagar,Arunachal Pradesh
322,921,2026-08-28,Cancelled,Net Banking,Hubli–Dharwad,Himachal Pradesh
323,545,2026-01-08,Cancelled,Debit Card,Burhanpur,Meghalaya
324,388,2025-01-09,Shipped,Net Banking,Panipat,Meghalaya
325,661,2026-08-13,Delivered,COD,Hajipur,Jharkhand
326,774,2026-05-12,Shipped,Credit Card,Bilaspur,Andhra Pradesh
327,431,2025-05-15,Delivered,COD,Bathinda,Uttarakhand
328,490,2025-11-10,Delivered,COD,Giridih,Nagaland
329,218,2025-07-18,Delivered,Net Banking,Bally,Sikkim
330,865,2025-11-09,Delivered,COD,Jhansi,Madhya Pradesh
331,867,2026-09-13,Cancelled,UPI,Adoni,Manipur
332,175,2026-07-26,Processing,Debit Card,Pudukkottai,Madhya Pradesh
333,347,2025-03-14,Delivered,Net Banking,Bhiwani,Madhya Pradesh
334,272,2026-09-17,Delivered,COD,Tezpur,Odisha
335,923,2025-08-24,Delivered,UPI,Tumkur,West Bengal
336,66,2026-03-07,Delivered,COD,Bangalore,Sikkim
337,208,2026-04-19,Shipped,UPI,Siliguri,Odisha
338,315,2025-09-26,Cancelled,Credit Card,Jalgaon,Andhra Pradesh
339,561,2025-09-06,Delivered,Net Banking,Proddatur,Manipur
340,249,2025-09-06,Delivered,Credit Card,Avadi,Uttarakhand
341,537,2026-06-30,Delivered,COD,Tumkur,Keralam
342,748,2025-07-17,Delivered,COD,Durg,Meghalaya
343,829,2025-04-30,Delivered,UPI,Malda,Jharkhand
344,100,2025-06-29,Delivered,Credit Card,Bellary,Goa
345,139,2025-02-27,Delivered,UPI,Guntakal,Punjab
346,96,2025-07-21,Delivered,Net Banking,Meerut,Himachal Pradesh
347,910,2024-12-30,Delivered,COD,Farrukhabad,Mizoram
348,653,2024-12-13,Shipped,Net Banking,Chinsurah,Mizoram
349,532,2026-03-20,Delivered,UPI,Mumbai,Telangana
350,791,2024-12-04,Processing,UPI,Chandrapur,Uttarakhand
351,587,2025-11-27,Delivered,UPI,Etawah,Meghalaya
352,236,2026-04-30,Delivered,Debit Card,Ambala,Arunachal Pradesh
353,511,2026-03-21,Delivered,Net Banking,Chandigarh,Mizoram
354,704,2025-08-30,Delivered,UPI,Asansol,Tripura
355,37,2025-02-26,Delivered,COD,Bhiwani,Maharashtra
356,607,2026-08-18,Delivered,Credit Card,Ramagundam,Meghalaya
357,498,2026-06-10,Delivered,Debit Card,Patna,Sikkim
358,70,2025-12-29,Cancelled,Net Banking,Raichur,Madhya Pradesh
359,264,2024-12-10,Delivered,Debit Card,Kharagpur,Keralam
360,449,2024-11-03,Delivered,Debit Card,Silchar,Maharashtra
361,343,2025-05-26,Processing,Credit Card,Bhilwara,Telangana
362,291,2025-01-31,Delivered,Debit Card,Kavali,Maharashtra
363,650,2026-06-28,Delivered,Credit Card,Malegaon,Jharkhand
364,405,2025-03-07,Shipped,Credit Card,North Dumdum,Mizoram
365,498,2025-05-02,Delivered,Net Banking,Kollam,Punjab
366,799,2026-09-20,Delivered,COD,Bhavnagar,Uttar Pradesh
367,94,2026-05-28,Delivered,COD,Begusarai,Uttar Pradesh
368,360,2025-03-17,Delivered,Credit Card,Barasat,Sikkim
369,74,2025-07-15,Processing,Credit Card,Guwahati,Sikkim
370,928,2025-10-19,Delivered,UPI,Tezpur,Madhya Pradesh
371,186,2026-02-05,Delivered,Credit Card,Bongaigaon,Jharkhand
372,820,2026-08-22,Delivered,Debit Card,Gandhinagar,Meghalaya
373,191,2026-07-06,Delivered,Credit Card,Jalandhar,Punjab
374,325,2026-09-21,Delivered,Net Banking,Hajipur,Manipur
375,609,2024-11-07,Delivered,UPI,Satara,Goa
376,832,2025-03-30,Processing,Debit Card,Bhind,Andhra Pradesh
377,178,2025-11-23,Delivered,Credit Card,Purnia,Arunachal Pradesh
378,214,2024-11-13,Shipped,Debit Card,Bidar,Keralam
379,882,2025-06-24,Delivered,UPI,Surendranagar Dudhrej,Tamil Nadu
380,322,2025-01-28,Delivered,Debit Card,Karaikudi,Tamil Nadu
381,210,2026-08-20,Delivered,Net Banking,Bidar,Tamil Nadu
382,744,2024-11-23,Shipped,COD,Kolhapur,Punjab
383,92,2025-01-24,Delivered,Credit Card,Latur,Andhra Pradesh
384,867,2025-02-27,Delivered,Debit Card,Warangal,Tripura
385,876,2025-01-24,Shipped,Net Banking,Meerut,Uttarakhand
386,857,2025-11-27,Delivered,Debit Card,Cuttack,Telangana
387,296,2025-07-01,Delivered,Debit Card,Chennai,Madhya Pradesh
388,115,2026-08-05,Delivered,Credit Card,Kadapa,Gujarat
389,426,2025-04-16,Delivered,COD,Meerut,Uttar Pradesh
390,335,2025-11-04,Delivered,Net Banking,Pimpri-Chinchwad,Goa
391,960,2026-02-02,Delivered,COD,Aligarh,Tamil Nadu
392,632,2026-01-08,Processing,Net Banking,Hindupur,West Bengal
393,945,2026-05-12,Delivered,Credit Card,Ramagundam,Uttar Pradesh
394,751,2025-03-04,Delivered,Credit Card,Bathinda,Manipur
395,715,2025-10-13,Cancelled,UPI,Bhilai,Telangana
396,112,2026-05-15,Delivered,Net Banking,Kurnool,Telangana
397,69,2026-06-30,Delivered,Net Banking,Kishanganj,West Bengal
398,47,2026-01-02,Delivered,Credit Card,Bhavnagar,Karnataka
399,594,2026-01-27,Delivered,UPI,Bhatpara,Nagaland
400,202,2026-07-01,Delivered,COD,Bijapur,Tamil Nadu
401,990,2026-01-07,Cancelled,Credit Card,Shivpuri,Gujarat
402,133,2026-09-01,Shipped,Debit Card,Raipur,Gujarat
403,947,2025-01-09,Delivered,UPI,Mumbai,Karnataka
404,668,2025-06-19,Delivered,UPI,Mahbubnagar,Karnataka
405,107,2024-12-29,Processing,COD,Saharsa,Sikkim
406,59,2024-12-13,Delivered,Net Banking,Shahjahanpur,Uttarakhand
407,396,2025-09-18,Processing,UPI,Vasai-Virar,Chhattisgarh
408,339,2025-03-22,Delivered,UPI,Nagpur,Jharkhand
409,316,2025-08-01,Delivered,Debit Card,Katni,Uttarakhand
410,529,2025-08-24,Shipped,Net Banking,Bhilai,Mizoram
411,130,2026-01-04,Delivered,Debit Card,Machilipatnam,Goa
412,130,2026-08-29,Delivered,COD,Udaipur,Mizoram
413,695,2026-06-20,Processing,Net Banking,Bongaigaon,Tripura
414,991,2025-07-11,Delivered,Net Banking,Pudukkottai,Karnataka
415,274,2025-06-03,Delivered,Credit Card,Tadepalligudem,Maharashtra
416,932,2026-04-24,Delivered,Net Banking,Bhiwani,Nagaland
417,345,2025-01-06,Delivered,COD,Lucknow,Telangana
418,336,2025-11-07,Delivered,UPI,Ajmer,Meghalaya
419,91,2025-08-13,Delivered,Net Banking,Tirunelveli,Uttarakhand
420,424,2025-02-18,Delivered,COD,Fatehpur,Sikkim
421,498,2026-01-01,Processing,Debit Card,Ramagundam,Keralam
422,664,2025-05-30,Delivered,Net Banking,Salem,Maharashtra
423,159,2025-02-20,Delivered,Credit Card,Arrah,Punjab
424,189,2026-01-28,Delivered,UPI,Katni,Arunachal Pradesh
425,433,2025-02-12,Processing,COD,Aligarh,Gujarat
426,70,2026-02-11,Delivered,Credit Card,Erode,Gujarat
427,144,2025-02-03,Shipped,Net Banking,Siliguri,Tamil Nadu
428,630,2025-08-21,Delivered,Credit Card,Anantapuram,Telangana
429,954,2026-05-21,Delivered,Credit Card,Jamshedpur,Tamil Nadu
430,573,2025-03-24,Cancelled,Net Banking,Hyderabad,Assam
431,145,2026-04-21,Processing,Credit Card,Visakhapatnam,Himachal Pradesh
432,991,2026-03-19,Delivered,COD,Kalyan-Dombivli,Himachal Pradesh
433,522,2026-07-29,Delivered,UPI,Kolhapur,Andhra Pradesh
434,717,2025-02-08,Delivered,UPI,Berhampore,Haryana
435,197,2026-03-14,Delivered,UPI,Bangalore,Madhya Pradesh
436,579,2026-08-23,Processing,Credit Card,Secunderabad,Tripura
437,77,2026-04-18,Shipped,UPI,Karnal,Chhattisgarh
438,626,2025-02-22,Delivered,Credit Card,Anand,Tripura
439,203,2026-05-31,Delivered,UPI,Akola,Tamil Nadu
440,910,2024-12-25,Delivered,Net Banking,Nagercoil,Chhattisgarh
441,55,2025-12-12,Delivered,UPI,Jaunpur,Haryana
442,653,2025-10-06,Shipped,COD,Alwar,Madhya Pradesh
443,140,2025-10-31,Delivered,COD,Singrauli,Uttarakhand
444,688,2025-10-22,Delivered,Net Banking,Karawal Nagar,Sikkim
445,494,2024-10-31,Delivered,Net Banking,Chittoor,West Bengal
446,968,2025-10-14,Cancelled,Net Banking,Ramgarh,Himachal Pradesh
447,652,2026-08-23,Delivered,COD,Bikaner,Uttar Pradesh
448,372,2025-08-23,Delivered,Debit Card,Giridih,Uttarakhand
449,88,2025-04-28,Delivered,Net Banking,Bhimavaram,Mizoram
450,596,2026-10-04,Delivered,Debit Card,Jabalpur,Chhattisgarh
451,442,2024-12-19,Delivered,Net Banking,Ludhiana,Haryana
452,53,2025-09-28,Delivered,Credit Card,Ahmednagar,Bihar
453,582,2025-10-17,Delivered,UPI,Aligarh,Tamil Nadu
454,210,2025-09-22,Delivered,COD,Fatehpur,Himachal Pradesh
455,235,2026-08-12,Processing,Net Banking,Ahmednagar,Punjab
456,9,2025-08-12,Delivered,Net Banking,Vasai-Virar,Haryana
457,373,2026-09-18,Delivered,Credit Card,Yamunanagar,West Bengal
458,219,2024-11-26,Delivered,Net Banking,Rajkot,Sikkim
459,72,2026-03-28,Shipped,Debit Card,Pudukkottai,Karnataka
460,435,2025-12-15,Shipped,UPI,Raipur,Maharashtra
461,221,2025-04-02,Processing,COD,Srinagar,Arunachal Pradesh
462,135,2025-03-23,Delivered,COD,Dindigul,Bihar
463,467,2026-03-17,Delivered,COD,Akola,West Bengal
464,64,2026-01-16,Delivered,Debit Card,Moradabad,Tamil Nadu
465,991,2025-12-28,Delivered,Credit Card,Burhanpur,Telangana
466,471,2024-11-14,Delivered,UPI,Chapra,Odisha
467,997,2025-12-18,Delivered,Net Banking,Thiruvananthapuram,Gujarat
468,882,2026-09-24,Delivered,COD,Pallavaram,Assam
469,980,2024-10-21,Delivered,UPI,Baranagar,Rajasthan
470,543,2025-09-15,Delivered,Net Banking,Panihati,Jharkhand
471,424,2025-10-04,Delivered,UPI,Raebareli,Andhra Pradesh
472,720,2026-07-25,Shipped,Net Banking,Chandigarh,Andhra Pradesh
473,81,2025-05-02,Delivered,UPI,Jalandhar,Meghalaya
474,841,2025-09-20,Shipped,COD,Visakhapatnam,Telangana
475,324,2026-03-16,Delivered,UPI,Kolkata,Karnataka
476,8,2024-11-21,Processing,Debit Card,Vellore,West Bengal
477,238,2026-05-16,Shipped,Net Banking,Mau,Karnataka
478,243,2026-05-31,Delivered,COD,Dehri,Rajasthan
479,15,2026-03-17,Cancelled,Credit Card,Jhansi,Gujarat
480,669,2026-01-24,Delivered,COD,Aurangabad,Nagaland
481,96,2026-04-07,Delivered,UPI,Orai,Haryana
482,847,2026-05-02,Shipped,Debit Card,Raurkela Industrial Township,Sikkim
483,454,2026-07-29,Delivered,COD,Jabalpur,Madhya Pradesh
484,719,2025-08-17,Delivered,Credit Card,Purnia,Arunachal Pradesh
485,340,2025-09-06,Delivered,Debit Card,Madurai,Gujarat
486,132,2026-01-17,Delivered,Debit Card,Warangal,Jharkhand
487,181,2025-02-26,Delivered,Credit Card,Salem,Maharashtra
488,646,2026-06-25,Delivered,Net Banking,Panchkula,Haryana
489,717,2026-04-23,Delivered,Debit Card,Faridabad,Mizoram
490,268,2026-01-12,Delivered,Net Banking,Lucknow,Uttarakhand
491,358,2025-05-16,Delivered,Debit Card,Ramagundam,Punjab
492,946,2025-06-19,Delivered,COD,Pali,Himachal Pradesh
493,852,2025-08-22,Delivered,Debit Card,Jabalpur,Odisha
494,414,2026-02-04,Delivered,Net Banking,Tumkur,West Bengal
495,241,2026-04-29,Delivered,Net Banking,Deoghar,Gujarat
496,302,2026-02-10,Shipped,COD,Kadapa,Gujarat
497,539,2026-08-18,Processing,COD,Silchar,Arunachal Pradesh
498,567,2026-09-09,Delivered,Credit Card,Bongaigaon,Telangana
499,185,2026-03-07,Delivered,Credit Card,Ballia,Telangana
500,66,2025-07-06,Shipped,Credit Card,Firozabad,Keralam
501,496,2025-12-19,Processing,Debit Card,Patna,Tripura
502,798,2025-08-14,Delivered,Debit Card,Bidar,Odisha
503,153,2026-01-10,Delivered,UPI,Kollam,West Bengal
504,409,2026-05-24,Delivered,COD,Allahabad,Uttar Pradesh
505,162,2025-07-05,Delivered,COD,Kurnool,Uttarakhand
506,243,2025-10-12,Processing,Net Banking,Ghaziabad,Karnataka
507,613,2024-11-10,Delivered,Credit Card,Kumbakonam,Nagaland
508,287,2026-03-30,Delivered,COD,Phusro,Chhattisgarh
509,264,2025-10-01,Delivered,Credit Card,Sri Ganganagar,Uttar Pradesh
510,996,2025-09-09,Shipped,Credit Card,Erode,Himachal Pradesh
511,173,2025-11-01,Delivered,COD,Suryapet,Madhya Pradesh
512,190,2025-03-14,Shipped,COD,Bikaner,Mizoram
513,930,2025-12-19,Delivered,Debit Card,Kalyan-Dombivli,Tamil Nadu
514,551,2026-04-05,Delivered,UPI,Vadodara,Rajasthan
515,44,2025-06-20,Delivered,UPI,Guna,Uttarakhand
516,425,2025-01-12,Delivered,COD,Etawah,Punjab
517,566,2025-07-17,Cancelled,Credit Card,Morena,Tamil Nadu
518,254,2025-03-02,Delivered,Net Banking,Ambattur,Mizoram
519,549,2025-07-08,Delivered,Credit Card,Pimpri-Chinchwad,Keralam
520,649,2026-01-09,Delivered,Debit Card,Thiruvananthapuram,Uttar Pradesh
521,251,2024-12-30,Delivered,COD,Surat,Karnataka
522,813,2026-04-06,Delivered,Debit Card,Faridabad,Nagaland
523,453,2025-03-21,Shipped,Debit Card,Burhanpur,Himachal Pradesh
524,964,2026-07-23,Delivered,Debit Card,Chinsurah,Maharashtra
525,88,2026-03-27,Delivered,Credit Card,Jamalpur,Karnataka
526,325,2025-04-25,Delivered,Debit Card,Bhiwandi,Haryana
527,722,2025-11-23,Delivered,Debit Card,Kochi,Tamil Nadu
528,895,2024-12-28,Delivered,UPI,Nagercoil,Sikkim
529,222,2024-12-20,Delivered,Debit Card,Tiruvottiyur,Punjab
530,981,2026-09-06,Delivered,Net Banking,Howrah,Assam
531,194,2026-05-17,Delivered,UPI,Ahmednagar,Gujarat
532,417,2025-01-29,Shipped,COD,Giridih,Gujarat
533,315,2025-05-02,Processing,COD,Ambattur,Punjab
534,425,2025-03-01,Delivered,Net Banking,Jorhat,Tripura
535,903,2025-07-23,Delivered,UPI,Kanpur,Karnataka
536,733,2025-05-09,Delivered,Debit Card,Howrah,Jharkhand
537,797,2025-06-04,Delivered,COD,Howrah,Meghalaya
538,254,2025-10-29,Delivered,UPI,Bahraich,West Bengal
539,947,2025-02-23,Delivered,Net Banking,Ichalkaranji,Karnataka
540,436,2026-07-14,Shipped,COD,Satara,Haryana
541,652,2026-03-23,Delivered,UPI,Madanapalle,Manipur
542,698,2026-04-16,Delivered,Credit Card,Jalna,Uttar Pradesh
543,663,2025-02-09,Delivered,Net Banking,Medininagar,Rajasthan
544,602,2026-03-09,Delivered,COD,Nangloi Jat,Manipur
545,481,2026-06-10,Delivered,Net Banking,Solapur,Rajasthan
546,648,2025-02-13,Delivered,Debit Card,Chandrapur,Andhra Pradesh
547,906,2026-04-09,Delivered,Net Banking,Shimla,Sikkim
548,390,2025-06-26,Processing,Debit Card,Muzaffarnagar,Assam
549,511,2026-05-06,Shipped,Debit Card,Barasat,Karnataka
550,181,2025-09-22,Delivered,Net Banking,Suryapet,Jharkhand
551,356,2026-05-17,Cancelled,UPI,Sambalpur,Punjab
552,773,2025-01-24,Delivered,Credit Card,Imphal,Gujarat
553,641,2025-07-19,Shipped,UPI,Meerut,Gujarat
554,212,2025-04-26,Delivered,Net Banking,Bulandshahr,Tripura
555,547,2025-04-07,Delivered,Net Banking,Parbhani,Maharashtra
556,812,2025-05-21,Delivered,UPI,Kurnool,Rajasthan
557,125,2025-07-14,Delivered,UPI,Saharsa,Mizoram
558,62,2025-01-09,Delivered,Credit Card,Farrukhabad,Nagaland
559,393,2026-03-08,Delivered,Credit Card,Bhilai,Punjab
560,657,2025-11-14,Delivered,Debit Card,Ajmer,Odisha
561,314,2026-06-05,Delivered,Debit Card,Noida,Uttar Pradesh
562,822,2026-03-07,Delivered,Credit Card,Malda,Sikkim
563,847,2025-01-25,Cancelled,UPI,Jaipur,Himachal Pradesh
564,533,2024-11-28,Delivered,Net Banking,Visakhapatnam,Chhattisgarh
565,379,2025-08-13,Processing,Net Banking,Alwar,Telangana
566,42,2025-09-24,Delivered,Net Banking,Dewas,Karnataka
567,822,2025-04-01,Delivered,COD,Allahabad,Himachal Pradesh
568,896,2026-05-02,Delivered,COD,Phagwara,Bihar
569,443,2025-12-07,Delivered,COD,Shimla,Meghalaya
570,517,2026-04-07,Delivered,Net Banking,Eluru,Manipur
571,754,2024-12-27,Processing,UPI,Raiganj,Telangana
572,696,2026-05-26,Delivered,Credit Card,Rajahmundry,Rajasthan
573,136,2025-03-07,Shipped,Debit Card,Nadiad,Rajasthan
574,673,2025-08-31,Delivered,Net Banking,Chinsurah,Meghalaya
575,925,2025-08-25,Delivered,COD,Farrukhabad,Tripura
576,751,2026-05-30,Delivered,Net Banking,Hosur,West Bengal
577,481,2025-04-28,Cancelled,Credit Card,Indore,Tamil Nadu
578,524,2025-04-02,Delivered,Net Banking,Firozabad,Jharkhand
579,260,2025-06-13,Delivered,Net Banking,Bhopal,Haryana
580,661,2025-06-28,Delivered,Net Banking,Raebareli,Andhra Pradesh
581,242,2025-02-18,Delivered,Debit Card,Howrah,West Bengal
582,342,2025-02-14,Cancelled,Net Banking,Begusarai,Rajasthan
583,266,2025-03-26,Processing,Credit Card,Tumkur,Uttarakhand
584,336,2025-09-14,Delivered,Credit Card,Khandwa,Tamil Nadu
585,367,2025-06-16,Cancelled,Credit Card,Ujjain,Madhya Pradesh
586,83,2025-07-21,Shipped,Credit Card,Bhind,Chhattisgarh
587,718,2026-03-17,Delivered,Net Banking,Mira-Bhayandar,Arunachal Pradesh
588,441,2025-04-02,Delivered,Credit Card,Parbhani,Tamil Nadu
589,950,2026-08-03,Delivered,UPI,Guwahati,Himachal Pradesh
590,181,2026-04-10,Delivered,UPI,Hosur,Karnataka
591,670,2025-02-13,Delivered,COD,Naihati,Telangana
592,180,2025-05-25,Delivered,Debit Card,Agra,Maharashtra
593,548,2025-02-19,Cancelled,Debit Card,Mirzapur,Uttarakhand
594,491,2025-04-25,Cancelled,COD,Chandrapur,Meghalaya
595,449,2025-07-02,Delivered,UPI,Amravati,Telangana
596,655,2025-01-12,Delivered,COD,Jehanabad,Bihar
597,829,2024-10-19,Delivered,Net Banking,Bilaspur,Keralam
598,317,2025-08-24,Delivered,Net Banking,Raiganj,Goa
599,850,2026-03-04,Delivered,Debit Card,Pune,Arunachal Pradesh
600,185,2025-05-17,Delivered,Net Banking,Bangalore,West Bengal
601,294,2026-06-28,Delivered,Credit Card,Vadodara,Manipur
602,311,2025-07-05,Delivered,Credit Card,Nangloi Jat,Jharkhand
603,954,2026-07-28,Delivered,COD,Alappuzha,Karnataka
604,119,2025-03-29,Delivered,Credit Card,Adoni,Gujarat
605,396,2025-11-06,Processing,Net Banking,Bally,Bihar
606,425,2026-04-18,Delivered,COD,Rajkot,Uttar Pradesh
607,801,2024-11-20,Delivered,Debit Card,Bokaro,Assam
608,486,2026-08-18,Delivered,Credit Card,Bally,Karnataka
609,967,2025-07-01,Delivered,COD,Shimla,Chhattisgarh
610,741,2025-10-06,Delivered,COD,Ambattur,Uttarakhand
611,704,2026-01-10,Delivered,Debit Card,Siliguri,Goa
612,753,2026-01-20,Delivered,UPI,Muzaffarpur,Keralam
613,162,2024-10-25,Delivered,Debit Card,Agra,Sikkim
614,450,2026-07-03,Delivered,Debit Card,Guna,Meghalaya
615,587,2026-01-06,Delivered,UPI,Adoni,Karnataka
616,209,2026-10-07,Delivered,Debit Card,Kalyan-Dombivli,Meghalaya
617,119,2025-09-17,Delivered,UPI,Ghaziabad,Madhya Pradesh
618,136,2025-12-30,Delivered,Net Banking,Bardhaman,Himachal Pradesh
619,790,2025-08-26,Delivered,Debit Card,Nagercoil,Mizoram
620,657,2026-07-20,Delivered,Net Banking,Ghaziabad,Karnataka
621,282,2026-06-08,Delivered,Debit Card,Etawah,Uttarakhand
622,738,2026-08-02,Delivered,Net Banking,Solapur,Madhya Pradesh
623,696,2025-10-11,Delivered,Net Banking,Gorakhpur,Sikkim
624,817,2026-05-09,Delivered,UPI,Patiala,Gujarat
625,911,2025-06-27,Delivered,Debit Card,Anantapur,Odisha
626,883,2025-09-09,Delivered,Net Banking,Vijayanagaram,Meghalaya
627,182,2026-04-16,Shipped,Debit Card,Purnia,Rajasthan
628,770,2024-12-06,Processing,Credit Card,Asansol,Madhya Pradesh
629,393,2026-03-11,Cancelled,COD,Khammam,Rajasthan
630,404,2024-10-20,Delivered,UPI,Thanjavur,Arunachal Pradesh
631,648,2025-12-06,Delivered,COD,Dindigul,Punjab
632,603,2025-09-21,Delivered,Net Banking,Durg,Sikkim
633,420,2025-09-15,Delivered,Credit Card,Nanded,Maharashtra
634,1000,2025-10-04,Delivered,UPI,Varanasi,Andhra Pradesh
635,175,2025-10-02,Delivered,COD,Jalgaon,Meghalaya
636,97,2025-08-01,Delivered,Debit Card,Aligarh,Sikkim
637,30,2025-09-02,Delivered,COD,Satara,Madhya Pradesh
638,815,2025-11-27,Delivered,COD,Thrissur,Assam
639,407,2026-04-18,Delivered,UPI,Ballia,Keralam
640,438,2025-11-15,Processing,Net Banking,Jalgaon,West Bengal
641,650,2026-01-20,Delivered,Credit Card,Vijayawada,Haryana
642,436,2026-06-11,Delivered,COD,Rajahmundry,Manipur
643,574,2026-09-30,Cancelled,Credit Card,Siwan,Jharkhand
644,59,2024-12-26,Delivered,UPI,Dehri,Punjab
645,157,2026-03-12,Delivered,Net Banking,Medininagar,Keralam
646,933,2025-03-21,Delivered,Debit Card,Loni,Karnataka
647,451,2025-03-01,Delivered,Debit Card,Ratlam,Mizoram
648,168,2026-05-10,Delivered,Credit Card,Jammu,Mizoram
649,370,2024-11-27,Shipped,Debit Card,Latur,Maharashtra
650,335,2026-06-19,Shipped,COD,Latur,Haryana
651,275,2026-04-23,Shipped,Net Banking,Ahmednagar,Bihar
652,294,2026-10-04,Cancelled,COD,Satna,Punjab
653,730,2026-02-08,Delivered,Credit Card,New Delhi,Jharkhand
654,107,2026-07-07,Shipped,COD,Alappuzha,Nagaland
655,310,2025-01-03,Delivered,Credit Card,Vijayawada,Karnataka
656,468,2026-07-20,Delivered,COD,Karaikudi,Telangana
657,541,2025-02-02,Shipped,COD,Mirzapur,Punjab
658,881,2025-05-25,Shipped,UPI,Mahbubnagar,Keralam
659,924,2025-01-10,Processing,COD,Sultan Pur Majra,Jharkhand
660,298,2025-07-28,Delivered,Net Banking,Berhampur,Rajasthan
661,540,2026-04-08,Delivered,Net Banking,Siwan,Andhra Pradesh
662,23,2025-04-22,Delivered,Debit Card,Vellore,Arunachal Pradesh
663,618,2026-05-31,Delivered,Credit Card,Medininagar,Assam
664,153,2025-12-25,Shipped,COD,Baranagar,Jharkhand
665,74,2026-01-10,Shipped,UPI,Satara,Maharashtra
666,672,2026-08-24,Delivered,COD,Jodhpur,Himachal Pradesh
667,179,2025-08-19,Delivered,Credit Card,Bidar,Goa
668,478,2025-06-17,Delivered,Net Banking,Ramgarh,Himachal Pradesh
669,101,2026-10-04,Delivered,Debit Card,Davanagere,Maharashtra
670,746,2025-11-19,Delivered,Credit Card,Malda,Himachal Pradesh
671,765,2025-12-31,Processing,Credit Card,Rourkela,Mizoram
672,575,2025-05-12,Delivered,Credit Card,Gurgaon,Karnataka
673,836,2025-03-14,Cancelled,COD,Begusarai,Uttarakhand
674,437,2025-02-09,Delivered,Net Banking,Salem,West Bengal
675,187,2025-03-20,Shipped,Net Banking,Visakhapatnam,Odisha
676,152,2025-02-27,Delivered,Net Banking,Nagpur,Meghalaya
677,220,2026-04-06,Delivered,Debit Card,Srinagar,Andhra Pradesh
678,201,2024-11-19,Delivered,COD,Kottayam,Nagaland
679,324,2026-01-10,Delivered,Credit Card,Bhusawal,Karnataka
680,215,2026-09-01,Processing,COD,Warangal,Himachal Pradesh
681,592,2026-04-20,Delivered,Credit Card,Proddatur,Tamil Nadu
682,149,2025-07-29,Delivered,Credit Card,Durg,Arunachal Pradesh
683,622,2024-11-20,Delivered,Debit Card,Naihati,Haryana
684,335,2026-06-09,Delivered,Net Banking,Gudivada,Sikkim
685,687,2024-10-10,Delivered,Net Banking,Ranchi,Uttar Pradesh
686,513,2026-02-17,Delivered,Net Banking,Raichur,Manipur
687,906,2026-02-10,Delivered,UPI,Alappuzha,Manipur
688,440,2025-02-25,Delivered,UPI,Junagadh,West Bengal
689,296,2026-04-01,Shipped,COD,Morena,Assam
690,590,2025-02-13,Shipped,COD,South Dumdum,Maharashtra
691,659,2025-03-22,Delivered,UPI,Saharanpur,Gujarat
692,440,2026-05-24,Delivered,COD,Guntakal,Maharashtra
693,560,2026-09-23,Processing,Credit Card,Malda,Uttar Pradesh
694,471,2025-04-19,Delivered,COD,Pondicherry,Mizoram
695,306,2026-08-12,Cancelled,COD,Belgaum,West Bengal
696,314,2026-08-06,Delivered,Net Banking,Jalandhar,Manipur
697,908,2026-04-23,Delivered,UPI,Bihar Sharif,Tripura
698,676,2025-01-18,Delivered,Net Banking,Mau,Chhattisgarh
699,96,2025-05-15,Delivered,UPI,Phusro,Himachal Pradesh
700,963,2026-02-15,Delivered,Credit Card,Baranagar,Haryana
701,713,2026-10-07,Delivered,Net Banking,Yamunanagar,Sikkim
702,51,2026-05-26,Delivered,UPI,Mangalore,Manipur
703,728,2025-08-11,Processing,Credit Card,Kalyan-Dombivli,Gujarat
704,590,2025-03-29,Delivered,Net Banking,Chinsurah,Chhattisgarh
705,916,2026-09-09,Delivered,UPI,Ramgarh,Karnataka
706,490,2025-04-28,Delivered,Credit Card,Navi Mumbai,Chhattisgarh
707,519,2025-06-15,Delivered,UPI,Anantapuram,Punjab
708,315,2026-09-12,Delivered,Net Banking,Kochi,Telangana
709,322,2025-11-22,Delivered,UPI,Panipat,West Bengal
710,618,2025-04-19,Delivered,Credit Card,Bahraich,Gujarat
711,828,2024-10-12,Delivered,Debit Card,Gulbarga,Madhya Pradesh
712,891,2025-08-18,Delivered,Credit Card,Rampur,Manipur
713,771,2026-09-28,Delivered,Credit Card,Ahmednagar,Maharashtra
714,610,2025-08-20,Shipped,COD,Ajmer,Madhya Pradesh
715,501,2026-03-03,Delivered,Net Banking,Tiruppur,Gujarat
716,340,2025-04-11,Delivered,UPI,Bhopal,Bihar
717,768,2026-04-27,Cancelled,COD,Panvel,Keralam
718,319,2026-04-27,Delivered,Debit Card,Chennai,Assam
719,268,2025-12-26,Delivered,UPI,Indore,Arunachal Pradesh
720,868,2026-04-24,Shipped,COD,Kurnool,Manipur
721,590,2025-12-05,Delivered,Credit Card,Aurangabad,Tripura
722,355,2025-07-11,Shipped,Credit Card,Raiganj,Meghalaya
723,866,2026-03-31,Delivered,UPI,Malda,Andhra Pradesh
724,963,2026-06-10,Cancelled,COD,Bhubaneswar,Telangana
725,318,2026-06-14,Cancelled,Credit Card,Raiganj,Punjab
726,522,2025-03-13,Delivered,Debit Card,Kumbakonam,Himachal Pradesh
727,484,2026-02-14,Shipped,Credit Card,Chandigarh,Haryana
728,702,2024-10-11,Delivered,COD,Alwar,Uttar Pradesh
729,952,2025-11-30,Delivered,Net Banking,Raichur,Maharashtra
730,549,2025-11-29,Delivered,Debit Card,Korba,Bihar
731,799,2025-06-30,Delivered,Credit Card,Khammam,Haryana
732,596,2026-10-04,Delivered,Net Banking,Guna,Haryana
733,888,2026-07-15,Delivered,Debit Card,Bally,Keralam
734,405,2024-11-05,Delivered,COD,Anand,Jharkhand
735,386,2025-03-09,Delivered,Net Banking,Satna,Meghalaya
736,423,2025-03-09,Processing,UPI,Bhiwani,Jharkhand
737,997,2026-07-25,Delivered,COD,Saharsa,Nagaland
738,612,2025-10-22,Shipped,UPI,Jhansi,Maharashtra
739,153,2026-03-24,Shipped,Credit Card,Bangalore,Uttarakhand
740,41,2026-05-22,Shipped,Debit Card,Durgapur,Telangana
741,519,2026-04-21,Delivered,Credit Card,Muzaffarnagar,Jharkhand
742,806,2024-12-12,Processing,COD,Bilaspur,Arunachal Pradesh
743,480,2025-01-18,Shipped,COD,Saharanpur,Mizoram
744,561,2025-07-24,Shipped,UPI,Gaya,Jharkhand
745,799,2025-06-12,Processing,Credit Card,Ichalkaranji,Uttar Pradesh
746,517,2026-04-06,Delivered,Credit Card,Davanagere,Keralam
747,909,2025-01-30,Delivered,Net Banking,Hazaribagh,Himachal Pradesh
748,638,2025-07-06,Processing,Debit Card,Delhi,Jharkhand
749,732,2025-03-30,Delivered,Net Banking,Jabalpur,Tripura
750,782,2025-02-23,Shipped,UPI,Proddatur,Bihar
751,627,2025-02-11,Delivered,Debit Card,Mangalore,Uttarakhand
752,51,2025-02-28,Delivered,Credit Card,Gurgaon,Gujarat
753,428,2025-11-24,Delivered,Credit Card,Srikakulam,Telangana
754,142,2025-08-03,Delivered,Net Banking,Ballia,Meghalaya
755,511,2025-08-22,Cancelled,UPI,Karnal,Meghalaya
756,144,2025-09-23,Delivered,UPI,Bettiah,Goa
757,510,2026-04-02,Delivered,Debit Card,Dewas,Rajasthan
758,344,2026-06-29,Delivered,Net Banking,Jalna,Odisha
759,21,2025-10-27,Cancelled,Debit Card,Unnao,Maharashtra
760,125,2026-01-20,Delivered,UPI,Khora ,Madhya Pradesh
761,504,2026-03-31,Delivered,Net Banking,Tinsukia,Mizoram
762,79,2026-02-24,Delivered,Credit Card,Sagar,Maharashtra
763,856,2025-01-14,Delivered,Net Banking,Muzaffarnagar,West Bengal
764,759,2026-09-26,Cancelled,Credit Card,Tumkur,Arunachal Pradesh
765,710,2025-02-05,Cancelled,COD,Amroha,Haryana
766,173,2025-08-05,Delivered,Credit Card,Shahjahanpur,Telangana
767,796,2026-01-27,Delivered,COD,Bhiwandi,Tamil Nadu
768,635,2025-07-29,Delivered,Credit Card,Madhyamgram,Jharkhand
769,391,2025-04-03,Delivered,Net Banking,Raipur,Manipur
770,1,2026-08-13,Delivered,Debit Card,Sikar,Andhra Pradesh
771,529,2024-11-29,Delivered,UPI,Karawal Nagar,Chhattisgarh
772,796,2025-04-05,Delivered,UPI,Ghaziabad,Uttarakhand
773,34,2026-10-03,Processing,Debit Card,Noida,Odisha
774,53,2026-03-25,Delivered,UPI,Ramagundam,Arunachal Pradesh
775,383,2024-12-10,Delivered,Net Banking,Guna,Tamil Nadu
776,512,2026-04-12,Delivered,UPI,Alappuzha,Keralam
777,475,2026-09-16,Delivered,Debit Card,Kishanganj,Meghalaya
778,427,2024-12-18,Delivered,Credit Card,Bhilwara,Telangana
779,256,2025-08-06,Delivered,UPI,Bulandshahr,Telangana
780,60,2025-09-15,Delivered,Credit Card,Mango,Bihar
781,32,2025-01-12,Shipped,Debit Card,Silchar,Karnataka
782,99,2025-03-03,Processing,Credit Card,Meerut,Haryana
783,691,2025-02-12,Processing,Credit Card,Shivpuri,Uttar Pradesh
784,786,2025-02-20,Delivered,Credit Card,Sonipat,Sikkim
785,436,2025-07-30,Delivered,Credit Card,Aizawl,Odisha
786,78,2025-09-12,Delivered,Debit Card,Alappuzha,Arunachal Pradesh
787,416,2025-03-31,Delivered,COD,Chapra,Tamil Nadu
788,986,2025-05-07,Cancelled,Debit Card,Jorhat,Meghalaya
789,250,2025-02-25,Cancelled,Debit Card,Bhubaneswar,Haryana
790,492,2026-05-12,Delivered,Net Banking,Bikaner,Madhya Pradesh
791,538,2025-03-12,Delivered,Debit Card,Jaipur,Madhya Pradesh
792,330,2026-08-02,Delivered,COD,Mysore,Himachal Pradesh
793,439,2025-11-05,Delivered,Debit Card,Nagercoil,Uttar Pradesh
794,472,2026-05-17,Cancelled,Credit Card,Dhanbad,Uttar Pradesh
795,474,2026-01-16,Delivered,Debit Card,Mirzapur,Arunachal Pradesh
796,718,2025-04-20,Delivered,Net Banking,Sangli-Miraj & Kupwad,Uttarakhand
797,581,2025-12-21,Delivered,Credit Card,Berhampur,Keralam
798,54,2025-04-26,Delivered,Credit Card,Nanded,Tamil Nadu
799,7,2025-01-03,Delivered,Debit Card,Bathinda,Sikkim
800,411,2025-04-12,Processing,COD,Thrissur,Mizoram
801,908,2025-04-27,Delivered,Credit Card,Ahmedabad,Rajasthan
802,37,2025-01-15,Delivered,Debit Card,Jaipur,Punjab
803,72,2024-10-25,Delivered,Net Banking,Orai,Telangana
804,680,2026-08-28,Delivered,Net Banking,Shivpuri,Keralam
805,451,2025-10-18,Delivered,UPI,Sangli-Miraj & Kupwad,Rajasthan
806,231,2025-07-28,Delivered,Credit Card,Barasat,West Bengal
807,208,2026-08-18,Delivered,COD,Berhampur,Uttarakhand
808,666,2025-03-21,Delivered,COD,Visakhapatnam,Chhattisgarh
809,524,2025-07-29,Shipped,Net Banking,Amravati,Maharashtra
810,639,2026-06-18,Delivered,UPI,Rewa,Manipur
811,281,2026-01-12,Cancelled,Debit Card,Gopalpur,Nagaland
812,527,2025-07-26,Delivered,UPI,Solapur,Odisha
813,861,2025-04-13,Delivered,Credit Card,Dibrugarh,Telangana
814,317,2024-11-03,Delivered,COD,Jaipur,Manipur
815,397,2024-12-09,Delivered,Credit Card,Hosur,Punjab
816,164,2025-02-03,Delivered,UPI,Bareilly,Uttar Pradesh
817,639,2026-05-05,Delivered,Net Banking,Jammu,Assam
818,33,2026-01-18,Shipped,Net Banking,North Dumdum,Nagaland
819,249,2025-08-20,Delivered,Net Banking,Anand,Karnataka
820,714,2026-05-03,Delivered,COD,Barasat,Uttar Pradesh
821,20,2025-02-02,Cancelled,Net Banking,Berhampore,Meghalaya
822,990,2025-03-11,Delivered,Net Banking,Salem,Mizoram
823,405,2025-07-22,Cancelled,COD,Gangtok,Sikkim
824,399,2026-08-09,Shipped,Credit Card,Gandhinagar,Gujarat
825,537,2025-12-30,Shipped,Debit Card,Haldia,Meghalaya
826,640,2026-06-21,Shipped,Debit Card,Korba,Sikkim
827,460,2025-04-07,Delivered,Net Banking,Kishanganj,Sikkim
828,885,2026-06-19,Delivered,Debit Card,Karawal Nagar,Gujarat
829,963,2024-11-30,Shipped,Debit Card,Deoghar,Telangana
830,201,2025-03-23,Shipped,UPI,Eluru,Chhattisgarh
831,707,2025-10-25,Delivered,Net Banking,Mehsana,Haryana
832,301,2024-11-14,Delivered,UPI,Serampore,Telangana
833,996,2026-06-27,Delivered,Debit Card,Bidhannagar,Nagaland
834,254,2026-07-03,Delivered,Debit Card,Gangtok,Meghalaya
835,296,2025-11-07,Delivered,Net Banking,Sikar,Meghalaya
836,715,2025-05-19,Shipped,Debit Card,Amroha,West Bengal
837,790,2024-12-19,Shipped,UPI,Morena,Gujarat
838,129,2026-01-03,Delivered,Debit Card,Bijapur,Himachal Pradesh
839,556,2025-11-04,Delivered,Credit Card,Asansol,Maharashtra
840,346,2026-04-16,Delivered,Credit Card,Bareilly,Telangana
841,612,2025-12-22,Delivered,Credit Card,Dhule,Meghalaya
842,557,2025-01-10,Delivered,UPI,Guntakal,Rajasthan
843,986,2025-01-05,Delivered,COD,Gwalior,Tamil Nadu
844,934,2026-05-01,Delivered,Credit Card,Sambhal,Tripura
845,654,2025-02-01,Delivered,Debit Card,Nagaon,Madhya Pradesh
846,680,2026-08-24,Delivered,COD,Allahabad,Madhya Pradesh
847,899,2024-12-24,Delivered,Credit Card,Nizamabad,Assam
848,184,2026-03-24,Delivered,COD,Bijapur,Assam
849,726,2026-09-20,Delivered,Debit Card,Saharanpur,Maharashtra
850,773,2025-08-26,Delivered,COD,Pondicherry,Rajasthan
851,128,2024-11-18,Delivered,Debit Card,Kolkata,Telangana
852,882,2026-07-10,Delivered,UPI,Bhagalpur,Keralam
853,700,2025-02-22,Delivered,COD,Bongaigaon,Meghalaya
854,348,2025-10-28,Cancelled,COD,Satara,Tamil Nadu
855,485,2026-09-27,Delivered,COD,Pondicherry,Himachal Pradesh
856,490,2026-04-05,Delivered,UPI,Karawal Nagar,Chhattisgarh
857,919,2024-11-11,Delivered,COD,Vasai-Virar,Uttar Pradesh
858,970,2026-05-30,Shipped,Credit Card,Solapur,Meghalaya
859,807,2025-02-03,Processing,COD,Warangal,Chhattisgarh
860,653,2026-04-08,Delivered,COD,Nanded,Haryana
861,105,2026-01-04,Delivered,UPI,Rourkela,Jharkhand
862,915,2025-05-06,Delivered,Credit Card,Bahraich,Goa
863,134,2025-08-13,Delivered,Credit Card,Agra,Madhya Pradesh
864,167,2025-01-02,Delivered,Credit Card,Shimla,Tamil Nadu
865,70,2026-09-28,Delivered,Debit Card,Loni,Rajasthan
866,948,2025-03-31,Cancelled,Debit Card,Kolhapur,Uttar Pradesh
867,494,2025-05-21,Processing,Net Banking,Silchar,Telangana
868,236,2025-10-10,Delivered,Net Banking,Sagar,Himachal Pradesh
869,81,2026-02-11,Cancelled,Credit Card,Raebareli,Arunachal Pradesh
870,412,2025-10-12,Delivered,UPI,Gopalpur,Chhattisgarh
871,724,2025-10-12,Delivered,Net Banking,Srikakulam,Tamil Nadu
872,995,2025-12-07,Processing,UPI,Phusro,Jharkhand
873,553,2026-06-26,Delivered,UPI,Ajmer,Rajasthan
874,608,2025-07-23,Delivered,Net Banking,Nagaon,Madhya Pradesh
875,836,2026-06-07,Delivered,Credit Card,Srikakulam,Uttar Pradesh
876,902,2026-05-05,Delivered,UPI,Kadapa,Manipur
877,280,2026-09-10,Delivered,Credit Card,Chittoor,Uttar Pradesh
878,992,2026-08-06,Delivered,Debit Card,Bhagalpur,Haryana
879,520,2026-05-14,Delivered,COD,Bhavnagar,Sikkim
880,931,2025-04-06,Delivered,COD,Loni,Manipur
881,118,2026-04-26,Delivered,Net Banking,Hyderabad,Goa
882,98,2026-03-30,Delivered,COD,Erode,Gujarat
883,885,2025-05-07,Delivered,Debit Card,Jalgaon,Himachal Pradesh
884,673,2026-02-15,Delivered,Debit Card,Jabalpur,Chhattisgarh
885,176,2025-04-11,Delivered,COD,Bijapur,Uttarakhand
886,895,2025-10-25,Shipped,Credit Card,Kollam,Goa
887,103,2026-05-13,Delivered,COD,Siwan,Mizoram
888,683,2025-02-23,Processing,COD,Bathinda,Meghalaya
889,206,2025-06-11,Shipped,Credit Card,Ghaziabad,Meghalaya
890,71,2026-05-12,Delivered,Net Banking,Hindupur,Nagaland
891,807,2025-09-04,Shipped,Net Banking,Jabalpur,Uttar Pradesh
892,848,2026-09-09,Shipped,Net Banking,Karaikudi,West Bengal
893,106,2024-10-14,Delivered,Credit Card,Hapur,Tripura
894,94,2026-03-19,Delivered,COD,Nellore,Madhya Pradesh
895,615,2026-05-25,Shipped,Debit Card,Anantapuram,Rajasthan
896,29,2026-08-09,Cancelled,UPI,Bhimavaram,Goa
897,747,2025-01-30,Delivered,UPI,Arrah,Tripura
898,916,2026-09-26,Shipped,Net Banking,Rohtak,Goa
899,752,2025-07-21,Shipped,Debit Card,Solapur,Bihar
900,231,2025-06-22,Processing,UPI,Kota,Telangana
901,191,2025-06-25,Cancelled,Debit Card,Parbhani,Sikkim
902,681,2026-01-17,Delivered,Debit Card,Firozabad,Bihar
903,62,2026-02-01,Delivered,UPI,Cuttack,West Bengal
904,538,2025-09-19,Delivered,Credit Card,Bathinda,Bihar
905,449,2024-11-29,Delivered,Debit Card,Tadepalligudem,Arunachal Pradesh
906,745,2026-09-28,Delivered,Net Banking,Bhagalpur,Uttarakhand
907,203,2025-03-19,Shipped,Net Banking,Delhi,Gujarat
908,763,2024-12-15,Processing,UPI,Thrissur,Gujarat
909,700,2025-12-18,Delivered,Net Banking,Srikakulam,Tamil Nadu
910,239,2025-08-05,Delivered,COD,Asansol,Nagaland
911,357,2025-12-31,Delivered,UPI,Fatehpur,Manipur
912,67,2026-07-09,Delivered,COD,North Dumdum,West Bengal
913,450,2024-12-18,Delivered,UPI,Faridabad,Assam
914,261,2025-05-03,Delivered,Net Banking,Sasaram,Uttar Pradesh
915,114,2025-10-20,Delivered,Credit Card,Khandwa,Haryana
916,560,2026-05-06,Shipped,Net Banking,Khammam,Nagaland
917,568,2025-12-20,Delivered,COD,Orai,Jharkhand
918,86,2025-07-14,Delivered,COD,New Delhi,Himachal Pradesh
919,186,2025-12-27,Delivered,COD,Burhanpur,Himachal Pradesh
920,83,2026-09-23,Delivered,COD,Bhalswa Jahangir Pur,Meghalaya
921,679,2025-09-23,Cancelled,Credit Card,Bijapur,Tripura
922,339,2026-07-15,Processing,Debit Card,Bettiah,Bihar
923,72,2026-04-30,Delivered,Net Banking,Mahbubnagar,Odisha
924,192,2025-05-16,Delivered,UPI,Rourkela,Tripura
925,976,2025-04-08,Delivered,Debit Card,Asansol,Rajasthan
926,256,2026-04-23,Delivered,Debit Card,Karaikudi,West Bengal
927,685,2025-03-08,Delivered,COD,Unnao,Andhra Pradesh
928,469,2025-06-11,Delivered,UPI,Jamshedpur,Karnataka
929,182,2025-03-29,Delivered,UPI,Karnal,Keralam
930,308,2025-12-25,Delivered,UPI,Nagpur,Manipur
931,15,2025-05-11,Delivered,Debit Card,Kirari Suleman Nagar,Himachal Pradesh
932,747,2026-02-01,Delivered,Debit Card,Khandwa,Haryana
933,335,2026-08-21,Delivered,Debit Card,Tadepalligudem,Telangana
934,500,2026-06-06,Delivered,Credit Card,Eluru,Gujarat
935,153,2026-08-31,Delivered,Credit Card,Mangalore,Uttarakhand
936,825,2024-10-26,Delivered,Debit Card,Thiruvananthapuram,Arunachal Pradesh
937,219,2025-09-05,Delivered,UPI,Karimnagar,Keralam
938,567,2025-03-18,Shipped,Net Banking,Kolkata,Nagaland
939,873,2026-08-09,Cancelled,UPI,Ozhukarai,West Bengal
940,714,2026-03-12,Delivered,Net Banking,Arrah,Sikkim
941,604,2025-05-30,Processing,Debit Card,Ambala,Andhra Pradesh
942,889,2025-11-23,Delivered,COD,Medininagar,Rajasthan
943,177,2025-12-24,Delivered,Net Banking,Visakhapatnam,Jharkhand
944,964,2025-10-05,Delivered,Debit Card,Nangloi Jat,Tripura
945,557,2025-09-19,Delivered,Net Banking,Varanasi,Sikkim
946,410,2024-11-17,Delivered,UPI,Panipat,Goa
947,256,2025-09-03,Cancelled,UPI,Aurangabad,Karnataka
948,745,2025-06-19,Delivered,Debit Card,Chittoor,Tamil Nadu
949,977,2026-05-28,Delivered,COD,Pallavaram,Uttar Pradesh
950,691,2026-07-02,Delivered,COD,Bhalswa Jahangir Pur,Mizoram
951,33,2026-04-09,Delivered,Credit Card,Agra,Gujarat
952,470,2024-10-31,Delivered,Credit Card,Bhopal,Karnataka
953,733,2026-06-14,Delivered,COD,Belgaum,Tamil Nadu
954,398,2025-07-24,Delivered,Debit Card,Gwalior,Mizoram
955,773,2025-08-08,Shipped,UPI,Jamshedpur,Goa
956,708,2026-08-29,Delivered,Credit Card,Raiganj,Haryana
957,68,2026-07-03,Delivered,COD,Satara,Goa
958,558,2024-11-14,Shipped,COD,Tinsukia,Maharashtra
959,172,2025-06-28,Delivered,COD,Jammu,Madhya Pradesh
960,487,2026-04-08,Delivered,UPI,Thoothukudi,Meghalaya
961,385,2025-11-05,Delivered,COD,Gulbarga,Uttarakhand
962,807,2025-04-14,Delivered,UPI,Hazaribagh,Odisha
963,869,2025-10-26,Delivered,COD,Sambhal,Mizoram
964,462,2026-07-03,Delivered,COD,Ghaziabad,Karnataka
965,537,2025-03-20,Delivered,Credit Card,Nellore,Nagaland
966,627,2026-04-06,Delivered,UPI,Shimoga,Uttarakhand
967,656,2026-03-28,Delivered,Net Banking,Malegaon,Andhra Pradesh
968,636,2026-07-17,Delivered,UPI,Varanasi,Jharkhand
969,784,2025-05-13,Delivered,Debit Card,Narasaraopet,Arunachal Pradesh
970,982,2025-03-15,Delivered,Credit Card,Dibrugarh,Goa
971,829,2025-11-12,Delivered,Debit Card,Malegaon,Arunachal Pradesh
972,135,2025-10-31,Delivered,COD,Bijapur,Mizoram
973,477,2025-08-03,Cancelled,COD,Kishanganj,Tamil Nadu
974,462,2026-04-30,Delivered,Debit Card,Kochi,Uttarakhand
975,509,2026-05-14,Delivered,Credit Card,Kirari Suleman Nagar,Gujarat
976,529,2025-04-05,Delivered,COD,Buxar,Punjab
977,719,2026-05-12,Delivered,Debit Card,Hubli–Dharwad,Jharkhand
978,422,2025-03-25,Delivered,UPI,Mysore,Himachal Pradesh
979,264,2025-08-02,Shipped,COD,Chandigarh,Nagaland
980,458,2024-10-28,Delivered,COD,Ratlam,Punjab
981,855,2025-06-13,Delivered,Credit Card,Gulbarga,Mizoram
982,312,2026-09-08,Delivered,UPI,Bellary,Assam
983,21,2025-08-27,Processing,UPI,Jaunpur,Keralam
984,977,2026-03-10,Delivered,Debit Card,Shahjahanpur,Haryana
985,196,2024-12-26,Delivered,Credit Card,Jhansi,Andhra Pradesh
986,603,2026-01-15,Delivered,Net Banking,Tirupati,Arunachal Pradesh
987,801,2025-07-06,Shipped,Net Banking,Nadiad,Madhya Pradesh
988,275,2026-04-04,Delivered,UPI,Mangalore,Assam
989,341,2026-08-16,Cancelled,COD,Kolhapur,Rajasthan
990,281,2025-10-31,Processing,UPI,Haridwar,Arunachal Pradesh
991,150,2024-12-22,Delivered,UPI,Maheshtala,Gujarat
992,153,2025-09-21,Shipped,Net Banking,Kollam,West Bengal
993,187,2025-01-06,Delivered,Net Banking,Sagar,Punjab
994,459,2025-09-01,Delivered,COD,Gandhidham,Meghalaya
995,531,2024-11-22,Delivered,Debit Card,Tiruchirappalli,Andhra Pradesh
996,16,2026-01-19,Processing,Debit Card,Raichur,Arunachal Pradesh
997,847,2025-05-23,Delivered,Net Banking,Karnal,Uttar Pradesh
998,676,2025-03-04,Delivered,Net Banking,Tirunelveli,Tamil Nadu
999,71,2024-10-21,Delivered,Net Banking,Bhimavaram,Uttarakhand
1000,843,2026-07-18,Delivered,Credit Card,Bhatpara,Tamil Nadu
1001,31,2026-06-11,Processing,COD,Raebareli,Andhra Pradesh
1002,561,2026-05-24,Delivered,Credit Card,Tumkur,Tamil Nadu
1003,466,2024-11-19,Delivered,Credit Card,Tiruvottiyur,Madhya Pradesh
1004,503,2025-06-20,Processing,Credit Card,Mysore,Punjab
1005,957,2026-09-17,Shipped,Credit Card,Rampur,Keralam
1006,928,2025-12-04,Delivered,Credit Card,Bhind,Rajasthan
1007,280,2025-01-10,Delivered,Debit Card,Patna,Telangana
1008,580,2025-01-19,Delivered,Net Banking,Hazaribagh,West Bengal
1009,960,2025-04-18,Delivered,Debit Card,Fatehpur,Meghalaya
1010,729,2026-09-18,Delivered,COD,Bhind,Haryana
1011,888,2025-02-09,Delivered,Debit Card,Serampore,Nagaland
1012,435,2026-07-29,Processing,Debit Card,Giridih,Maharashtra
1013,284,2026-02-15,Delivered,UPI,North Dumdum,Goa
1014,511,2026-08-12,Processing,COD,Secunderabad,Rajasthan
1015,817,2026-06-03,Processing,UPI,Kozhikode,Assam
1016,929,2025-06-07,Delivered,UPI,Fatehpur,Keralam
1017,686,2026-06-04,Delivered,COD,Naihati,Punjab
1018,707,2025-02-08,Delivered,Debit Card,Gaya,Uttar Pradesh
1019,512,2025-05-08,Shipped,UPI,Farrukhabad,Nagaland
1020,320,2025-03-12,Delivered,Debit Card,Bhind,West Bengal
1021,423,2025-01-13,Delivered,Debit Card,Lucknow,Telangana
1022,498,2024-12-13,Delivered,UPI,Tadepalligudem,Gujarat
1023,816,2025-02-22,Shipped,Net Banking,Guntakal,Telangana
1024,556,2025-01-04,Delivered,Net Banking,Silchar,Jharkhand
1025,794,2025-07-13,Delivered,UPI,Latur,Nagaland
1026,28,2024-11-29,Delivered,Net Banking,Dindigul,Goa
1027,757,2024-11-22,Delivered,Credit Card,Karawal Nagar,Meghalaya
1028,508,2026-10-01,Processing,Net Banking,Dewas,Punjab
1029,999,2024-12-11,Processing,Credit Card,Muzaffarpur,Uttar Pradesh
1030,472,2024-12-01,Shipped,Credit Card,Bidar,Uttarakhand
1031,479,2024-10-30,Delivered,Debit Card,Agartala,Tamil Nadu
1032,128,2025-01-13,Delivered,Debit Card,Guntakal,Meghalaya
1033,807,2025-10-28,Delivered,Credit Card,Ujjain,Tripura
1034,702,2026-06-04,Delivered,COD,Dewas,Assam
1035,863,2026-03-28,Delivered,Net Banking,Tezpur,West Bengal
1036,93,2025-12-06,Shipped,Debit Card,Bikaner,Goa
1037,212,2024-12-09,Delivered,Credit Card,Meerut,Keralam
1038,877,2026-04-26,Delivered,Debit Card,Tirupati,Uttar Pradesh
1039,43,2024-11-04,Cancelled,UPI,Sri Ganganagar,Rajasthan
1040,509,2026-01-12,Delivered,COD,Tenali,Telangana
1041,405,2025-08-03,Delivered,UPI,Jaunpur,Punjab
1042,940,2026-07-14,Processing,Net Banking,Siliguri,Mizoram
1043,857,2025-05-20,Delivered,Credit Card,Malegaon,Chhattisgarh
1044,897,2026-01-17,Delivered,Net Banking,Aizawl,West Bengal
1045,290,2025-08-25,Delivered,Credit Card,Udaipur,Nagaland
1046,588,2025-10-24,Processing,UPI,Kurnool,Odisha
1047,701,2026-08-24,Delivered,COD,Mysore,Keralam
1048,968,2026-03-12,Delivered,Net Banking,Jamnagar,Uttarakhand
1049,8,2025-08-07,Delivered,UPI,Kolkata,Madhya Pradesh
1050,978,2025-08-31,Delivered,UPI,Kozhikode,Goa
1051,356,2026-03-06,Shipped,Debit Card,Salem,Goa
1052,129,2025-06-18,Delivered,COD,Jamalpur,Punjab
1053,616,2025-02-08,Delivered,Debit Card,Rajpur Sonarpur,Rajasthan
1054,782,2025-09-14,Delivered,UPI,Gandhinagar,Goa
1055,130,2024-11-27,Delivered,Net Banking,Latur,Punjab
1056,41,2025-02-09,Delivered,Debit Card,Munger,West Bengal
1057,897,2025-08-11,Delivered,Net Banking,Ratlam,Manipur
1058,934,2026-05-12,Delivered,Credit Card,Silchar,West Bengal
1059,157,2026-05-01,Delivered,UPI,Ichalkaranji,Chhattisgarh
1060,905,2025-04-16,Processing,UPI,Kavali,Keralam
1061,910,2025-08-12,Cancelled,Net Banking,Deoghar,Meghalaya
1062,998,2025-01-28,Delivered,Net Banking,Sri Ganganagar,Karnataka
1063,217,2026-04-12,Delivered,Credit Card,Dharmavaram,Assam
1064,579,2025-04-06,Delivered,UPI,Korba,Madhya Pradesh
1065,995,2026-05-15,Delivered,Net Banking,Noida,Jharkhand
1066,903,2026-06-15,Delivered,UPI,Mirzapur,Goa
1067,605,2026-02-23,Processing,UPI,Orai,Karnataka
1068,198,2025-06-06,Shipped,Debit Card,Phagwara,Keralam
1069,85,2026-09-04,Delivered,Net Banking,Solapur,Tripura
1070,260,2026-02-21,Cancelled,COD,Durgapur,Maharashtra
1071,66,2026-01-22,Delivered,Net Banking,Maheshtala,Keralam
1072,196,2026-06-25,Delivered,COD,Rajpur Sonarpur,Karnataka
1073,75,2026-07-13,Delivered,Net Banking,Raebareli,Mizoram
1074,763,2024-12-04,Delivered,COD,Sonipat,Haryana
1075,590,2026-07-14,Processing,UPI,Bokaro,Tripura
1076,518,2026-04-19,Delivered,UPI,Saharanpur,Keralam
1077,810,2025-03-08,Delivered,Net Banking,Bijapur,Keralam
1078,411,2025-05-21,Delivered,COD,Ongole,Arunachal Pradesh
1079,403,2026-04-10,Processing,Net Banking,Bhilwara,Tripura
1080,207,2025-03-15,Delivered,Credit Card,Mangalore,Maharashtra
1081,445,2025-09-03,Delivered,Debit Card,Sikar,Bihar
1082,175,2026-02-23,Delivered,UPI,Kirari Suleman Nagar,Chhattisgarh
1083,590,2026-01-26,Processing,Credit Card,Sri Ganganagar,Karnataka
1084,998,2026-08-03,Delivered,Net Banking,Machilipatnam,Sikkim
1085,534,2024-12-28,Delivered,UPI,Nanded,Assam
1086,300,2025-05-11,Processing,Debit Card,Warangal,Bihar
1087,689,2026-09-27,Delivered,Credit Card,Malda,Meghalaya
1088,821,2025-11-27,Delivered,Debit Card,Shivpuri,Maharashtra
1089,472,2025-04-08,Delivered,Net Banking,Bhusawal,Uttarakhand
1090,251,2025-05-08,Delivered,COD,Avadi,Sikkim
1091,714,2025-06-13,Delivered,Debit Card,Rampur,Odisha
1092,188,2025-11-17,Delivered,COD,Mahbubnagar,Jharkhand
1093,998,2025-05-04,Delivered,Net Banking,Ambala,Nagaland
1094,318,2026-01-05,Delivered,COD,Bhalswa Jahangir Pur,Mizoram
1095,351,2025-08-29,Delivered,Net Banking,Deoghar,Haryana
1096,727,2025-12-28,Cancelled,Debit Card,Gorakhpur,Karnataka
1097,13,2025-01-29,Delivered,Net Banking,Khandwa,Uttarakhand
1098,203,2026-01-06,Delivered,Credit Card,Vijayawada,Meghalaya
1099,126,2026-08-14,Delivered,Net Banking,Chennai,Maharashtra
1100,392,2025-01-15,Delivered,Net Banking,Gudivada,Tamil Nadu
1101,554,2025-06-04,Delivered,Net Banking,Davanagere,Haryana
1102,180,2026-02-26,Delivered,UPI,Raebareli,Gujarat
1103,345,2026-01-02,Delivered,Debit Card,Madhyamgram,West Bengal
1104,773,2026-02-13,Delivered,Net Banking,Thane,Tamil Nadu
1105,940,2025-11-20,Shipped,UPI,Unnao,Keralam
1106,15,2026-02-18,Processing,Net Banking,Ambarnath,Uttarakhand
1107,628,2025-12-27,Shipped,COD,Khora ,Karnataka
1108,26,2024-12-01,Delivered,Debit Card,Nizamabad,Odisha
1109,521,2026-04-09,Delivered,COD,Naihati,Andhra Pradesh
1110,880,2025-08-30,Delivered,COD,Nagpur,Punjab
1111,799,2024-11-15,Shipped,Debit Card,Mangalore,Chhattisgarh
1112,233,2025-08-03,Processing,COD,Raurkela Industrial Township,Gujarat
1113,259,2025-08-22,Processing,COD,Pune,Tamil Nadu
1114,784,2024-12-10,Delivered,UPI,Anantapur,Goa
1115,820,2026-10-05,Processing,COD,Vadodara,Maharashtra
1116,281,2025-03-19,Delivered,UPI,Raurkela Industrial Township,Uttar Pradesh
1117,4,2025-06-06,Shipped,Debit Card,Katihar,Uttarakhand
1118,445,2025-08-26,Delivered,COD,Kulti,Madhya Pradesh
1119,620,2026-06-08,Delivered,Net Banking,Guwahati,Assam
1120,444,2026-04-03,Delivered,Credit Card,Cuttack,Himachal Pradesh
1121,935,2026-04-24,Cancelled,Net Banking,Kumbakonam,Nagaland
1122,814,2025-03-30,Delivered,Credit Card,Panipat,Jharkhand
1123,788,2026-06-17,Delivered,Credit Card,Berhampore,Rajasthan
1124,21,2026-06-06,Delivered,COD,Loni,West Bengal
1125,854,2025-09-12,Delivered,UPI,Thane,Nagaland
1126,756,2025-11-10,Cancelled,COD,Khammam,Nagaland
1127,397,2024-11-04,Delivered,Debit Card,Agra,Manipur
1128,590,2026-04-16,Delivered,UPI,Narasaraopet,Goa
1129,825,2026-09-09,Shipped,Net Banking,Eluru,Mizoram
1130,907,2025-09-18,Delivered,UPI,Naihati,Uttarakhand
1131,551,2025-11-07,Delivered,Credit Card,Bhusawal,Punjab
1132,42,2025-10-07,Delivered,Credit Card,Lucknow,Sikkim
1133,619,2024-12-07,Delivered,Net Banking,Bardhaman,Tripura
1134,681,2026-01-03,Delivered,Credit Card,Bhiwani,Karnataka
1135,59,2026-03-19,Delivered,Net Banking,Nellore,Jharkhand
1136,818,2026-08-16,Delivered,UPI,Avadi,West Bengal
1137,202,2026-08-18,Shipped,Net Banking,Dhanbad,Madhya Pradesh
1138,891,2025-10-02,Processing,Net Banking,Chapra,Rajasthan
1139,551,2026-09-08,Processing,Credit Card,Thrissur,Nagaland
1140,323,2025-10-29,Delivered,COD,Panipat,Bihar
1141,59,2026-01-20,Delivered,Debit Card,Bally,Himachal Pradesh
1142,18,2025-12-21,Cancelled,Net Banking,Mahbubnagar,Jharkhand
1143,742,2026-10-07,Shipped,UPI,Bokaro,Goa
1144,378,2026-03-30,Delivered,COD,Darbhanga,Sikkim
1145,841,2025-01-04,Delivered,Credit Card,Vellore,West Bengal
1146,231,2024-11-29,Delivered,Net Banking,Surat,West Bengal
1147,921,2025-08-03,Delivered,UPI,Bikaner,Goa
1148,942,2025-10-19,Delivered,UPI,Shimoga,Madhya Pradesh
1149,102,2026-02-08,Delivered,UPI,Khora ,Gujarat
1150,647,2025-09-25,Cancelled,COD,Jalandhar,Arunachal Pradesh
1151,940,2025-10-19,Delivered,Credit Card,Kamarhati,Nagaland
1152,324,2026-08-12,Delivered,COD,Anantapur,Tripura
1153,68,2025-06-09,Delivered,Debit Card,Rajkot,Assam
1154,876,2025-10-03,Shipped,UPI,Narasaraopet,Nagaland
1155,475,2025-11-19,Shipped,Debit Card,Giridih,Andhra Pradesh
1156,28,2025-09-15,Delivered,Debit Card,Hindupur,Telangana
1157,841,2026-09-15,Delivered,Credit Card,Hosur,Arunachal Pradesh
1158,679,2026-09-10,Delivered,Net Banking,Fatehpur,Madhya Pradesh
1159,71,2025-10-18,Shipped,COD,Tiruvottiyur,Bihar
1160,259,2025-09-02,Delivered,COD,Imphal,Keralam
1161,19,2025-12-12,Processing,Debit Card,Raiganj,Madhya Pradesh
1162,955,2025-02-17,Delivered,COD,Surendranagar Dudhrej,Meghalaya
1163,25,2025-08-15,Delivered,COD,Bhagalpur,Telangana
1164,796,2025-03-15,Delivered,UPI,Pali,West Bengal
1165,512,2025-01-21,Delivered,Net Banking,Sambhal,Jharkhand
1166,583,2024-12-16,Delivered,Net Banking,Aurangabad,Uttar Pradesh
1167,812,2025-12-11,Delivered,UPI,Morbi,Keralam
1168,895,2024-10-08,Shipped,Net Banking,Gwalior,Bihar
1169,128,2026-01-23,Delivered,COD,Bettiah,Mizoram
1170,18,2025-08-19,Cancelled,Credit Card,Avadi,Rajasthan
1171,125,2025-07-03,Delivered,COD,Satna,Himachal Pradesh
1172,683,2026-04-23,Delivered,COD,Bhind,Mizoram
1173,569,2025-11-05,Processing,Net Banking,Bhatpara,Madhya Pradesh
1174,84,2026-03-27,Shipped,Net Banking,Nagercoil,Chhattisgarh
1175,235,2026-03-10,Delivered,Debit Card,Vijayanagaram,Karnataka
1176,538,2024-10-31,Delivered,Debit Card,Anantapuram,Keralam
1177,731,2025-03-14,Delivered,Debit Card,Noida,Jharkhand
1178,344,2025-11-28,Delivered,Debit Card,Siwan,Uttar Pradesh
1179,950,2026-09-20,Delivered,Debit Card,Burhanpur,Karnataka
1180,993,2025-01-29,Delivered,COD,Jalandhar,Nagaland
1181,767,2024-12-24,Delivered,Net Banking,Bellary,Andhra Pradesh
1182,455,2026-08-26,Delivered,Credit Card,Bhubaneswar,Himachal Pradesh
1183,878,2026-09-14,Processing,Debit Card,Mangalore,Tripura
1184,728,2025-02-07,Processing,Credit Card,Rewa,Tripura
1185,520,2025-07-28,Shipped,UPI,Nagercoil,West Bengal
1186,444,2026-01-08,Delivered,Credit Card,Gurgaon,Arunachal Pradesh
1187,833,2025-02-28,Delivered,UPI,Imphal,Tripura
1188,558,2025-06-03,Delivered,COD,Aligarh,Haryana
1189,183,2025-07-24,Delivered,UPI,Ambala,Andhra Pradesh
1190,1000,2026-01-19,Delivered,Credit Card,Kamarhati,Assam
1191,69,2025-05-21,Delivered,Credit Card,Shimla,Sikkim
1192,696,2025-08-05,Delivered,Credit Card,Baranagar,Mizoram
1193,656,2025-05-07,Delivered,Credit Card,Sangli-Miraj & Kupwad,Mizoram
1194,587,2026-04-16,Delivered,Net Banking,Silchar,Tripura
1195,52,2025-01-28,Delivered,COD,Delhi,Assam
1196,493,2025-03-25,Delivered,UPI,Madhyamgram,Assam
1197,893,2025-04-08,Delivered,Credit Card,Navi Mumbai,Uttarakhand
1198,240,2026-07-31,Cancelled,Debit Card,Amaravati,Mizoram
1199,692,2026-08-28,Delivered,Credit Card,Gurgaon,Sikkim
1200,859,2025-10-08,Shipped,Net Banking,Maheshtala,Manipur
1201,953,2025-01-30,Shipped,Credit Card,Tadipatri,Chhattisgarh
1202,517,2026-04-13,Delivered,Debit Card,Durgapur,Manipur
1203,314,2025-10-02,Delivered,Debit Card,Khora ,Uttarakhand
1204,700,2026-06-20,Delivered,Credit Card,Lucknow,Bihar
1205,487,2025-06-28,Delivered,Net Banking,Phagwara,Bihar
1206,628,2026-10-07,Delivered,Net Banking,Rourkela,Jharkhand
1207,742,2026-05-20,Processing,Debit Card,Mysore,Madhya Pradesh
1208,711,2025-03-20,Cancelled,Debit Card,Lucknow,Nagaland
1209,243,2026-03-22,Delivered,COD,Suryapet,Chhattisgarh
1210,756,2025-05-05,Delivered,COD,Nanded,Uttarakhand
1211,542,2025-06-20,Delivered,COD,Arrah,Chhattisgarh
1212,931,2025-04-09,Shipped,UPI,Akola,Goa
1213,660,2026-02-18,Delivered,COD,Kollam,West Bengal
1214,892,2025-04-18,Delivered,COD,Mira-Bhayandar,Karnataka
1215,979,2026-01-17,Shipped,COD,Amritsar,Mizoram
1216,995,2025-12-07,Delivered,Net Banking,Tiruppur,Madhya Pradesh
1217,745,2026-04-09,Delivered,Credit Card,Jaunpur,Haryana
1218,598,2026-10-03,Delivered,Net Banking,Madanapalle,Manipur
1219,119,2024-10-14,Delivered,Debit Card,New Delhi,Sikkim
1220,387,2026-10-01,Delivered,COD,Surendranagar Dudhrej,Andhra Pradesh
1221,476,2024-12-27,Delivered,Credit Card,Mahbubnagar,Tripura
1222,781,2025-10-28,Delivered,Net Banking,Kozhikode,Goa
1223,589,2025-06-14,Processing,Net Banking,Surendranagar Dudhrej,Uttar Pradesh
1224,440,2026-01-17,Delivered,COD,Chennai,Uttarakhand
1225,147,2026-03-19,Processing,UPI,Vellore,Uttarakhand
1226,716,2026-06-28,Delivered,COD,Kharagpur,Odisha
1227,432,2025-07-28,Shipped,Credit Card,Erode,Uttar Pradesh
1228,37,2026-08-20,Delivered,COD,Siwan,Tripura
1229,285,2025-05-31,Shipped,UPI,Medininagar,Nagaland
1230,880,2025-03-06,Delivered,Credit Card,Bahraich,Tripura
1231,119,2025-07-12,Delivered,Net Banking,Allahabad,Jharkhand
1232,407,2025-10-29,Delivered,Debit Card,Sikar,Telangana
1233,513,2026-02-08,Delivered,Net Banking,Bharatpur,Uttar Pradesh
1234,84,2026-06-08,Cancelled,Debit Card,Sasaram,Nagaland
1235,166,2025-03-21,Cancelled,UPI,Haldia,Bihar
1236,941,2025-05-17,Shipped,Net Banking,Vasai-Virar,Goa
1237,591,2026-08-24,Delivered,Debit Card,Firozabad,Chhattisgarh
1238,211,2025-08-25,Processing,Debit Card,Gulbarga,Manipur
1239,170,2025-04-02,Shipped,Credit Card,Haridwar,Madhya Pradesh
1240,426,2026-09-27,Delivered,COD,Ajmer,Telangana
1241,724,2025-09-01,Delivered,Net Banking,Karawal Nagar,Haryana
1242,731,2026-09-27,Delivered,UPI,Bilaspur,Chhattisgarh
1243,196,2026-08-10,Delivered,UPI,Ozhukarai,Nagaland
1244,726,2026-07-31,Delivered,UPI,Berhampore,Bihar
1245,897,2025-12-07,Shipped,UPI,Sambalpur,Uttar Pradesh
1246,227,2026-05-14,Delivered,Net Banking,Tiruvottiyur,Assam
1247,27,2026-09-09,Delivered,Net Banking,Raiganj,Maharashtra
1248,959,2025-04-22,Delivered,Debit Card,Hospet,Uttarakhand
1249,522,2024-11-05,Shipped,Debit Card,Tezpur,Meghalaya
1250,777,2025-05-30,Cancelled,COD,Hindupur,Tamil Nadu
1251,321,2026-01-16,Processing,COD,Kolhapur,Keralam
1252,300,2025-11-12,Delivered,Debit Card,Nagaon,Sikkim
1253,226,2024-12-06,Delivered,Debit Card,Indore,Punjab
1254,218,2025-11-21,Delivered,Debit Card,Uluberia,Manipur
1255,472,2025-02-12,Delivered,COD,Jalna,Assam
1256,106,2025-10-12,Delivered,Net Banking,Kozhikode,West Bengal
1257,843,2025-12-02,Delivered,Credit Card,Fatehpur,Arunachal Pradesh
1258,512,2026-01-16,Delivered,COD,Durg,Jharkhand
1259,916,2025-08-05,Delivered,Credit Card,Warangal,Nagaland
1260,503,2025-08-02,Processing,Net Banking,Narasaraopet,Sikkim
1261,304,2026-02-15,Delivered,COD,Yamunanagar,Manipur
1262,515,2026-04-08,Delivered,COD,Ambattur,Keralam
1263,155,2026-05-21,Delivered,UPI,Rajpur Sonarpur,Keralam
1264,825,2025-06-08,Delivered,Credit Card,Siliguri,West Bengal
1265,721,2025-08-14,Delivered,Net Banking,Rampur,Jharkhand
1266,148,2025-06-06,Delivered,UPI,Danapur,Telangana
1267,582,2025-10-28,Delivered,UPI,Morena,Arunachal Pradesh
1268,538,2025-01-09,Delivered,Credit Card,Hapur,Odisha
1269,202,2025-08-18,Delivered,Debit Card,Dharmavaram,Punjab
1270,123,2025-02-23,Shipped,UPI,Nagaon,Odisha
1271,761,2025-11-01,Shipped,UPI,Burhanpur,Keralam
1272,265,2026-06-21,Delivered,Credit Card,Gulbarga,Punjab
1273,519,2026-09-27,Delivered,Debit Card,Akola,Madhya Pradesh
1274,248,2025-08-30,Delivered,Debit Card,Nadiad,Mizoram
1275,654,2024-11-18,Delivered,Net Banking,Amritsar,Uttar Pradesh
1276,49,2025-03-23,Delivered,COD,Kamarhati,Odisha
1277,360,2024-12-24,Delivered,UPI,Tiruppur,Rajasthan
1278,548,2026-04-15,Delivered,Net Banking,Jalgaon,West Bengal
1279,440,2026-09-27,Cancelled,UPI,Narasaraopet,Gujarat
1280,613,2025-11-16,Delivered,Credit Card,Thiruvananthapuram,Mizoram
1281,181,2025-02-14,Shipped,Credit Card,Panchkula,Odisha
1282,442,2024-10-23,Delivered,Net Banking,Jehanabad,Punjab
1283,757,2026-09-21,Delivered,Credit Card,Loni,Bihar
1284,334,2025-05-27,Cancelled,COD,Panihati,Sikkim
1285,158,2024-12-29,Delivered,Credit Card,Patna,Goa
1286,848,2025-04-12,Delivered,COD,Navi Mumbai,Keralam
1287,779,2026-01-30,Cancelled,COD,Guna,Punjab
1288,681,2026-07-21,Delivered,Debit Card,Gopalpur,Haryana
1289,799,2025-04-27,Delivered,UPI,Pimpri-Chinchwad,Bihar
1290,779,2026-02-22,Delivered,Net Banking,Tezpur,Odisha
1291,747,2024-11-24,Delivered,Debit Card,Sambalpur,Haryana
1292,510,2024-10-15,Delivered,Credit Card,South Dumdum,Telangana
1293,20,2024-11-17,Delivered,Debit Card,Ambattur,Uttar Pradesh
1294,598,2026-08-13,Processing,Credit Card,Belgaum,Jharkhand
1295,274,2025-12-07,Delivered,Credit Card,Narasaraopet,Rajasthan
1296,774,2026-05-19,Delivered,COD,Suryapet,Gujarat
1297,469,2024-10-24,Delivered,Credit Card,Mysore,Uttarakhand
1298,906,2024-10-24,Delivered,Debit Card,Rajkot,Gujarat
1299,596,2026-06-20,Processing,Net Banking,Nagaon,Tripura
1300,551,2024-12-22,Delivered,Credit Card,Ghaziabad,Tamil Nadu
1301,920,2025-01-29,Delivered,Net Banking,Ambattur,Himachal Pradesh
1302,476,2025-10-22,Processing,COD,Bhimavaram,Telangana
1303,376,2025-12-25,Processing,COD,Madhyamgram,Nagaland
1304,372,2025-03-24,Processing,UPI,Jorhat,Odisha
1305,876,2025-08-29,Delivered,Debit Card,Imphal,Karnataka
1306,757,2026-02-13,Delivered,UPI,Thiruvananthapuram,Gujarat
1307,164,2025-08-27,Delivered,Net Banking,Bhiwandi,Punjab
1308,493,2025-07-14,Delivered,Credit Card,Gwalior,Arunachal Pradesh
1309,372,2024-11-29,Processing,COD,Davanagere,Jharkhand
1310,647,2025-09-03,Delivered,UPI,Hosur,Bihar
1311,53,2026-05-17,Delivered,COD,Khora ,Andhra Pradesh
1312,715,2026-01-09,Processing,Credit Card,Dewas,Andhra Pradesh
1313,743,2026-07-22,Cancelled,COD,Amaravati,Assam
1314,227,2025-01-08,Delivered,UPI,Gorakhpur,Uttarakhand
1315,151,2024-10-16,Cancelled,Credit Card,Jammu,Sikkim
1316,628,2025-11-12,Delivered,Credit Card,Mumbai,West Bengal
1317,258,2025-02-15,Delivered,COD,Vellore,Assam
1318,942,2025-12-16,Delivered,Net Banking,Kumbakonam,West Bengal
1319,776,2026-07-30,Cancelled,COD,Ozhukarai,Mizoram
1320,956,2025-06-11,Processing,Debit Card,Kottayam,Tamil Nadu
1321,535,2025-11-13,Delivered,Net Banking,Dewas,Tripura
1322,939,2026-02-18,Delivered,Net Banking,Katihar,Haryana
1323,14,2025-01-26,Delivered,Net Banking,Mau,Rajasthan
1324,290,2026-07-25,Delivered,COD,Kishanganj,Odisha
1325,3,2025-03-05,Processing,COD,Gandhidham,Keralam
1326,678,2026-05-21,Delivered,Debit Card,South Dumdum,Maharashtra
1327,511,2026-02-02,Shipped,Debit Card,Chennai,Goa
1328,288,2025-01-19,Delivered,Net Banking,Danapur,Goa
1329,305,2026-03-21,Delivered,Net Banking,Shimla,Uttar Pradesh
1330,644,2025-02-28,Delivered,COD,Mangalore,Rajasthan
1331,181,2025-12-20,Cancelled,Net Banking,Bhiwani,Meghalaya
1332,515,2026-09-09,Delivered,COD,Bareilly,Punjab
1333,614,2026-09-04,Delivered,Net Banking,Tiruvottiyur,Keralam
1334,240,2026-07-06,Delivered,COD,Jammu,Gujarat
1335,229,2025-10-04,Processing,Net Banking,Ahmednagar,Uttarakhand
1336,355,2025-11-20,Shipped,COD,Aizawl,West Bengal
1337,593,2025-05-15,Shipped,UPI,Imphal,Gujarat
1338,255,2026-08-11,Delivered,COD,Kota,Tamil Nadu
1339,380,2025-09-21,Processing,Credit Card,Phagwara,Madhya Pradesh
1340,544,2026-04-24,Delivered,Net Banking,Aurangabad,Punjab
1341,187,2025-06-28,Delivered,Credit Card,North Dumdum,Bihar
1342,569,2026-04-01,Delivered,Debit Card,Nellore,Maharashtra
1343,139,2025-03-21,Delivered,Net Banking,Tirunelveli,Bihar
1344,143,2026-03-28,Cancelled,Debit Card,Phagwara,Tamil Nadu
1345,237,2024-11-11,Cancelled,Net Banking,Anantapur,Keralam
1346,287,2024-12-24,Delivered,UPI,Hindupur,Haryana
1347,30,2025-06-22,Delivered,COD,Agartala,Punjab
1348,962,2025-09-25,Processing,Debit Card,Firozabad,Uttarakhand
1349,309,2026-03-11,Cancelled,Net Banking,Avadi,Jharkhand
1350,805,2025-06-27,Shipped,Credit Card,Ulhasnagar,Rajasthan
1351,902,2024-10-21,Delivered,Debit Card,Thoothukudi,Punjab
1352,801,2025-06-03,Delivered,Debit Card,Satna,Maharashtra
1353,832,2025-08-25,Processing,UPI,Aizawl,Tamil Nadu
1354,101,2025-11-09,Shipped,Debit Card,Phusro,Bihar
1355,373,2026-01-21,Shipped,Net Banking,Erode,Tripura
1356,747,2025-04-07,Delivered,COD,Sambhal,Keralam
1357,576,2025-12-28,Delivered,COD,Alappuzha,Arunachal Pradesh
1358,6,2026-01-12,Delivered,Credit Card,Kolhapur,West Bengal
1359,568,2026-04-28,Shipped,Net Banking,Panipat,Sikkim
1360,805,2025-10-24,Delivered,UPI,Panihati,Tamil Nadu
1361,829,2026-05-23,Delivered,COD,Bardhaman,Chhattisgarh
1362,384,2025-03-19,Shipped,COD,Dindigul,Sikkim
1363,237,2026-03-12,Processing,COD,Pondicherry,Punjab
1364,310,2024-11-10,Delivered,Debit Card,Eluru,Uttar Pradesh
1365,297,2024-12-22,Shipped,Credit Card,Proddatur,Karnataka
1366,347,2026-07-01,Delivered,Net Banking,Thrissur,Uttar Pradesh
1367,302,2025-09-20,Delivered,Net Banking,Panipat,Punjab
1368,458,2026-01-04,Delivered,Credit Card,Aurangabad,Haryana
1369,41,2025-12-22,Delivered,Debit Card,Nanded,Goa
1370,276,2026-02-27,Cancelled,Net Banking,Nangloi Jat,Uttar Pradesh
1371,315,2025-04-05,Processing,Debit Card,Ranchi,Odisha
1372,154,2025-02-15,Delivered,Credit Card,Morbi,Bihar
1373,878,2024-11-08,Shipped,Credit Card,Parbhani,Bihar
1374,676,2026-07-01,Delivered,Debit Card,Allahabad,Telangana
1375,912,2025-03-20,Delivered,Credit Card,Pimpri-Chinchwad,Chhattisgarh
1376,562,2025-12-02,Processing,Credit Card,Bally,Gujarat
1377,110,2025-09-05,Delivered,UPI,Bahraich,Nagaland
1378,905,2025-02-04,Delivered,Credit Card,Bhubaneswar,Tripura
1379,459,2025-08-06,Delivered,Net Banking,Guntur,Jharkhand
1380,685,2024-12-08,Delivered,Credit Card,Anantapur,Odisha
1381,382,2025-02-14,Cancelled,UPI,Saharanpur,Punjab
1382,495,2025-01-18,Delivered,COD,Giridih,Mizoram
1383,490,2026-06-02,Delivered,Debit Card,Chapra,Punjab
1384,285,2025-11-26,Delivered,Debit Card,Kishanganj,Gujarat
1385,555,2026-08-15,Processing,Debit Card,Bahraich,Nagaland
1386,734,2025-08-22,Delivered,Debit Card,Khammam,Andhra Pradesh
1387,21,2025-03-04,Delivered,Debit Card,Proddatur,Rajasthan
1388,131,2025-12-26,Delivered,Net Banking,Lucknow,Tamil Nadu
1389,843,2026-08-18,Delivered,COD,Jabalpur,Tamil Nadu
1390,570,2025-11-01,Delivered,COD,Karimnagar,Andhra Pradesh
1391,974,2024-10-21,Delivered,Debit Card,Kakinada,Uttar Pradesh
1392,605,2025-05-18,Delivered,Credit Card,Pondicherry,Madhya Pradesh
1393,654,2026-08-14,Delivered,UPI,Ambattur,Assam
1394,900,2025-10-21,Shipped,Debit Card,Mirzapur,Manipur
1395,661,2026-09-03,Delivered,COD,Davanagere,Mizoram
1396,330,2025-10-15,Delivered,Credit Card,Rohtak,Keralam
1397,528,2024-10-17,Delivered,COD,Kolhapur,Rajasthan
1398,236,2026-07-07,Delivered,Net Banking,Bulandshahr,Meghalaya
1399,335,2026-04-18,Shipped,Net Banking,Tenali,Gujarat
1400,681,2026-03-14,Shipped,Debit Card,Nashik,Nagaland
1401,149,2026-09-16,Shipped,Net Banking,Anand,Haryana
1402,672,2025-02-28,Delivered,UPI,Pune,Bihar
1403,585,2026-07-31,Delivered,UPI,Patna,Haryana
1404,309,2025-03-27,Delivered,UPI,Siwan,Uttar Pradesh
1405,45,2026-09-17,Cancelled,Net Banking,Ichalkaranji,Mizoram
1406,705,2025-02-25,Delivered,Debit Card,Jabalpur,Himachal Pradesh
1407,825,2025-11-14,Processing,Credit Card,Buxar,Karnataka
1408,731,2026-05-07,Delivered,UPI,Proddatur,Tripura
1409,421,2024-12-04,Delivered,Debit Card,Katihar,Odisha
1410,654,2024-11-26,Shipped,Credit Card,Anand,Sikkim
1411,415,2026-06-20,Delivered,UPI,Chapra,Nagaland
1412,359,2024-11-21,Delivered,UPI,Phagwara,West Bengal
1413,328,2025-12-30,Delivered,Net Banking,Srinagar,Odisha
1414,211,2026-08-24,Cancelled,Net Banking,Bally,Keralam
1415,970,2025-12-31,Delivered,Credit Card,Bidhannagar,Haryana
1416,667,2025-09-24,Processing,Debit Card,Bathinda,Arunachal Pradesh
1417,175,2025-08-09,Delivered,Credit Card,South Dumdum,Sikkim
1418,866,2026-01-17,Delivered,Debit Card,Malda,Uttarakhand
1419,152,2025-11-29,Delivered,UPI,Jaipur,Odisha
1420,594,2025-10-09,Delivered,COD,Ramgarh,Maharashtra
1421,166,2025-01-28,Cancelled,Net Banking,Chennai,Bihar
1422,362,2026-02-04,Processing,COD,Surat,Odisha
1423,659,2026-04-01,Cancelled,Credit Card,Kamarhati,Goa
1424,1000,2026-03-09,Cancelled,COD,Purnia,Nagaland
1425,992,2024-12-02,Delivered,Debit Card,Rampur,Himachal Pradesh
1426,896,2026-03-05,Delivered,UPI,Bhimavaram,Tripura
1427,236,2026-03-25,Processing,Credit Card,Katihar,Uttarakhand
1428,94,2025-02-19,Delivered,COD,Kollam,Gujarat
1429,906,2026-06-20,Shipped,Net Banking,Gangtok,Jharkhand
1430,924,2025-10-25,Delivered,Net Banking,Maheshtala,Uttar Pradesh
1431,279,2025-09-18,Delivered,Credit Card,Tiruppur,Andhra Pradesh
1432,20,2026-03-20,Delivered,Net Banking,Bokaro,Manipur
1433,648,2025-10-15,Delivered,COD,Indore,Bihar
1434,77,2025-11-10,Delivered,UPI,Warangal,Madhya Pradesh
1435,41,2025-05-24,Delivered,Credit Card,Coimbatore,Andhra Pradesh
1436,938,2026-08-16,Delivered,UPI,Satna,Bihar
1437,496,2026-09-16,Delivered,UPI,Dhule,Keralam
1438,113,2025-01-11,Delivered,COD,Avadi,Arunachal Pradesh
1439,655,2026-03-27,Delivered,Credit Card,Khandwa,Tamil Nadu
1440,370,2024-10-25,Delivered,UPI,Muzaffarpur,Mizoram
1441,537,2025-07-04,Shipped,UPI,Raichur,Madhya Pradesh
1442,899,2026-09-16,Delivered,COD,Durgapur,Maharashtra
1443,238,2025-02-13,Delivered,Debit Card,Amravati,Telangana
1444,647,2025-07-10,Delivered,Net Banking,Indore,Telangana
1445,829,2025-03-17,Delivered,Credit Card,Dhule,Arunachal Pradesh
1446,424,2026-03-24,Delivered,Net Banking,Dhanbad,Punjab
1447,971,2025-09-12,Delivered,COD,Bahraich,Maharashtra
1448,449,2025-12-15,Delivered,Net Banking,Davanagere,Sikkim
1449,460,2026-08-27,Delivered,Debit Card,Nadiad,Tamil Nadu
1450,885,2025-10-23,Delivered,Credit Card,Tiruchirappalli,Punjab
1451,636,2026-03-28,Delivered,Credit Card,Guna,Odisha
1452,869,2024-12-18,Delivered,Debit Card,Ujjain,Goa
1453,791,2025-03-14,Delivered,Debit Card,Jamshedpur,Telangana
1454,713,2026-08-30,Delivered,UPI,Mahbubnagar,Punjab
1455,242,2026-06-27,Shipped,UPI,Ratlam,Haryana
1456,399,2026-01-30,Delivered,Debit Card,Jhansi,Gujarat
1457,865,2025-07-11,Delivered,UPI,Mysore,Manipur
1458,617,2025-03-03,Delivered,Debit Card,Morena,Jharkhand
1459,281,2026-06-22,Delivered,Credit Card,Danapur,Odisha
1460,328,2026-05-04,Delivered,Credit Card,Sirsa,Keralam
1461,776,2025-04-02,Shipped,UPI,Chennai,Chhattisgarh
1462,179,2025-12-13,Shipped,Debit Card,Bidar,Keralam
1463,113,2026-01-03,Delivered,UPI,Salem,Tamil Nadu
1464,766,2025-09-22,Delivered,Net Banking,Karimnagar,Telangana
1465,289,2026-08-15,Processing,COD,Amritsar,Himachal Pradesh
1466,766,2025-01-07,Delivered,COD,Dewas,Tamil Nadu
1467,534,2025-04-14,Delivered,Net Banking,Guwahati,Assam
1468,998,2024-12-16,Processing,COD,Chittoor,West Bengal
1469,525,2026-02-26,Delivered,COD,Panipat,Sikkim
1470,868,2026-01-21,Delivered,Net Banking,Ranchi,Arunachal Pradesh
1471,851,2026-09-29,Delivered,Credit Card,Kulti,Punjab
1472,212,2025-11-08,Delivered,Debit Card,Buxar,Maharashtra
1473,997,2025-01-26,Delivered,COD,Warangal,Tripura
1474,746,2025-09-02,Delivered,Net Banking,Kolhapur,Gujarat
1475,108,2024-12-12,Delivered,Credit Card,Agra,Tripura
1476,7,2026-02-10,Delivered,UPI,Kavali,Tripura
1477,272,2026-02-12,Delivered,UPI,Durg,Haryana
1478,17,2026-06-26,Shipped,Credit Card,Tadipatri,Madhya Pradesh
1479,358,2025-06-13,Delivered,COD,Sangli-Miraj & Kupwad,Nagaland
1480,997,2025-05-22,Shipped,Debit Card,Malegaon,Gujarat
1481,479,2024-11-29,Delivered,UPI,Kadapa,West Bengal
1482,24,2025-08-07,Delivered,COD,Bokaro,Goa
1483,494,2025-09-20,Delivered,Debit Card,Bhubaneswar,Gujarat
1484,220,2026-04-12,Delivered,Credit Card,Ludhiana,Manipur
1485,857,2026-04-11,Delivered,COD,Kurnool,Maharashtra
1486,91,2025-01-18,Shipped,Credit Card,Sambhal,Arunachal Pradesh
1487,771,2025-05-04,Processing,Net Banking,Bilaspur,Uttar Pradesh
1488,446,2025-10-16,Shipped,COD,Bhopal,Gujarat
1489,19,2025-06-10,Delivered,Debit Card,Bathinda,Assam
1490,674,2024-10-27,Delivered,Net Banking,Nandyal,Manipur
1491,456,2026-06-17,Delivered,Credit Card,Asansol,Uttar Pradesh
1492,772,2026-03-26,Delivered,COD,Ranchi,Andhra Pradesh
1493,619,2025-10-23,Shipped,UPI,Khora ,Maharashtra
1494,788,2025-05-28,Processing,Credit Card,Sangli-Miraj & Kupwad,Uttar Pradesh
1495,461,2026-06-15,Delivered,COD,Kanpur,Uttar Pradesh
1496,8,2024-11-03,Processing,Debit Card,Rajahmundry,Chhattisgarh
1497,131,2025-08-30,Processing,UPI,Gurgaon,Nagaland
1498,459,2026-05-16,Delivered,Debit Card,Gorakhpur,Telangana
1499,398,2026-09-04,Processing,Credit Card,Madhyamgram,Odisha
1500,795,2025-04-10,Delivered,Debit Card,Jorhat,Odisha
1501,412,2026-01-26,Delivered,Credit Card,Guntur,Sikkim
1502,861,2025-02-23,Delivered,Credit Card,Bijapur,Madhya Pradesh
1503,188,2025-01-01,Delivered,COD,Nandyal,Arunachal Pradesh
1504,385,2025-06-23,Delivered,UPI,Warangal,Nagaland
1505,757,2026-07-16,Cancelled,Net Banking,Panvel,Nagaland
1506,125,2026-02-23,Delivered,UPI,Srikakulam,Telangana
1507,322,2025-09-30,Delivered,Debit Card,Morena,Uttar Pradesh
1508,752,2025-05-02,Delivered,Net Banking,Aurangabad,Jharkhand
1509,589,2025-01-19,Delivered,COD,Cuttack,Uttarakhand
1510,779,2025-04-24,Shipped,Credit Card,Kottayam,Andhra Pradesh
1511,516,2025-01-27,Delivered,UPI,Asansol,West Bengal
1512,860,2025-02-22,Cancelled,Net Banking,Gwalior,Bihar
1513,878,2026-02-22,Delivered,COD,Sambhal,Odisha
1514,975,2025-01-13,Delivered,Debit Card,Srikakulam,Punjab
1515,123,2024-11-12,Delivered,UPI,Kulti,Nagaland
1516,592,2025-11-08,Delivered,Debit Card,Chandrapur,West Bengal
1517,115,2025-05-05,Cancelled,Credit Card,Barasat,Meghalaya
1518,229,2025-09-05,Delivered,Debit Card,Surendranagar Dudhrej,Bihar
1519,301,2025-01-18,Delivered,UPI,Mira-Bhayandar,Nagaland
1520,647,2025-03-10,Delivered,Credit Card,Bhusawal,Himachal Pradesh
1521,432,2025-08-26,Processing,COD,Ulhasnagar,Nagaland
1522,865,2026-02-24,Delivered,UPI,Kharagpur,Karnataka
1523,299,2025-08-06,Delivered,COD,Davanagere,Arunachal Pradesh
1524,618,2025-11-07,Shipped,Debit Card,Kanpur,Nagaland
1525,764,2025-10-24,Delivered,Debit Card,Visakhapatnam,Assam
1526,981,2025-04-22,Delivered,COD,Nanded,Jharkhand
1527,246,2025-04-30,Delivered,Credit Card,North Dumdum,Nagaland
1528,734,2025-08-15,Delivered,COD,Aurangabad,Tripura
1529,85,2024-10-31,Cancelled,Credit Card,Karawal Nagar,Himachal Pradesh
1530,544,2026-02-20,Delivered,Credit Card,Maheshtala,Himachal Pradesh
1531,414,2025-12-30,Processing,Debit Card,Bidhannagar,Himachal Pradesh
1532,959,2025-05-19,Delivered,Net Banking,Malda,Mizoram
1533,774,2025-07-08,Delivered,Credit Card,Bongaigaon,Goa
1534,928,2025-06-05,Delivered,Net Banking,Kochi,Manipur
1535,851,2026-01-26,Delivered,UPI,Kottayam,Tamil Nadu
1536,411,2026-04-16,Delivered,Net Banking,Naihati,Assam
1537,734,2024-12-26,Delivered,Net Banking,Rohtak,West Bengal
1538,31,2025-08-06,Delivered,Debit Card,Morbi,Manipur
1539,558,2024-10-18,Shipped,Net Banking,Jalandhar,Nagaland
1540,48,2025-09-03,Delivered,Net Banking,Kadapa,Nagaland
1541,725,2025-04-07,Processing,COD,Rajkot,Uttarakhand
1542,967,2025-06-10,Delivered,Credit Card,Purnia,Odisha
1543,682,2025-09-06,Delivered,Debit Card,Tinsukia,Tripura
1544,840,2025-06-01,Delivered,Debit Card,Bareilly,Himachal Pradesh
1545,235,2025-07-23,Shipped,Credit Card,Berhampore,Gujarat
1546,994,2026-04-19,Delivered,COD,Jamshedpur,Odisha
1547,551,2026-05-23,Delivered,Debit Card,Cuttack,Chhattisgarh
1548,675,2024-10-12,Delivered,Debit Card,Aizawl,Bihar
1549,771,2025-07-11,Delivered,UPI,Junagadh,Goa
1550,640,2026-06-18,Shipped,Debit Card,Dibrugarh,Haryana
1551,318,2025-10-30,Delivered,Net Banking,Sikar,Assam
1552,612,2025-03-07,Cancelled,Debit Card,Ajmer,Rajasthan
1553,654,2025-12-15,Delivered,Net Banking,Pune,Mizoram
1554,858,2025-01-22,Delivered,UPI,Raichur,Goa
1555,482,2024-10-24,Delivered,UPI,Phusro,Haryana
1556,502,2026-01-13,Delivered,Credit Card,Katihar,Uttarakhand
1557,504,2025-10-19,Delivered,Credit Card,Panvel,Uttar Pradesh
1558,115,2026-04-13,Delivered,COD,Bettiah,Bihar
1559,91,2025-06-17,Delivered,COD,Dindigul,Nagaland
1560,21,2026-06-24,Delivered,Debit Card,Salem,Jharkhand
1561,667,2025-08-12,Delivered,Debit Card,Tadipatri,Karnataka
1562,419,2026-03-31,Cancelled,Credit Card,Saharanpur,Mizoram
1563,866,2024-12-20,Delivered,Debit Card,Panihati,West Bengal
1564,703,2024-12-18,Delivered,Net Banking,Dhanbad,Mizoram
1565,142,2026-05-02,Delivered,Net Banking,Sagar,Uttarakhand
1566,101,2026-06-09,Delivered,COD,Nagaon,Tamil Nadu
1567,367,2026-08-27,Delivered,Debit Card,Fatehpur,Sikkim
1568,921,2025-06-02,Cancelled,Credit Card,Pondicherry,Tamil Nadu
1569,49,2024-10-24,Delivered,UPI,Dewas,Tamil Nadu
1570,188,2026-09-23,Shipped,Net Banking,Aurangabad,Haryana
1571,30,2025-12-21,Delivered,COD,Miryalaguda,West Bengal
1572,414,2025-04-06,Shipped,Debit Card,Dhule,Uttar Pradesh
1573,990,2026-04-19,Delivered,COD,Allahabad,Mizoram
1574,684,2026-07-30,Cancelled,Credit Card,Kolhapur,Punjab
1575,494,2025-05-04,Delivered,UPI,Ongole,Tripura
1576,145,2026-04-23,Delivered,Net Banking,Latur,Chhattisgarh
1577,356,2026-05-06,Delivered,UPI,Kozhikode,Arunachal Pradesh
1578,525,2025-10-09,Delivered,UPI,Katni,West Bengal
1579,275,2026-01-13,Delivered,Net Banking,Kulti,Meghalaya
1580,706,2025-04-23,Delivered,Debit Card,Madurai,Rajasthan
1581,981,2026-08-17,Delivered,Net Banking,Bally,Manipur
1582,206,2026-09-26,Shipped,Net Banking,Rewa,Manipur
1583,253,2026-09-24,Delivered,Credit Card,Bhimavaram,Arunachal Pradesh
1584,127,2026-03-30,Processing,Net Banking,Tiruppur,Himachal Pradesh
1585,726,2024-11-08,Delivered,Debit Card,Ajmer,Assam
1586,462,2025-07-03,Delivered,Debit Card,Khammam,Madhya Pradesh
1587,284,2025-08-29,Delivered,Net Banking,Kochi,Andhra Pradesh
1588,220,2026-09-09,Delivered,Credit Card,Loni,Tamil Nadu
1589,71,2025-11-11,Delivered,Debit Card,Khora ,Himachal Pradesh
1590,477,2025-11-03,Delivered,Debit Card,Ahmednagar,Rajasthan
1591,684,2025-01-23,Delivered,UPI,Bihar Sharif,Arunachal Pradesh
1592,236,2026-05-10,Delivered,Credit Card,Hosur,Andhra Pradesh
1593,2,2025-06-10,Delivered,UPI,Jamnagar,Keralam
1594,474,2024-12-14,Delivered,UPI,Mau,Tamil Nadu
1595,676,2026-09-29,Shipped,Debit Card,Thane,Tamil Nadu
1596,345,2025-02-24,Delivered,COD,Rohtak,Meghalaya
1597,251,2024-10-20,Delivered,COD,Kirari Suleman Nagar,Nagaland
1598,155,2024-12-04,Delivered,Net Banking,Bhimavaram,Punjab
1599,747,2025-09-03,Shipped,Debit Card,Morbi,Odisha
1600,862,2024-12-22,Delivered,Credit Card,Kamarhati,Rajasthan
1601,770,2026-06-15,Delivered,Credit Card,Hubli–Dharwad,Andhra Pradesh
1602,519,2025-10-17,Processing,Net Banking,New Delhi,Madhya Pradesh
1603,725,2025-06-01,Shipped,COD,Bhiwani,Telangana
1604,397,2024-10-10,Delivered,COD,Howrah,Madhya Pradesh
1605,25,2025-09-23,Delivered,Credit Card,Parbhani,Chhattisgarh
1606,368,2025-01-26,Delivered,Debit Card,Chandrapur,Odisha
1607,704,2026-09-22,Delivered,Debit Card,Gurgaon,Himachal Pradesh
1608,648,2025-05-08,Shipped,UPI,Raurkela Industrial Township,Manipur
1609,991,2025-09-20,Delivered,UPI,Ahmedabad,Manipur
1610,998,2024-10-22,Delivered,UPI,Shivpuri,Punjab
1611,243,2025-01-12,Delivered,Net Banking,Bhimavaram,Uttarakhand
1612,10,2025-03-08,Delivered,Credit Card,Korba,Punjab
1613,275,2024-11-15,Delivered,Net Banking,Shimoga,West Bengal
1614,877,2026-03-22,Delivered,Credit Card,Morbi,Andhra Pradesh
1615,814,2026-08-29,Delivered,Net Banking,Medininagar,Sikkim
1616,99,2026-09-27,Delivered,UPI,Kalyan-Dombivli,Keralam
1617,161,2025-04-20,Delivered,Credit Card,Gudivada,Rajasthan
1618,564,2026-05-07,Delivered,Credit Card,Ramgarh,Assam
1619,661,2025-10-11,Delivered,Debit Card,Kochi,Manipur
1620,983,2024-11-10,Delivered,Debit Card,Karimnagar,Andhra Pradesh
1621,756,2024-12-13,Shipped,UPI,Singrauli,Odisha
1622,212,2025-11-12,Cancelled,Net Banking,Sri Ganganagar,Gujarat
1623,38,2025-08-13,Cancelled,COD,Jaunpur,Chhattisgarh
1624,634,2024-10-14,Delivered,UPI,Silchar,Assam
1625,554,2026-08-18,Delivered,UPI,Indore,Haryana
1626,922,2026-03-25,Delivered,COD,Tezpur,Uttarakhand
1627,576,2025-10-10,Delivered,Net Banking,Nagpur,West Bengal
1628,502,2026-09-28,Delivered,COD,Navi Mumbai,Assam
1629,304,2026-09-17,Delivered,Net Banking,Haridwar,West Bengal
1630,87,2026-09-19,Delivered,Net Banking,Sirsa,Mizoram
1631,877,2025-04-15,Delivered,UPI,Secunderabad,Jharkhand
1632,827,2026-07-13,Delivered,Debit Card,Nagercoil,Uttarakhand
1633,163,2025-10-11,Delivered,Credit Card,Bally,Gujarat
1634,704,2026-03-22,Delivered,COD,Nashik,Goa
1635,365,2026-06-27,Processing,UPI,Berhampore,Gujarat
1636,438,2025-02-04,Delivered,UPI,Nanded,Chhattisgarh
1637,849,2025-08-31,Delivered,Debit Card,Proddatur,Maharashtra
1638,843,2025-01-10,Delivered,COD,Rewa,Bihar
1639,191,2025-04-30,Delivered,COD,Malegaon,Gujarat
1640,308,2025-08-06,Delivered,Debit Card,Hubli–Dharwad,Karnataka
1641,822,2026-06-24,Delivered,Debit Card,Nagercoil,Odisha
1642,917,2026-06-30,Cancelled,Credit Card,Ratlam,Tripura
1643,80,2025-07-20,Delivered,COD,Salem,Assam
1644,834,2025-06-05,Delivered,UPI,Machilipatnam,Nagaland
1645,490,2025-10-30,Delivered,UPI,Mehsana,Assam
1646,591,2026-08-05,Cancelled,Debit Card,Eluru,West Bengal
1647,76,2026-09-21,Delivered,Credit Card,Bilaspur,Haryana
1648,681,2025-03-23,Cancelled,Debit Card,Etawah,Telangana
1649,678,2025-02-21,Delivered,COD,Bahraich,Sikkim
1650,663,2026-03-08,Delivered,Credit Card,Kozhikode,Jharkhand
1651,791,2025-05-16,Shipped,COD,North Dumdum,Jharkhand
1652,947,2025-03-03,Delivered,Credit Card,Gorakhpur,Himachal Pradesh
1653,850,2024-10-31,Delivered,Credit Card,Amaravati,Maharashtra
1654,745,2025-07-29,Cancelled,UPI,Guna,Madhya Pradesh
1655,982,2025-07-21,Delivered,Net Banking,Karaikudi,Odisha
1656,675,2025-11-23,Delivered,COD,Sikar,Maharashtra
1657,673,2025-03-03,Processing,COD,Davanagere,Tamil Nadu
1658,543,2026-03-13,Processing,UPI,Mysore,Maharashtra
1659,770,2026-02-16,Cancelled,Net Banking,Firozabad,Himachal Pradesh
1660,72,2025-09-11,Processing,UPI,Mau,Jharkhand
1661,506,2025-02-17,Delivered,Net Banking,Sikar,Rajasthan
1662,426,2025-10-13,Processing,Net Banking,Kharagpur,Bihar
1663,913,2026-02-13,Delivered,UPI,Durg,Himachal Pradesh
1664,73,2025-07-07,Delivered,UPI,North Dumdum,Himachal Pradesh
1665,644,2025-04-18,Delivered,UPI,Mango,Odisha
1666,185,2025-10-13,Shipped,Net Banking,Sambalpur,Bihar
1667,884,2025-06-24,Delivered,Net Banking,Panipat,Madhya Pradesh
1668,852,2025-07-27,Processing,UPI,Shimla,Odisha
1669,236,2025-06-20,Delivered,Debit Card,Muzaffarnagar,Uttar Pradesh
1670,872,2025-05-18,Delivered,Net Banking,Kamarhati,Madhya Pradesh
1671,497,2026-03-15,Delivered,Credit Card,Thrissur,West Bengal
1672,972,2025-09-09,Delivered,Net Banking,Ahmedabad,Nagaland
1673,730,2025-09-14,Delivered,Credit Card,Latur,Sikkim
1674,35,2026-01-28,Delivered,Credit Card,Pudukkottai,Gujarat
1675,203,2025-06-29,Delivered,Credit Card,Bahraich,Uttar Pradesh
1676,404,2024-12-21,Delivered,Credit Card,Miryalaguda,Haryana
1677,212,2026-06-22,Delivered,Debit Card,Haridwar,Bihar
1678,133,2024-11-18,Delivered,Credit Card,Kadapa,Assam
1679,979,2025-11-30,Delivered,Credit Card,Ramgarh,Odisha
1680,870,2025-04-20,Delivered,Net Banking,Bhilwara,Nagaland
1681,435,2025-03-13,Delivered,Credit Card,Firozabad,Goa
1682,216,2024-11-08,Delivered,Net Banking,Uluberia,Tripura
1683,182,2026-07-27,Delivered,UPI,Noida,Haryana
1684,916,2025-08-17,Delivered,UPI,Panvel,Nagaland
1685,332,2025-06-15,Delivered,COD,Solapur,Manipur
1686,13,2026-04-02,Delivered,Debit Card,Pondicherry,Mizoram
1687,398,2024-11-05,Delivered,Net Banking,Siwan,Rajasthan
1688,455,2025-11-24,Delivered,Net Banking,Jalandhar,Uttar Pradesh
1689,624,2025-10-04,Delivered,UPI,Jorhat,Rajasthan
1690,339,2025-11-16,Processing,COD,Vasai-Virar,Uttar Pradesh
1691,924,2025-01-06,Delivered,Debit Card,Karnal,Tripura
1692,644,2026-09-03,Delivered,COD,Kirari Suleman Nagar,Karnataka
1693,987,2025-03-31,Processing,Debit Card,Ramgarh,Meghalaya
1694,368,2026-02-15,Delivered,Debit Card,Jaunpur,Goa
1695,652,2026-04-06,Delivered,Net Banking,Mehsana,Uttar Pradesh
1696,366,2025-06-16,Processing,UPI,Amritsar,West Bengal
1697,700,2025-01-11,Delivered,Net Banking,Lucknow,Tripura
1698,746,2025-05-13,Shipped,COD,Karaikudi,Rajasthan
1699,322,2026-05-20,Delivered,Net Banking,Sri Ganganagar,Telangana
1700,938,2026-08-01,Delivered,UPI,Siliguri,Tamil Nadu
1701,858,2026-08-23,Delivered,Net Banking,Raichur,Gujarat
1702,895,2025-03-22,Delivered,UPI,Bally,Haryana
1703,218,2025-12-25,Cancelled,UPI,Bhopal,Manipur
1704,718,2025-01-26,Delivered,Credit Card,Chinsurah,Keralam
1705,107,2026-03-11,Delivered,Credit Card,Tenali,Rajasthan
1706,106,2025-08-08,Delivered,UPI,Bidhannagar,Rajasthan
1707,974,2026-03-13,Delivered,UPI,Siwan,West Bengal
1708,153,2026-02-20,Delivered,Net Banking,Bathinda,Tamil Nadu
1709,865,2026-10-03,Shipped,Debit Card,Jehanabad,Andhra Pradesh
1710,431,2025-09-30,Delivered,UPI,Asansol,Jharkhand
1711,304,2025-06-14,Processing,Debit Card,Chennai,Jharkhand
1712,74,2025-10-28,Delivered,Net Banking,Secunderabad,Nagaland
1713,676,2025-02-04,Delivered,Net Banking,Madurai,Jharkhand
1714,722,2024-12-29,Delivered,Credit Card,Bettiah,West Bengal
1715,468,2025-10-22,Delivered,UPI,Nanded,Himachal Pradesh
1716,810,2026-06-03,Delivered,COD,Kulti,Madhya Pradesh
1717,324,2025-11-01,Delivered,Net Banking,Bokaro,Tamil Nadu
1718,552,2026-05-02,Shipped,COD,Shimla,Karnataka
1719,287,2025-02-15,Processing,Credit Card,Bathinda,Arunachal Pradesh
1720,583,2025-09-01,Shipped,UPI,Bareilly,Jharkhand
1721,137,2025-12-30,Cancelled,Credit Card,Chapra,Karnataka
1722,477,2025-06-19,Processing,Credit Card,Vellore,Nagaland
1723,550,2024-10-18,Delivered,Net Banking,Bhalswa Jahangir Pur,Punjab
1724,557,2024-12-01,Delivered,Net Banking,Tiruvottiyur,Meghalaya
1725,447,2026-08-16,Processing,UPI,Jalandhar,Keralam
1726,644,2025-12-24,Processing,Debit Card,Raichur,Manipur
1727,513,2025-04-19,Cancelled,Credit Card,Chinsurah,Chhattisgarh
1728,284,2025-04-15,Shipped,Net Banking,Panchkula,Goa
1729,216,2024-11-06,Delivered,Credit Card,Udaipur,Nagaland
1730,648,2026-08-29,Cancelled,Debit Card,Rewa,Tripura
1731,939,2024-12-26,Cancelled,Net Banking,Ambattur,Manipur
1732,754,2026-04-15,Delivered,Credit Card,Jodhpur,Arunachal Pradesh
1733,639,2025-04-01,Processing,UPI,Bidhannagar,West Bengal
1734,922,2025-06-10,Delivered,Net Banking,Loni,Jharkhand
1735,900,2025-04-26,Cancelled,COD,Jaipur,Rajasthan
1736,507,2026-06-02,Delivered,Debit Card,Proddatur,Uttar Pradesh
1737,110,2024-11-01,Processing,COD,Dindigul,West Bengal
1738,635,2025-06-22,Delivered,UPI,Gulbarga,Bihar
1739,623,2025-04-30,Delivered,COD,Dehri,Goa
1740,278,2025-04-25,Delivered,COD,Kolkata,Odisha
1741,850,2025-02-26,Delivered,Credit Card,Yamunanagar,Sikkim
1742,870,2026-08-05,Delivered,UPI,Bhopal,Telangana
1743,331,2025-07-11,Cancelled,Net Banking,Coimbatore,Meghalaya
1744,477,2025-08-09,Delivered,COD,Maheshtala,Chhattisgarh
1745,196,2025-07-16,Processing,UPI,South Dumdum,Punjab
1746,179,2026-09-24,Delivered,Net Banking,Hapur,Odisha
1747,266,2025-06-12,Delivered,COD,Bhatpara,Maharashtra
1748,366,2025-06-14,Shipped,UPI,Chapra,Nagaland
1749,273,2025-06-04,Delivered,Debit Card,Gandhidham,Goa
1750,152,2025-06-04,Delivered,UPI,Guna,Tamil Nadu
1751,448,2024-12-12,Shipped,UPI,Raiganj,Arunachal Pradesh
1752,624,2025-12-23,Processing,Debit Card,Agra,Telangana
1753,326,2024-10-26,Delivered,Credit Card,Bijapur,Telangana
1754,534,2025-03-22,Cancelled,UPI,Moradabad,Punjab
1755,272,2025-03-05,Delivered,COD,Bokaro,Tamil Nadu
1756,704,2025-05-09,Delivered,Credit Card,Salem,Uttar Pradesh
1757,649,2026-04-13,Delivered,COD,Nellore,Chhattisgarh
1758,961,2025-12-20,Delivered,UPI,Pudukkottai,Meghalaya
1759,54,2026-10-01,Delivered,Debit Card,Malda,Odisha
1760,854,2025-06-21,Shipped,Net Banking,Sultan Pur Majra,Uttarakhand
1761,341,2026-08-17,Delivered,Debit Card,Begusarai,Rajasthan
1762,67,2024-11-10,Delivered,Debit Card,Sonipat,Mizoram
1763,690,2025-10-11,Delivered,Net Banking,Ambarnath,Meghalaya
1764,172,2026-05-14,Delivered,UPI,Mathura,Chhattisgarh
1765,176,2025-10-31,Delivered,COD,Maheshtala,Himachal Pradesh
1766,980,2026-08-20,Cancelled,Net Banking,Kalyan-Dombivli,Madhya Pradesh
1767,221,2025-05-26,Delivered,Net Banking,Allahabad,Tripura
1768,548,2024-11-01,Delivered,Debit Card,Gudivada,Tripura
1769,201,2026-04-26,Delivered,Credit Card,Saharsa,Nagaland
1770,124,2024-11-27,Delivered,Debit Card,Pondicherry,Assam
1771,1,2026-04-19,Shipped,Net Banking,Bongaigaon,Rajasthan
1772,17,2026-03-27,Cancelled,COD,Ichalkaranji,Madhya Pradesh
1773,474,2026-06-16,Delivered,COD,Bhavnagar,Odisha
1774,435,2025-09-23,Delivered,UPI,Davanagere,Madhya Pradesh
1775,39,2026-07-24,Delivered,UPI,Purnia,Rajasthan
1776,350,2025-02-09,Delivered,COD,Raebareli,Gujarat
1777,273,2025-08-21,Delivered,Credit Card,Gwalior,Chhattisgarh
1778,572,2025-01-05,Delivered,Debit Card,Nagpur,Gujarat
1779,995,2026-04-21,Processing,UPI,Vasai-Virar,Uttar Pradesh
1780,692,2026-03-13,Delivered,UPI,Kishanganj,Assam
1781,919,2026-05-20,Delivered,Debit Card,Phagwara,Himachal Pradesh
1782,193,2026-04-19,Delivered,Net Banking,Farrukhabad,Jharkhand
1783,216,2025-05-21,Shipped,Net Banking,Tumkur,Telangana
1784,751,2024-11-27,Delivered,COD,Dehri,Karnataka
1785,311,2026-08-17,Delivered,UPI,Maheshtala,Uttar Pradesh
1786,849,2025-10-03,Processing,Credit Card,Aizawl,West Bengal
1787,464,2024-12-16,Delivered,Debit Card,Satara,Odisha
1788,201,2026-08-16,Processing,Debit Card,Deoghar,Jharkhand
1789,845,2026-10-04,Delivered,UPI,Nashik,Mizoram
1790,551,2025-08-29,Delivered,Debit Card,Kharagpur,Odisha
1791,803,2026-04-23,Cancelled,COD,Nagercoil,Bihar
1792,453,2024-11-03,Delivered,UPI,Raebareli,Telangana
1793,127,2024-12-15,Delivered,COD,Danapur,Madhya Pradesh
1794,682,2025-04-28,Delivered,Debit Card,Varanasi,Telangana
1795,125,2026-01-30,Shipped,Debit Card,Navi Mumbai,Nagaland
1796,664,2025-01-13,Processing,Net Banking,Gaya,Tripura
1797,417,2024-11-02,Delivered,Net Banking,Imphal,Assam
1798,792,2026-02-08,Processing,Net Banking,Kurnool,Arunachal Pradesh
1799,871,2026-04-23,Delivered,UPI,Tiruppur,Bihar
1800,408,2026-04-01,Delivered,Credit Card,Ranchi,Tripura
1801,883,2026-05-14,Delivered,COD,Tiruppur,West Bengal
1802,111,2026-05-17,Delivered,UPI,Ramagundam,West Bengal
1803,108,2025-12-22,Processing,Net Banking,New Delhi,Jharkhand
1804,994,2025-10-22,Delivered,Debit Card,Belgaum,Haryana
1805,575,2026-06-25,Delivered,UPI,Ambattur,Jharkhand
1806,451,2025-06-19,Delivered,UPI,Rewa,Tamil Nadu
1807,156,2024-12-18,Shipped,COD,Bhatpara,Haryana
1808,289,2026-04-10,Processing,UPI,Khora ,Meghalaya
1809,687,2025-04-27,Delivered,UPI,Rampur,Odisha
1810,822,2026-09-23,Delivered,UPI,Aurangabad,Karnataka
1811,917,2025-08-06,Delivered,Net Banking,Kurnool,Maharashtra
1812,408,2026-06-22,Delivered,COD,Alappuzha,Odisha
1813,455,2024-11-08,Cancelled,UPI,Vijayanagaram,Tamil Nadu
1814,164,2026-02-01,Delivered,Net Banking,Burhanpur,Goa
1815,84,2025-08-31,Delivered,Net Banking,Jhansi,Manipur
1816,438,2025-09-11,Delivered,Credit Card,Nizamabad,Chhattisgarh
1817,580,2025-04-20,Delivered,UPI,Tenali,Andhra Pradesh
1818,105,2026-09-17,Cancelled,Debit Card,Sultan Pur Majra,Odisha
1819,409,2025-07-22,Delivered,UPI,Rajahmundry,Maharashtra
1820,642,2026-06-21,Delivered,UPI,Raipur,Haryana
1821,811,2025-08-14,Delivered,Debit Card,Kozhikode,Arunachal Pradesh
1822,939,2024-11-12,Cancelled,COD,Jabalpur,Uttarakhand
1823,341,2026-07-12,Cancelled,COD,Jorhat,Telangana
1824,392,2025-02-20,Delivered,Net Banking,Rourkela,Uttarakhand
1825,875,2025-04-23,Delivered,Credit Card,Sikar,Bihar
1826,694,2026-06-29,Delivered,Credit Card,Jorhat,Andhra Pradesh
1827,274,2026-07-22,Delivered,Net Banking,Anantapuram,Gujarat
1828,686,2026-08-08,Delivered,UPI,Moradabad,Assam
1829,158,2025-08-15,Shipped,Debit Card,Tenali,Madhya Pradesh
1830,450,2026-04-14,Processing,Net Banking,Chandigarh,Odisha
1831,307,2025-06-04,Delivered,COD,Kollam,Goa
1832,993,2026-04-01,Delivered,UPI,Kadapa,Keralam
1833,35,2025-10-10,Delivered,Credit Card,Nandyal,Meghalaya
1834,857,2024-11-15,Delivered,Credit Card,Moradabad,Himachal Pradesh
1835,282,2025-08-09,Delivered,Debit Card,Berhampur,Madhya Pradesh
1836,37,2025-09-14,Delivered,UPI,Munger,Mizoram
1837,661,2025-04-14,Cancelled,COD,Gwalior,Uttarakhand
1838,679,2025-07-08,Delivered,COD,New Delhi,Himachal Pradesh
1839,143,2025-10-10,Processing,Credit Card,Tadepalligudem,Assam
1840,39,2024-11-13,Delivered,Debit Card,Bahraich,Tripura
1841,112,2025-01-27,Delivered,Debit Card,Mango,Mizoram
1842,409,2026-04-21,Delivered,UPI,Ambala,Maharashtra
1843,133,2025-06-22,Processing,COD,Bhagalpur,Rajasthan
1844,704,2025-12-26,Delivered,Net Banking,Varanasi,West Bengal
1845,78,2025-11-25,Delivered,Credit Card,Jamnagar,Bihar
1846,789,2025-11-14,Shipped,Debit Card,Chandrapur,Tripura
1847,875,2025-08-06,Shipped,Credit Card,Etawah,Nagaland
1848,717,2025-09-26,Delivered,Credit Card,Kollam,Mizoram
1849,945,2026-06-01,Delivered,Credit Card,Katni,Tripura
1850,940,2026-09-12,Delivered,UPI,Jamnagar,Himachal Pradesh
1851,47,2025-04-13,Shipped,COD,Dibrugarh,Tamil Nadu
1852,342,2026-02-09,Delivered,Net Banking,Kamarhati,Meghalaya
1853,761,2026-09-16,Delivered,COD,Jammu,Uttarakhand
1854,340,2024-10-14,Delivered,UPI,Bahraich,Maharashtra
1855,738,2026-05-04,Delivered,Net Banking,Gandhidham,Rajasthan
1856,775,2025-10-06,Cancelled,Debit Card,Sambalpur,Maharashtra
1857,997,2026-09-14,Shipped,Net Banking,Proddatur,Keralam
1858,330,2025-12-04,Delivered,COD,Asansol,Karnataka
1859,348,2026-06-12,Processing,Credit Card,Howrah,Uttar Pradesh
1860,25,2025-02-06,Delivered,UPI,Amritsar,Telangana
1861,286,2025-01-20,Delivered,UPI,Kadapa,Gujarat
1862,281,2026-08-15,Delivered,Debit Card,Tadipatri,Tripura
1863,454,2025-10-27,Shipped,UPI,Pondicherry,Mizoram
1864,422,2025-11-20,Delivered,UPI,Agra,Assam
1865,857,2025-02-09,Delivered,UPI,Vasai-Virar,Sikkim
1866,774,2025-03-23,Delivered,Credit Card,Chennai,Chhattisgarh
1867,729,2026-05-28,Delivered,UPI,Delhi,Tripura
1868,6,2025-05-17,Cancelled,Debit Card,Munger,Madhya Pradesh
1869,472,2025-12-08,Delivered,Net Banking,Rajahmundry,Uttar Pradesh
1870,730,2025-05-27,Delivered,Credit Card,Phusro,Maharashtra
1871,245,2025-04-18,Delivered,UPI,Jaipur,Assam
1872,425,2025-02-06,Delivered,Debit Card,Aurangabad,Sikkim
1873,728,2026-08-18,Delivered,UPI,Ichalkaranji,Rajasthan
1874,795,2026-08-25,Delivered,Net Banking,Hospet,Himachal Pradesh
1875,855,2024-12-31,Processing,Credit Card,Pallavaram,Goa
1876,430,2025-06-23,Shipped,Debit Card,Hapur,Tripura
1877,400,2025-11-24,Shipped,Credit Card,Nangloi Jat,Sikkim
1878,383,2025-07-15,Delivered,Credit Card,Malda,Himachal Pradesh
1879,669,2026-03-18,Delivered,UPI,Rajahmundry,Punjab
1880,420,2025-04-16,Delivered,Debit Card,Baranagar,Gujarat
1881,401,2024-11-20,Delivered,UPI,Munger,Goa
1882,169,2025-06-11,Shipped,Net Banking,Nanded,Odisha
1883,479,2025-12-18,Delivered,Credit Card,Jaipur,Telangana
1884,238,2025-02-17,Delivered,Debit Card,Dewas,Uttar Pradesh
1885,525,2026-05-27,Delivered,Debit Card,Kalyan-Dombivli,Madhya Pradesh
1886,889,2024-10-17,Delivered,Net Banking,Bulandshahr,Chhattisgarh
1887,776,2024-11-26,Delivered,Net Banking,Rewa,Meghalaya
1888,479,2025-10-14,Delivered,Debit Card,Nagercoil,Punjab
1889,978,2025-10-17,Delivered,COD,Machilipatnam,West Bengal
1890,981,2025-05-11,Delivered,Credit Card,Erode,Bihar
1891,445,2025-04-15,Delivered,Net Banking,Bidhannagar,Odisha
1892,764,2024-11-28,Shipped,Credit Card,Munger,Manipur
1893,343,2026-02-04,Delivered,Net Banking,Bharatpur,Mizoram
1894,879,2025-07-12,Delivered,Debit Card,Anantapur,Assam
1895,374,2025-01-03,Delivered,COD,Guntur,Andhra Pradesh
1896,259,2025-07-27,Delivered,Credit Card,Sambalpur,Mizoram
1897,134,2026-08-23,Processing,Debit Card,Jhansi,Goa
1898,843,2025-04-17,Delivered,UPI,Tadipatri,Nagaland
1899,297,2026-07-23,Cancelled,Net Banking,Madhyamgram,Andhra Pradesh
1900,814,2025-04-15,Processing,UPI,Dindigul,Tamil Nadu
1901,87,2025-02-21,Delivered,Debit Card,Kakinada,Jharkhand
1902,501,2025-04-16,Delivered,UPI,Ajmer,Madhya Pradesh
1903,428,2025-06-01,Delivered,Credit Card,Moradabad,Jharkhand
1904,439,2025-01-04,Delivered,Debit Card,Dewas,Keralam
1905,168,2025-12-11,Delivered,Credit Card,Faridabad,Manipur
1906,74,2025-06-08,Delivered,Credit Card,Bellary,Odisha
1907,347,2026-03-16,Delivered,UPI,Suryapet,Punjab
1908,471,2025-10-01,Delivered,Net Banking,Yamunanagar,West Bengal
1909,794,2025-08-27,Delivered,Net Banking,Bokaro,Goa
1910,463,2025-09-17,Delivered,Debit Card,Nagpur,Tripura
1911,246,2025-01-30,Cancelled,UPI,Kharagpur,Mizoram
1912,263,2026-03-12,Delivered,UPI,Darbhanga,Himachal Pradesh
1913,612,2024-12-23,Delivered,Net Banking,Rewa,Uttar Pradesh
1914,436,2026-03-19,Cancelled,COD,Saharanpur,Punjab
1915,902,2026-10-08,Delivered,COD,Ratlam,Goa
1916,440,2026-04-19,Delivered,Debit Card,Sambalpur,Chhattisgarh
1917,567,2025-09-05,Delivered,Debit Card,Morbi,Odisha
1918,64,2025-05-26,Delivered,UPI,Phagwara,Rajasthan
1919,194,2026-07-07,Processing,UPI,Jalandhar,Arunachal Pradesh
1920,851,2025-04-14,Delivered,Net Banking,Guwahati,Nagaland
1921,345,2025-09-25,Delivered,Debit Card,Bangalore,Manipur
1922,422,2026-04-24,Delivered,Debit Card,Bathinda,West Bengal
1923,591,2026-08-12,Delivered,Credit Card,Satara,Rajasthan
1924,58,2026-08-11,Delivered,Credit Card,Panihati,Uttar Pradesh
1925,507,2024-12-11,Shipped,COD,Kakinada,Andhra Pradesh
1926,347,2026-07-26,Delivered,COD,Amritsar,Sikkim
1927,149,2024-12-30,Delivered,Net Banking,Satna,Jharkhand
1928,419,2025-12-09,Delivered,Credit Card,Fatehpur,Meghalaya
1929,447,2026-08-18,Processing,Net Banking,Akola,Tripura
1930,187,2026-01-29,Delivered,Credit Card,Avadi,Tripura
1931,544,2026-08-31,Delivered,Debit Card,Kishanganj,Gujarat
1932,747,2025-06-16,Delivered,UPI,Saharanpur,Gujarat
1933,268,2025-05-26,Shipped,Net Banking,Vijayanagaram,Rajasthan
1934,967,2025-06-03,Delivered,UPI,Katihar,Tripura
1935,613,2025-06-24,Processing,Net Banking,Kozhikode,Nagaland
1936,774,2026-02-18,Delivered,Net Banking,Parbhani,Arunachal Pradesh
1937,71,2025-09-03,Processing,UPI,Raipur,Chhattisgarh
1938,768,2026-03-30,Processing,Debit Card,Raiganj,Rajasthan
1939,337,2025-08-08,Delivered,Credit Card,Thane,Rajasthan
1940,711,2025-05-21,Delivered,Debit Card,Eluru,Uttar Pradesh
1941,805,2025-02-24,Delivered,UPI,Nadiad,Manipur
1942,251,2025-11-14,Delivered,Net Banking,Tirunelveli,Keralam
1943,260,2026-07-26,Delivered,Debit Card,Dharmavaram,Bihar
1944,60,2026-06-27,Delivered,Credit Card,Gandhidham,Sikkim
1945,606,2025-04-11,Cancelled,COD,Sultan Pur Majra,Uttarakhand
1946,775,2025-09-22,Delivered,Net Banking,Pallavaram,Arunachal Pradesh
1947,411,2026-03-07,Delivered,Net Banking,Sonipat,Maharashtra
1948,161,2025-12-29,Delivered,UPI,Uluberia,Jharkhand
1949,317,2024-11-26,Delivered,Debit Card,Belgaum,Rajasthan
1950,403,2025-12-13,Delivered,Net Banking,Dewas,Sikkim
1951,917,2024-11-05,Delivered,COD,Jalgaon,Gujarat
1952,125,2025-01-01,Delivered,Net Banking,Thiruvananthapuram,Uttarakhand
1953,344,2026-01-28,Cancelled,UPI,Jalna,Bihar
1954,639,2024-12-22,Delivered,Net Banking,Raichur,Sikkim
1955,237,2025-06-12,Cancelled,UPI,Pune,Rajasthan
1956,885,2025-12-12,Delivered,Credit Card,Gulbarga,Chhattisgarh
1957,910,2026-01-29,Delivered,COD,Nizamabad,Odisha
1958,381,2025-08-29,Delivered,COD,Anand,Haryana
1959,746,2024-12-16,Delivered,COD,Saharsa,Haryana
1960,756,2026-05-14,Processing,Credit Card,Unnao,Assam
1961,682,2026-09-01,Delivered,Net Banking,Rourkela,Rajasthan
1962,187,2026-07-19,Delivered,Net Banking,Mathura,Tamil Nadu
1963,50,2026-04-07,Shipped,Credit Card,Firozabad,Manipur
1964,348,2025-07-29,Delivered,COD,Bhiwani,Sikkim
1965,132,2026-07-10,Shipped,COD,Thane,Jharkhand
1966,293,2025-09-29,Delivered,UPI,Berhampore,Meghalaya
1967,639,2025-01-16,Processing,Net Banking,Thoothukudi,Tamil Nadu
1968,589,2026-06-21,Delivered,Debit Card,Bikaner,Madhya Pradesh
1969,210,2025-05-30,Delivered,Net Banking,Chapra,Nagaland
1970,18,2026-08-24,Delivered,Debit Card,Barasat,Chhattisgarh
1971,226,2025-07-04,Delivered,Credit Card,Kollam,Manipur
1972,455,2026-07-05,Cancelled,UPI,Nadiad,Telangana
1973,780,2025-11-04,Delivered,Debit Card,Vadodara,Sikkim
1974,366,2025-09-14,Delivered,COD,Gandhinagar,Himachal Pradesh
1975,286,2025-05-13,Delivered,COD,Ambarnath,Meghalaya
1976,552,2026-06-10,Processing,Credit Card,Vellore,Nagaland
1977,72,2024-11-21,Delivered,COD,Mira-Bhayandar,Uttarakhand
1978,226,2025-09-15,Processing,Credit Card,Bhilwara,Telangana
1979,37,2025-07-04,Delivered,Debit Card,Unnao,Tamil Nadu
1980,526,2025-11-09,Processing,Credit Card,Shimoga,Sikkim
1981,444,2025-04-12,Delivered,Debit Card,Hospet,Karnataka
1982,583,2026-02-05,Delivered,Debit Card,Imphal,Karnataka
1983,618,2025-07-17,Delivered,Net Banking,Lucknow,Maharashtra
1984,396,2025-02-22,Delivered,Debit Card,Aligarh,Keralam
1985,869,2025-03-01,Cancelled,Debit Card,Aurangabad,Uttarakhand
1986,919,2026-02-28,Cancelled,Net Banking,Dindigul,Tripura
1987,111,2025-04-17,Delivered,Debit Card,Jamnagar,Uttar Pradesh
1988,921,2026-01-09,Cancelled,Debit Card,Chandigarh,Nagaland
1989,197,2025-06-06,Delivered,UPI,Bangalore,Goa
1990,249,2025-07-18,Delivered,COD,Mau,Chhattisgarh
1991,530,2025-04-04,Delivered,UPI,Bhatpara,Haryana
1992,30,2025-06-17,Delivered,COD,Bathinda,Odisha
1993,365,2026-02-26,Delivered,Net Banking,Pudukkottai,Karnataka
1994,195,2025-11-02,Delivered,COD,Pimpri-Chinchwad,Odisha
1995,483,2026-10-06,Delivered,UPI,Kollam,Tripura
1996,815,2026-04-24,Shipped,Credit Card,Gaya,Jharkhand
1997,925,2024-10-20,Shipped,UPI,Mysore,Uttar Pradesh
1998,213,2025-07-12,Delivered,Debit Card,Bhiwani,Manipur
1999,545,2025-05-08,Delivered,COD,Bhagalpur,Tamil Nadu
2000,475,2025-12-11,Shipped,Net Banking,Vijayawada,Arunachal Pradesh
2001,416,2025-04-20,Delivered,Net Banking,Pondicherry,Haryana
2002,633,2026-09-13,Shipped,COD,Fatehpur,Uttarakhand
2003,990,2025-05-15,Delivered,UPI,Shimla,Tripura
2004,406,2025-10-24,Delivered,Net Banking,Nandyal,Meghalaya
2005,66,2025-01-06,Delivered,Credit Card,Guntakal,Andhra Pradesh
2006,916,2026-08-03,Shipped,Net Banking,Mango,Arunachal Pradesh
2007,933,2026-08-05,Processing,Net Banking,Guna,Keralam
2008,323,2026-05-10,Delivered,Net Banking,Vijayawada,Uttar Pradesh
2009,502,2025-06-22,Cancelled,Debit Card,Davanagere,Karnataka
2010,863,2024-11-20,Processing,Net Banking,Asansol,Tripura
2011,504,2026-03-11,Delivered,Debit Card,Amravati,Manipur
2012,482,2025-08-17,Shipped,Net Banking,Maheshtala,Bihar
2013,922,2026-10-01,Delivered,Debit Card,Pondicherry,Meghalaya
2014,829,2026-03-02,Delivered,Credit Card,Ujjain,Karnataka
2015,508,2025-11-05,Delivered,Credit Card,Guntakal,Gujarat
2016,162,2026-09-28,Cancelled,Credit Card,Ghaziabad,Odisha
2017,439,2026-05-15,Shipped,Net Banking,Guna,Goa
2018,677,2025-09-08,Delivered,COD,Bellary,Uttar Pradesh
2019,273,2024-10-22,Delivered,UPI,Chandrapur,Tamil Nadu
2020,538,2024-12-15,Delivered,UPI,New Delhi,Sikkim
2021,659,2025-08-28,Shipped,Debit Card,Chandrapur,Assam
2022,86,2025-11-22,Processing,Net Banking,Nanded,Uttarakhand
2023,570,2024-10-30,Delivered,UPI,Ghaziabad,Maharashtra
2024,738,2025-01-08,Delivered,Credit Card,Kumbakonam,Rajasthan
2025,215,2026-03-06,Delivered,UPI,Allahabad,Goa
2026,549,2026-04-10,Delivered,UPI,Vijayawada,Sikkim
2027,710,2024-10-30,Delivered,UPI,Ahmedabad,Himachal Pradesh
2028,45,2025-10-14,Delivered,Net Banking,Imphal,Punjab
2029,645,2024-12-06,Delivered,COD,Medininagar,Haryana
2030,260,2026-03-20,Delivered,Debit Card,Jehanabad,Uttarakhand
2031,398,2026-06-09,Processing,UPI,Imphal,Punjab
2032,649,2026-07-05,Delivered,COD,Secunderabad,Madhya Pradesh
2033,5,2025-12-19,Delivered,Credit Card,Uluberia,Madhya Pradesh
2034,17,2026-01-10,Shipped,UPI,Dewas,Andhra Pradesh
2035,447,2026-08-15,Cancelled,UPI,Satara,Himachal Pradesh
2036,950,2025-12-29,Delivered,Credit Card,Ambattur,Tamil Nadu
2037,7,2025-08-30,Delivered,Net Banking,Kalyan-Dombivli,Telangana
2038,789,2026-04-12,Delivered,Credit Card,Alappuzha,West Bengal
2039,75,2025-12-13,Delivered,Debit Card,Surendranagar Dudhrej,Assam
2040,489,2026-06-15,Delivered,Credit Card,Sambhal,Haryana
2041,431,2025-10-26,Delivered,COD,Madhyamgram,Sikkim
2042,469,2026-07-04,Delivered,Net Banking,Jamnagar,Karnataka
2043,82,2024-11-10,Delivered,Net Banking,Kharagpur,Gujarat
2044,754,2024-11-04,Delivered,Debit Card,Nagpur,Haryana
2045,276,2024-12-19,Delivered,Debit Card,Ratlam,Uttar Pradesh
2046,772,2025-11-18,Delivered,COD,Jalgaon,Tripura
2047,656,2026-03-10,Delivered,Net Banking,Ambarnath,Andhra Pradesh
2048,552,2025-03-15,Shipped,COD,Raebareli,Telangana
2049,309,2025-01-30,Delivered,UPI,Saharanpur,Meghalaya
2050,653,2026-06-28,Delivered,COD,Bellary,Telangana
2051,998,2026-04-09,Delivered,COD,Pune,Nagaland
2052,924,2026-01-24,Delivered,Net Banking,Chittoor,Punjab
2053,917,2025-09-29,Cancelled,COD,Gopalpur,Mizoram
2054,220,2025-08-11,Processing,Debit Card,Davanagere,Rajasthan
2055,586,2024-10-23,Delivered,Credit Card,Mehsana,Tamil Nadu
2056,398,2025-02-22,Delivered,Net Banking,Kozhikode,Manipur
2057,967,2026-07-25,Delivered,Net Banking,Jamalpur,Bihar
2058,951,2025-06-12,Delivered,UPI,Ambattur,Assam
2059,869,2026-03-06,Delivered,Credit Card,Morbi,Keralam
2060,163,2026-03-06,Processing,Credit Card,Bhiwani,Maharashtra
2061,319,2025-05-22,Processing,Debit Card,Kozhikode,Tripura
2062,712,2025-03-06,Delivered,UPI,Allahabad,Andhra Pradesh
2063,750,2026-02-25,Delivered,Net Banking,Aligarh,Tripura
2064,351,2024-12-15,Delivered,UPI,North Dumdum,Arunachal Pradesh
2065,137,2025-10-04,Delivered,COD,Narasaraopet,Maharashtra
2066,137,2026-07-18,Delivered,Net Banking,Ajmer,Keralam
2067,685,2026-03-11,Processing,Credit Card,Kadapa,Meghalaya
2068,455,2026-04-19,Processing,Credit Card,Thrissur,Arunachal Pradesh
2069,492,2024-12-08,Delivered,Net Banking,Pallavaram,Sikkim
2070,816,2025-03-03,Delivered,UPI,Aizawl,Bihar
2071,17,2025-04-27,Delivered,Net Banking,Sonipat,Sikkim
2072,755,2025-05-09,Shipped,Debit Card,Tadipatri,Meghalaya
2073,275,2025-02-27,Delivered,Credit Card,Pudukkottai,Tripura
2074,932,2026-09-18,Delivered,COD,Khora ,West Bengal
2075,956,2025-02-05,Delivered,Net Banking,Bettiah,Telangana
2076,503,2026-03-09,Delivered,UPI,Mau,Madhya Pradesh
2077,316,2025-12-10,Delivered,Net Banking,Warangal,Keralam
2078,234,2025-12-28,Delivered,Debit Card,Buxar,Odisha
2079,182,2025-03-14,Delivered,Net Banking,Rajkot,Odisha
2080,1000,2025-05-21,Shipped,Debit Card,Amroha,Tamil Nadu
2081,188,2025-12-25,Delivered,COD,Erode,Maharashtra
2082,447,2025-05-14,Delivered,COD,Bhagalpur,Madhya Pradesh
2083,480,2026-02-27,Shipped,UPI,Muzaffarpur,Bihar
2084,680,2024-11-06,Delivered,Debit Card,Fatehpur,Chhattisgarh
2085,843,2024-11-30,Delivered,Credit Card,Miryalaguda,Telangana
2086,558,2026-03-24,Delivered,Debit Card,Gangtok,West Bengal
2087,759,2026-01-01,Delivered,UPI,Jammu,Mizoram
2088,567,2024-11-09,Shipped,Debit Card,Pondicherry,Jharkhand
2089,437,2026-07-26,Delivered,UPI,Guntakal,Arunachal Pradesh
2090,158,2024-10-12,Delivered,Net Banking,Kulti,Arunachal Pradesh
2091,209,2026-09-06,Delivered,Debit Card,Phusro,Odisha
2092,433,2026-03-25,Delivered,COD,Surat,Nagaland
2093,47,2026-09-29,Delivered,COD,Sasaram,Haryana
2094,317,2026-09-01,Processing,Net Banking,Yamunanagar,Goa
2095,463,2025-05-25,Processing,Debit Card,Pondicherry,Arunachal Pradesh
2096,473,2026-04-13,Shipped,Net Banking,Dehri,Punjab
2097,815,2025-03-11,Delivered,Net Banking,Surendranagar Dudhrej,Mizoram
2098,968,2025-09-17,Delivered,UPI,Jabalpur,Jharkhand
2099,730,2025-04-01,Shipped,Credit Card,Pali,Rajasthan
2100,80,2025-09-28,Delivered,COD,Bally,Telangana
2101,409,2026-07-07,Delivered,Credit Card,Bharatpur,Manipur
2102,730,2025-08-22,Processing,UPI,Bhalswa Jahangir Pur,Haryana
2103,595,2024-12-14,Delivered,COD,Rajahmundry,Andhra Pradesh
2104,458,2025-06-02,Delivered,COD,Khammam,Tamil Nadu
2105,437,2026-05-05,Processing,Net Banking,Udupi,Mizoram
2106,406,2025-10-24,Delivered,Net Banking,Kishanganj,Jharkhand
2107,580,2025-11-21,Delivered,Credit Card,Darbhanga,Andhra Pradesh
2108,179,2025-08-19,Delivered,Credit Card,Shivpuri,Tamil Nadu
2109,518,2025-05-10,Cancelled,COD,Mahbubnagar,Uttar Pradesh
2110,206,2025-12-19,Delivered,COD,Maheshtala,Maharashtra
2111,681,2026-01-13,Shipped,Debit Card,Sagar,Haryana
2112,865,2026-07-26,Delivered,Credit Card,Jammu,Nagaland
2113,508,2026-01-02,Delivered,UPI,Kulti,Tripura
2114,388,2026-10-04,Delivered,UPI,Bhusawal,Mizoram
2115,941,2026-06-03,Delivered,Debit Card,Bihar Sharif,Andhra Pradesh
2116,660,2024-12-04,Delivered,Debit Card,Kurnool,Goa
2117,429,2025-07-21,Delivered,Net Banking,Sagar,Assam
2118,29,2025-07-16,Delivered,COD,Bhopal,Keralam
2119,16,2024-10-10,Delivered,Credit Card,Vijayawada,Madhya Pradesh
2120,222,2025-02-17,Shipped,UPI,Kirari Suleman Nagar,Manipur
2121,237,2026-04-17,Shipped,COD,Amroha,Sikkim
2122,722,2025-06-22,Delivered,Net Banking,Miryalaguda,Bihar
2123,501,2025-01-24,Delivered,Debit Card,Hindupur,Uttarakhand
2124,1000,2025-05-06,Delivered,UPI,Satara,Haryana
2125,541,2025-04-27,Delivered,Debit Card,Panipat,Manipur
2126,904,2025-02-12,Delivered,Net Banking,Bally,Goa
2127,553,2024-12-21,Delivered,COD,Medininagar,Jharkhand
2128,359,2026-04-19,Delivered,Debit Card,Anantapuram,Telangana
2129,715,2026-06-02,Delivered,Debit Card,Dharmavaram,Arunachal Pradesh
2130,450,2025-10-05,Cancelled,Credit Card,North Dumdum,Maharashtra
2131,275,2025-12-31,Delivered,Debit Card,Amravati,Mizoram
2132,474,2026-08-10,Delivered,UPI,Khammam,Meghalaya
2133,665,2026-06-15,Delivered,UPI,Arrah,Karnataka
2134,376,2024-11-01,Delivered,Net Banking,Satna,Karnataka
2135,705,2026-09-04,Delivered,Credit Card,Jamalpur,Uttar Pradesh
2136,981,2024-11-26,Delivered,COD,Raebareli,Gujarat
2137,412,2024-10-27,Delivered,Credit Card,Tenali,Maharashtra
2138,296,2025-07-29,Delivered,COD,Khammam,Karnataka
2139,403,2026-04-05,Delivered,UPI,Ichalkaranji,Sikkim
2140,839,2024-12-06,Delivered,UPI,Buxar,Tamil Nadu
2141,179,2025-05-10,Shipped,Debit Card,Sasaram,Telangana
2142,974,2025-04-18,Cancelled,COD,Mira-Bhayandar,Assam
2143,414,2025-07-25,Shipped,UPI,Rajkot,Assam
2144,842,2026-09-28,Delivered,Debit Card,Kolhapur,Karnataka
2145,787,2025-06-07,Delivered,Credit Card,Kota,Madhya Pradesh
2146,784,2025-03-10,Delivered,Net Banking,Noida,Arunachal Pradesh
2147,909,2025-01-05,Shipped,Debit Card,Karimnagar,Uttar Pradesh
2148,185,2025-03-02,Processing,Net Banking,Sonipat,Uttar Pradesh
2149,594,2025-01-13,Shipped,Credit Card,Haridwar,Keralam
2150,100,2025-12-01,Delivered,Credit Card,Coimbatore,Sikkim
2151,300,2025-08-11,Delivered,Net Banking,Rewa,Meghalaya
2152,41,2025-10-07,Processing,Credit Card,Loni,Odisha
2153,683,2026-06-07,Delivered,Net Banking,Tenali,Tripura
2154,608,2025-12-06,Delivered,UPI,Motihari,Assam
2155,741,2025-01-29,Delivered,Credit Card,Dhule,Gujarat
2156,177,2025-07-10,Delivered,UPI,Kozhikode,Keralam
2157,333,2025-05-24,Delivered,UPI,Bhilwara,Uttar Pradesh
2158,677,2026-06-04,Delivered,Credit Card,Mathura,Mizoram
2159,827,2025-05-20,Shipped,Debit Card,Proddatur,Keralam
2160,886,2025-01-17,Cancelled,UPI,Faridabad,Andhra Pradesh
2161,74,2026-03-29,Processing,UPI,Nangloi Jat,Mizoram
2162,403,2025-08-17,Delivered,COD,Kalyan-Dombivli,Haryana
2163,11,2024-12-17,Delivered,Debit Card,Muzaffarpur,Jharkhand
2164,819,2026-02-24,Delivered,Net Banking,Durgapur,West Bengal
2165,123,2025-03-11,Processing,Net Banking,North Dumdum,Manipur
2166,823,2026-07-04,Delivered,UPI,Tenali,Bihar
2167,157,2026-06-08,Cancelled,Net Banking,Sasaram,Arunachal Pradesh
2168,16,2025-07-05,Delivered,COD,Kumbakonam,Karnataka
2169,879,2025-11-18,Delivered,Debit Card,Vijayanagaram,Arunachal Pradesh
2170,439,2025-11-26,Shipped,COD,Thane,Madhya Pradesh
2171,425,2026-01-28,Delivered,COD,Giridih,Keralam
2172,647,2024-11-27,Cancelled,Debit Card,Dhule,Tripura
2173,275,2025-06-02,Delivered,UPI,Ballia,Jharkhand
2174,691,2025-02-09,Delivered,Net Banking,Chennai,Haryana
2175,430,2026-03-01,Delivered,COD,Jodhpur,Nagaland
2176,273,2024-11-27,Processing,Debit Card,Danapur,Nagaland
2177,395,2025-10-20,Delivered,COD,Sikar,Arunachal Pradesh
2178,7,2026-03-23,Shipped,Debit Card,Saharanpur,Assam
2179,302,2026-08-31,Shipped,Debit Card,Ichalkaranji,Chhattisgarh
2180,592,2025-05-06,Delivered,COD,Miryalaguda,Sikkim
2181,138,2024-10-14,Shipped,UPI,Sasaram,Goa
2182,119,2026-03-20,Processing,Debit Card,Kozhikode,West Bengal
2183,656,2024-10-09,Delivered,UPI,Narasaraopet,Madhya Pradesh
2184,429,2024-11-25,Shipped,Net Banking,Thanjavur,Uttarakhand
2185,137,2026-10-01,Delivered,COD,Khammam,Gujarat
2186,748,2026-06-30,Delivered,COD,Singrauli,Keralam
2187,776,2026-03-08,Delivered,Credit Card,Baranagar,Bihar
2188,35,2026-06-10,Processing,Net Banking,Bhopal,Telangana
2189,202,2024-12-02,Delivered,COD,Madanapalle,Mizoram
2190,371,2024-12-12,Delivered,COD,Kurnool,Assam
2191,732,2025-05-16,Delivered,Debit Card,Gorakhpur,Rajasthan
2192,75,2024-10-25,Delivered,UPI,Munger,Tripura
2193,806,2026-07-18,Shipped,Debit Card,Tiruppur,Punjab
2194,320,2024-11-18,Cancelled,Net Banking,Jehanabad,Tamil Nadu
2195,126,2025-11-09,Delivered,Net Banking,Kakinada,Haryana
2196,864,2026-06-23,Delivered,Credit Card,Karimnagar,Madhya Pradesh
2197,87,2026-03-29,Cancelled,Credit Card,Meerut,Telangana
2198,130,2025-03-28,Delivered,Net Banking,Tezpur,Nagaland
2199,950,2025-09-16,Delivered,Debit Card,Bellary,Nagaland
2200,520,2025-11-12,Cancelled,Debit Card,Tirupati,Sikkim
2201,464,2026-04-22,Processing,COD,Thrissur,Nagaland
2202,688,2025-08-15,Delivered,UPI,Thoothukudi,Bihar
2203,631,2025-05-04,Delivered,Credit Card,Panchkula,Goa
2204,614,2026-05-12,Processing,COD,Khammam,Sikkim
2205,24,2026-07-17,Delivered,COD,Katni,Gujarat
2206,552,2025-09-30,Delivered,Credit Card,Pallavaram,Odisha
2207,279,2024-10-28,Processing,COD,Kishanganj,Maharashtra
2208,808,2025-10-08,Delivered,Credit Card,Kulti,Nagaland
2209,506,2026-07-19,Delivered,UPI,Tadepalligudem,Gujarat
2210,124,2026-09-30,Delivered,Credit Card,Mumbai,Himachal Pradesh
2211,887,2025-07-28,Delivered,Debit Card,Udupi,Punjab
2212,285,2025-01-26,Delivered,UPI,Hyderabad,Chhattisgarh
2213,272,2025-11-30,Delivered,UPI,Mumbai,Himachal Pradesh
2214,937,2026-06-06,Delivered,Net Banking,Raiganj,West Bengal
2215,776,2026-08-29,Shipped,Net Banking,Tezpur,Chhattisgarh
2216,860,2024-11-15,Delivered,Net Banking,Jalandhar,Mizoram
2217,663,2025-05-08,Delivered,COD,Arrah,Chhattisgarh
2218,911,2025-09-22,Delivered,Credit Card,Jhansi,Punjab
2219,116,2024-12-19,Delivered,COD,Serampore,Bihar
2220,600,2026-07-17,Shipped,Credit Card,Parbhani,Mizoram
2221,294,2024-12-29,Delivered,COD,Lucknow,Madhya Pradesh
2222,399,2026-02-06,Delivered,Net Banking,Visakhapatnam,Punjab
2223,238,2026-08-10,Shipped,Credit Card,Barasat,Andhra Pradesh
2224,206,2026-02-20,Delivered,Credit Card,Firozabad,Manipur
2225,443,2026-04-18,Delivered,Debit Card,Kurnool,Meghalaya
2226,919,2025-04-18,Shipped,Debit Card,Ludhiana,Gujarat
2227,636,2026-06-04,Delivered,Credit Card,Akola,Himachal Pradesh
2228,350,2025-08-10,Shipped,Credit Card,Gorakhpur,Punjab
2229,434,2024-11-22,Shipped,COD,Noida,Meghalaya
2230,530,2025-07-03,Cancelled,Net Banking,Adoni,Mizoram
2231,245,2025-06-20,Delivered,UPI,Gopalpur,Uttarakhand
2232,522,2025-10-24,Shipped,Net Banking,Phusro,Keralam
2233,696,2025-04-19,Delivered,UPI,Rajkot,Tripura
2234,244,2025-09-10,Delivered,Debit Card,Thrissur,West Bengal
2235,585,2025-08-16,Processing,UPI,Sikar,Mizoram
2236,709,2025-06-04,Delivered,Net Banking,Ludhiana,Goa
2237,520,2026-02-28,Processing,UPI,Mehsana,Keralam
2238,292,2025-05-19,Delivered,Credit Card,Kirari Suleman Nagar,Arunachal Pradesh
2239,555,2026-04-20,Delivered,UPI,Akola,Punjab
2240,794,2025-04-09,Delivered,UPI,Gangtok,Haryana
2241,222,2026-07-01,Processing,UPI,Rajkot,Uttar Pradesh
2242,575,2025-07-01,Delivered,Debit Card,Ichalkaranji,Odisha
2243,681,2024-11-07,Delivered,COD,Panihati,Maharashtra
2244,322,2025-01-25,Delivered,Credit Card,Nagpur,Goa
2245,388,2026-05-20,Shipped,Net Banking,Maheshtala,Assam
2246,889,2026-07-07,Delivered,Debit Card,Sultan Pur Majra,Odisha
2247,364,2025-03-12,Delivered,Credit Card,Varanasi,Sikkim
2248,599,2025-12-22,Delivered,UPI,Karaikudi,Haryana
2249,150,2025-12-01,Delivered,Net Banking,Ahmednagar,Andhra Pradesh
2250,926,2025-01-14,Delivered,UPI,Baranagar,Himachal Pradesh
2251,597,2025-09-03,Delivered,Debit Card,Hubli–Dharwad,Sikkim
2252,761,2026-02-27,Cancelled,UPI,Sirsa,Mizoram
2253,603,2026-09-14,Processing,Net Banking,Tinsukia,Assam
2254,356,2026-06-19,Delivered,COD,Dindigul,Bihar
2255,341,2024-12-18,Delivered,Credit Card,Suryapet,Assam
2256,702,2025-03-30,Delivered,Credit Card,Pondicherry,Sikkim
2257,860,2025-08-23,Cancelled,Debit Card,Vellore,Sikkim
2258,128,2025-01-26,Delivered,Debit Card,Amaravati,Keralam
2259,846,2025-11-29,Delivered,Credit Card,Serampore,Punjab
2260,831,2024-10-14,Processing,Credit Card,Sri Ganganagar,Andhra Pradesh
2261,110,2024-12-30,Delivered,UPI,Siliguri,Meghalaya
2262,109,2024-11-11,Delivered,Credit Card,Hosur,Haryana
2263,696,2025-05-12,Delivered,Debit Card,Karimnagar,Tamil Nadu
2264,843,2026-04-17,Delivered,Net Banking,Chandigarh,Maharashtra
2265,394,2025-02-14,Delivered,Net Banking,Durgapur,Telangana
2266,641,2026-09-29,Cancelled,Debit Card,Secunderabad,Meghalaya
2267,1000,2025-04-23,Delivered,Net Banking,Hospet,Madhya Pradesh
2268,323,2024-11-10,Delivered,Debit Card,Kalyan-Dombivli,Uttarakhand
2269,226,2025-06-10,Shipped,Credit Card,Guna,West Bengal
2270,992,2026-04-07,Shipped,Credit Card,Khora ,Madhya Pradesh
2271,281,2024-12-25,Delivered,Debit Card,Panvel,Karnataka
2272,473,2024-11-29,Shipped,Credit Card,Chapra,Odisha
2273,443,2026-06-20,Delivered,Net Banking,Tiruppur,Chhattisgarh
2274,524,2025-12-14,Delivered,UPI,Jodhpur,Karnataka
2275,269,2025-06-16,Delivered,UPI,Gorakhpur,Telangana
2276,680,2026-04-13,Delivered,Debit Card,Saharsa,Uttar Pradesh
2277,692,2026-06-16,Processing,UPI,Ramgarh,Keralam
2278,201,2025-06-27,Shipped,UPI,Rohtak,Karnataka
2279,481,2025-11-22,Delivered,Credit Card,Ambattur,Tripura
2280,58,2024-10-16,Delivered,UPI,Unnao,Goa
2281,221,2025-05-19,Cancelled,Credit Card,Anantapur,Arunachal Pradesh
2282,988,2025-12-16,Delivered,Debit Card,Motihari,Assam
2283,507,2025-03-01,Delivered,Credit Card,Nagaon,Bihar
2284,623,2026-10-02,Delivered,COD,Muzaffarnagar,Tripura
2285,889,2026-09-17,Delivered,UPI,Vellore,Arunachal Pradesh
2286,714,2025-04-14,Delivered,Net Banking,Kamarhati,Jharkhand
2287,793,2025-07-24,Cancelled,Debit Card,Bhatpara,Mizoram
2288,713,2025-02-23,Delivered,Net Banking,Mumbai,Nagaland
2289,499,2025-10-11,Delivered,Net Banking,Shimla,Telangana
2290,633,2025-01-06,Shipped,UPI,Madurai,West Bengal
2291,289,2025-07-20,Delivered,Net Banking,New Delhi,Keralam
2292,891,2025-11-17,Shipped,Credit Card,Avadi,Gujarat
2293,180,2025-12-29,Delivered,Net Banking,Hosur,Assam
2294,885,2025-12-17,Delivered,Credit Card,Jhansi,Tripura
2295,879,2025-03-19,Delivered,Credit Card,Pune,Karnataka
2296,143,2026-05-09,Shipped,Net Banking,Sagar,Uttar Pradesh
2297,711,2026-02-25,Delivered,COD,Dhule,Jharkhand
2298,990,2026-04-11,Shipped,COD,Madurai,Sikkim
2299,573,2025-09-15,Delivered,Net Banking,Nizamabad,Odisha
2300,341,2026-07-22,Delivered,Debit Card,Kochi,Punjab
2301,880,2025-07-20,Shipped,Debit Card,Secunderabad,Odisha
2302,513,2026-05-19,Delivered,COD,Hyderabad,Himachal Pradesh
2303,122,2025-03-06,Processing,Credit Card,Tiruvottiyur,Assam
2304,250,2025-04-06,Delivered,COD,Dindigul,Andhra Pradesh
2305,683,2025-10-28,Delivered,Net Banking,Avadi,Keralam
2306,456,2025-11-18,Processing,Net Banking,Udupi,Tripura
2307,217,2026-04-06,Delivered,Debit Card,Srikakulam,Nagaland
2308,800,2025-05-13,Delivered,COD,Pallavaram,Odisha
2309,121,2026-07-07,Delivered,Net Banking,Panchkula,Haryana
2310,220,2025-06-06,Processing,UPI,Etawah,Maharashtra
2311,466,2025-11-02,Delivered,Net Banking,Rohtak,Keralam
2312,40,2026-08-19,Delivered,Net Banking,Yamunanagar,Bihar
2313,388,2025-11-06,Shipped,COD,Bhusawal,Nagaland
2314,910,2026-02-18,Delivered,COD,Pallavaram,Karnataka
2315,942,2026-08-02,Cancelled,COD,Nadiad,Keralam
2316,872,2026-09-19,Shipped,UPI,Morbi,Mizoram
2317,324,2025-10-08,Delivered,Net Banking,Fatehpur,Andhra Pradesh
2318,65,2025-08-08,Cancelled,COD,Tinsukia,Uttarakhand
2319,815,2025-03-01,Delivered,COD,Gwalior,Gujarat
2320,374,2025-11-04,Delivered,Debit Card,Bareilly,Punjab
2321,749,2026-08-09,Delivered,COD,Nadiad,Sikkim
2322,120,2025-09-29,Delivered,COD,New Delhi,Chhattisgarh
2323,668,2025-06-19,Delivered,UPI,Visakhapatnam,Gujarat
2324,587,2024-12-25,Delivered,COD,Tirupati,Keralam
2325,921,2025-07-19,Delivered,Net Banking,Thrissur,Tamil Nadu
2326,102,2025-03-30,Delivered,Debit Card,Bareilly,Nagaland
2327,408,2026-09-21,Delivered,UPI,Warangal,Maharashtra
2328,990,2025-10-28,Processing,COD,Guna,Telangana
2329,390,2025-01-16,Delivered,Credit Card,Coimbatore,Maharashtra
2330,659,2024-11-26,Delivered,Debit Card,Madhyamgram,Tripura
2331,161,2026-06-21,Delivered,Credit Card,Buxar,Sikkim
2332,729,2026-08-19,Delivered,COD,Jorhat,Chhattisgarh
2333,276,2026-04-18,Delivered,Debit Card,Nizamabad,Karnataka
2334,573,2025-01-06,Delivered,UPI,Hazaribagh,Andhra Pradesh
2335,880,2024-12-19,Delivered,UPI,Akola,Gujarat
2336,662,2025-03-02,Processing,COD,Durg,Andhra Pradesh
2337,475,2026-04-09,Delivered,Credit Card,Thane,Assam
2338,191,2026-04-20,Delivered,Net Banking,Ghaziabad,Andhra Pradesh
2339,342,2026-06-12,Shipped,UPI,Purnia,Odisha
2340,850,2024-12-18,Delivered,COD,Bhatpara,Keralam
2341,217,2025-01-28,Delivered,Net Banking,Davanagere,Maharashtra
2342,657,2026-07-27,Delivered,Credit Card,Shivpuri,Sikkim
2343,485,2026-08-17,Delivered,COD,Kolkata,Tamil Nadu
2344,321,2026-03-22,Delivered,Credit Card,Belgaum,Manipur
2345,717,2024-12-24,Delivered,COD,Varanasi,Madhya Pradesh
2346,363,2024-11-27,Delivered,Debit Card,South Dumdum,Odisha
2347,287,2024-11-18,Cancelled,Debit Card,Mau,Keralam
2348,530,2026-02-25,Delivered,UPI,Berhampur,Madhya Pradesh
2349,758,2026-06-18,Delivered,Credit Card,Bhiwandi,Himachal Pradesh
2350,865,2026-01-12,Delivered,UPI,Dehradun,Goa
2351,630,2025-04-17,Shipped,COD,Mira-Bhayandar,Goa
2352,662,2026-04-14,Delivered,UPI,Bahraich,Odisha
2353,788,2024-11-20,Delivered,UPI,Ambarnath,Telangana
2354,270,2026-06-05,Delivered,UPI,Jaipur,Keralam
2355,251,2026-07-21,Shipped,COD,Tinsukia,Assam
2356,484,2026-03-16,Delivered,COD,Gurgaon,Nagaland
2357,632,2026-07-12,Delivered,Net Banking,Visakhapatnam,Uttar Pradesh
2358,646,2025-12-10,Delivered,UPI,Junagadh,Manipur
2359,154,2025-09-15,Delivered,Debit Card,Jabalpur,Andhra Pradesh
2360,781,2025-05-31,Delivered,COD,Chandigarh,Assam
2361,364,2026-08-12,Delivered,UPI,Secunderabad,Manipur
2362,878,2026-03-01,Delivered,Net Banking,Rewa,Tripura
2363,725,2025-02-24,Shipped,UPI,Durgapur,Arunachal Pradesh
2364,983,2026-09-07,Processing,COD,Nagpur,Sikkim
2365,632,2024-11-20,Delivered,Debit Card,Chandigarh,Sikkim
2366,528,2025-12-11,Delivered,COD,Thiruvananthapuram,Arunachal Pradesh
2367,188,2025-02-24,Delivered,Debit Card,Bongaigaon,Goa
2368,399,2026-02-05,Delivered,Net Banking,Proddatur,Andhra Pradesh
2369,859,2025-08-05,Delivered,COD,Morena,Meghalaya
2370,383,2025-08-23,Delivered,Credit Card,Udaipur,Chhattisgarh
2371,54,2026-02-10,Processing,Net Banking,Bhiwandi,Uttar Pradesh
2372,246,2026-04-13,Delivered,Debit Card,Ahmednagar,Assam
2373,596,2025-07-12,Processing,Debit Card,Siliguri,Odisha
2374,630,2026-10-06,Delivered,Net Banking,Guntur,Tamil Nadu
2375,984,2025-10-07,Delivered,Credit Card,Hyderabad,Chhattisgarh
2376,934,2025-02-02,Delivered,UPI,Allahabad,Haryana
2377,532,2024-10-13,Delivered,Debit Card,Gorakhpur,Tamil Nadu
2378,555,2025-03-05,Delivered,COD,Bhimavaram,Assam
2379,801,2026-02-24,Delivered,UPI,Avadi,Madhya Pradesh
2380,49,2025-11-06,Delivered,Credit Card,Imphal,Haryana
2381,596,2025-06-12,Delivered,Net Banking,Nangloi Jat,Andhra Pradesh
2382,475,2025-09-24,Delivered,Debit Card,Maheshtala,Madhya Pradesh
2383,784,2026-06-12,Delivered,Net Banking,Morena,Maharashtra
2384,801,2025-11-29,Delivered,Debit Card,Kakinada,Jharkhand
2385,656,2024-11-19,Cancelled,COD,Malegaon,Tamil Nadu
2386,658,2024-11-13,Delivered,COD,Begusarai,Assam
2387,692,2025-09-25,Delivered,Debit Card,Ulhasnagar,Madhya Pradesh
2388,581,2025-07-30,Delivered,Debit Card,Sasaram,Goa
2389,228,2026-06-21,Delivered,Credit Card,Jabalpur,Sikkim
2390,285,2025-12-08,Delivered,Debit Card,Anand,Meghalaya
2391,742,2026-04-13,Delivered,COD,Buxar,Punjab
2392,619,2025-12-09,Delivered,Debit Card,Shahjahanpur,Bihar
2393,238,2025-06-17,Delivered,Net Banking,Mirzapur,Madhya Pradesh
2394,878,2026-01-31,Delivered,Debit Card,Firozabad,Arunachal Pradesh
2395,981,2026-01-05,Cancelled,Net Banking,Allahabad,Jharkhand
2396,627,2026-03-18,Cancelled,Net Banking,Kalyan-Dombivli,Uttarakhand
2397,228,2025-02-23,Delivered,Debit Card,Tenali,Rajasthan
2398,939,2026-01-19,Delivered,COD,Nellore,Assam
2399,237,2025-05-04,Delivered,COD,Katni,Karnataka
2400,433,2026-05-08,Delivered,UPI,Medininagar,Tripura
2401,859,2026-05-14,Delivered,Credit Card,Warangal,Chhattisgarh
2402,521,2026-01-07,Delivered,COD,Srikakulam,Sikkim
2403,243,2026-08-30,Delivered,Debit Card,Sangli-Miraj & Kupwad,Himachal Pradesh
2404,81,2025-11-04,Delivered,Credit Card,Khora ,Maharashtra
2405,361,2024-10-26,Delivered,Net Banking,Mehsana,Tripura
2406,673,2025-12-25,Cancelled,Net Banking,Bhiwani,Odisha
2407,715,2026-04-29,Processing,UPI,Erode,Haryana
2408,223,2024-12-21,Delivered,UPI,Kishanganj,Andhra Pradesh
2409,159,2024-12-23,Delivered,COD,Ulhasnagar,Gujarat
2410,702,2025-04-25,Delivered,Net Banking,Uluberia,Keralam
2411,160,2026-06-16,Delivered,Credit Card,Singrauli,Bihar
2412,65,2025-10-28,Delivered,COD,Madhyamgram,Tripura
2413,487,2026-09-21,Processing,UPI,Avadi,Arunachal Pradesh
2414,571,2026-07-07,Delivered,COD,Aizawl,Meghalaya
2415,244,2025-11-17,Delivered,UPI,Sasaram,West Bengal
2416,212,2026-02-16,Cancelled,Net Banking,Kharagpur,Jharkhand
2417,236,2025-06-07,Delivered,COD,Nandyal,Meghalaya
2418,343,2024-12-13,Delivered,Net Banking,Mysore,Assam
2419,10,2025-07-26,Shipped,Net Banking,Tiruvottiyur,Rajasthan
2420,12,2025-12-14,Shipped,Credit Card,Chandrapur,West Bengal
2421,371,2025-02-18,Delivered,Credit Card,Gopalpur,Sikkim
2422,20,2025-03-19,Shipped,Credit Card,Hindupur,Chhattisgarh
2423,319,2024-10-19,Delivered,UPI,Satara,Jharkhand
2424,581,2026-03-28,Delivered,Credit Card,Mathura,Rajasthan
2425,32,2026-07-27,Delivered,Credit Card,Karnal,Tamil Nadu
2426,618,2026-06-04,Shipped,Net Banking,Nellore,Keralam
2427,622,2025-07-12,Processing,Credit Card,Kadapa,Uttarakhand
2428,574,2025-12-15,Delivered,UPI,Alwar,Goa
2429,627,2026-09-09,Delivered,Net Banking,Khora ,Rajasthan
2430,810,2025-12-14,Shipped,Debit Card,Maheshtala,Maharashtra
2431,71,2025-05-12,Delivered,Credit Card,Sagar,Punjab
2432,169,2025-06-12,Delivered,Net Banking,Mirzapur,Mizoram
2433,318,2026-03-23,Shipped,Credit Card,Kurnool,Madhya Pradesh
2434,689,2025-08-30,Delivered,Net Banking,Amaravati,Tamil Nadu
2435,873,2026-06-11,Delivered,UPI,Kochi,Telangana
2436,919,2026-07-01,Delivered,Debit Card,Shahjahanpur,Tamil Nadu
2437,583,2024-11-03,Delivered,Debit Card,Khora ,Assam
2438,411,2026-03-20,Shipped,Credit Card,South Dumdum,Keralam
2439,412,2025-07-05,Delivered,Net Banking,Dindigul,Rajasthan
2440,60,2025-10-22,Delivered,Credit Card,Katni,Tripura
2441,466,2025-04-19,Delivered,Net Banking,Gopalpur,Karnataka
2442,513,2025-07-04,Delivered,Credit Card,Siwan,Rajasthan
2443,209,2025-06-06,Delivered,Debit Card,Ulhasnagar,Meghalaya
2444,768,2024-11-14,Delivered,Net Banking,Medininagar,Gujarat
2445,812,2026-05-02,Delivered,COD,Nizamabad,Uttar Pradesh
2446,303,2025-01-20,Delivered,Credit Card,Gandhinagar,Madhya Pradesh
2447,915,2025-07-09,Delivered,Debit Card,Delhi,Mizoram
2448,108,2025-02-26,Delivered,Debit Card,Maheshtala,Himachal Pradesh
2449,911,2025-02-02,Delivered,COD,Shimla,Andhra Pradesh
2450,769,2025-07-08,Delivered,COD,Jamalpur,Madhya Pradesh
2451,224,2026-08-10,Delivered,Net Banking,Sasaram,Rajasthan
2452,651,2026-08-28,Delivered,COD,Davanagere,Jharkhand
2453,311,2025-07-14,Delivered,UPI,Faridabad,Uttarakhand
2454,800,2025-10-12,Delivered,Net Banking,Unnao,Sikkim
2455,161,2026-09-28,Delivered,COD,Fatehpur,Nagaland
2456,245,2025-03-28,Shipped,Net Banking,Munger,Tamil Nadu
2457,308,2026-08-29,Delivered,Debit Card,Jamshedpur,Tripura
2458,200,2024-12-24,Delivered,COD,Bokaro,Rajasthan
2459,333,2025-03-22,Delivered,Net Banking,Mirzapur,Telangana
2460,603,2025-06-12,Delivered,COD,Kalyan-Dombivli,Punjab
2461,634,2024-11-04,Delivered,UPI,Alwar,Tripura
2462,554,2026-05-26,Delivered,Net Banking,Motihari,Assam
2463,190,2026-06-24,Delivered,Debit Card,Warangal,Jharkhand
2464,203,2025-07-15,Shipped,COD,Bhusawal,Tripura
2465,920,2026-06-11,Delivered,COD,Thane,Maharashtra
2466,252,2026-04-25,Shipped,COD,Hyderabad,Andhra Pradesh
2467,104,2026-05-16,Shipped,Credit Card,Naihati,Telangana
2468,454,2026-05-17,Delivered,Debit Card,Anantapuram,Odisha
2469,7,2025-12-01,Processing,UPI,New Delhi,Uttar Pradesh
2470,343,2024-12-28,Cancelled,COD,Muzaffarnagar,Andhra Pradesh
2471,855,2026-08-13,Delivered,Credit Card,Suryapet,Chhattisgarh
2472,268,2025-12-26,Delivered,Net Banking,Patiala,Manipur
2473,704,2026-07-28,Delivered,Debit Card,Lucknow,Goa
2474,490,2026-09-08,Delivered,COD,Muzaffarnagar,Manipur
2475,356,2025-02-22,Delivered,COD,Yamunanagar,Jharkhand
2476,662,2025-07-29,Delivered,Net Banking,Hosur,Goa
2477,596,2025-02-26,Delivered,Net Banking,Nanded,Sikkim
2478,319,2024-11-14,Shipped,UPI,Aurangabad,Arunachal Pradesh
2479,224,2026-09-13,Delivered,COD,Shivpuri,Tripura
2480,917,2026-08-13,Delivered,UPI,Bareilly,Chhattisgarh
2481,169,2026-08-19,Delivered,Debit Card,Vellore,Mizoram
2482,960,2026-07-15,Shipped,Credit Card,New Delhi,West Bengal
2483,472,2026-01-25,Delivered,Credit Card,Phagwara,Bihar
2484,997,2025-10-24,Delivered,COD,Malegaon,Uttar Pradesh
2485,354,2026-10-02,Delivered,Credit Card,Parbhani,Himachal Pradesh
2486,566,2025-11-15,Delivered,Debit Card,Delhi,Rajasthan
2487,616,2026-01-20,Shipped,Credit Card,Aizawl,Telangana
2488,339,2025-03-12,Delivered,COD,Adoni,Gujarat
2489,219,2026-04-06,Delivered,Net Banking,Amroha,Jharkhand
2490,521,2026-05-29,Delivered,Debit Card,Ahmednagar,Tripura
2491,663,2026-02-15,Processing,UPI,Jodhpur,Assam
2492,262,2025-10-07,Shipped,UPI,Raiganj,Bihar
2493,767,2025-03-01,Delivered,Credit Card,Jalgaon,Himachal Pradesh
2494,639,2024-11-02,Shipped,Debit Card,Srikakulam,Mizoram
2495,167,2026-01-09,Delivered,COD,Lucknow,Tamil Nadu
2496,939,2026-02-19,Shipped,UPI,Tiruppur,Meghalaya
2497,44,2026-04-25,Shipped,Debit Card,Junagadh,Maharashtra
2498,654,2026-09-02,Delivered,Credit Card,Pondicherry,Tripura
2499,440,2025-10-06,Delivered,UPI,Panchkula,Chhattisgarh
2500,654,2026-06-05,Delivered,Net Banking,Mango,Uttar Pradesh
2501,775,2026-03-15,Delivered,Net Banking,Serampore,Himachal Pradesh
2502,688,2025-04-28,Delivered,COD,Solapur,Haryana
2503,651,2026-06-17,Delivered,Debit Card,Gulbarga,Uttarakhand
2504,841,2024-11-16,Delivered,Credit Card,Dhule,Odisha
2505,702,2025-12-19,Delivered,COD,Satara,Madhya Pradesh
2506,814,2026-08-25,Delivered,Credit Card,Machilipatnam,Jharkhand
2507,403,2026-02-01,Delivered,Net Banking,Kulti,Madhya Pradesh
2508,203,2026-08-23,Delivered,COD,Ahmednagar,Tamil Nadu
2509,235,2024-11-18,Delivered,UPI,Ghaziabad,Chhattisgarh
2510,613,2025-11-01,Shipped,COD,Nagpur,Chhattisgarh
2511,532,2026-05-01,Cancelled,Credit Card,Amritsar,Himachal Pradesh
2512,78,2026-01-20,Delivered,Debit Card,Lucknow,Maharashtra
2513,205,2026-07-13,Delivered,Credit Card,Aurangabad,Tamil Nadu
2514,968,2025-09-11,Delivered,UPI,Karimnagar,Goa
2515,727,2026-02-18,Cancelled,Net Banking,Jaipur,Tamil Nadu
2516,755,2025-08-10,Delivered,Debit Card,Junagadh,Uttar Pradesh
2517,197,2026-07-07,Shipped,Debit Card,Khandwa,Madhya Pradesh
2518,65,2025-01-03,Delivered,Debit Card,Junagadh,Uttarakhand
2519,292,2025-04-11,Delivered,Net Banking,Karnal,Uttar Pradesh
2520,857,2024-12-18,Delivered,COD,Agartala,Tamil Nadu
2521,507,2026-03-05,Shipped,Debit Card,Bhilwara,Karnataka
2522,785,2025-03-27,Processing,UPI,Sangli-Miraj & Kupwad,Himachal Pradesh
2523,487,2025-05-27,Delivered,Credit Card,Muzaffarnagar,Tripura
2524,491,2026-06-11,Delivered,Debit Card,Vadodara,Madhya Pradesh
2525,601,2025-06-28,Delivered,UPI,Bharatpur,Andhra Pradesh
2526,959,2025-01-22,Cancelled,Credit Card,Berhampur,Rajasthan
2527,438,2024-10-23,Delivered,Credit Card,Kozhikode,Jharkhand
2528,596,2025-03-22,Shipped,COD,Tadepalligudem,Uttarakhand
2529,920,2026-08-07,Delivered,Debit Card,Chandrapur,Telangana
2530,373,2025-11-12,Delivered,COD,Loni,Assam
2531,840,2026-10-04,Delivered,Debit Card,Bidhannagar,Uttar Pradesh
2532,536,2025-03-14,Delivered,Debit Card,Durg,Uttarakhand
2533,880,2025-06-22,Shipped,COD,Junagadh,Sikkim
2534,468,2025-02-04,Processing,Net Banking,Gaya,Haryana
2535,630,2025-07-26,Processing,Credit Card,Alappuzha,Odisha
2536,324,2025-11-23,Delivered,Credit Card,Rourkela,Tripura
2537,636,2026-05-21,Shipped,Net Banking,Ahmednagar,Tamil Nadu
2538,327,2025-07-04,Delivered,UPI,Udupi,Madhya Pradesh
2539,610,2026-04-24,Delivered,UPI,Chapra,Punjab
2540,789,2026-01-08,Delivered,UPI,Tumkur,Karnataka
2541,435,2025-05-09,Delivered,Net Banking,Bhusawal,Haryana
2542,430,2026-08-05,Delivered,Debit Card,Noida,Odisha
2543,323,2025-08-21,Delivered,UPI,Thiruvananthapuram,Maharashtra
2544,731,2025-01-26,Delivered,Net Banking,Jabalpur,Gujarat
2545,593,2026-09-11,Delivered,Net Banking,Agartala,Odisha
2546,517,2026-08-06,Delivered,Net Banking,Deoghar,Jharkhand
2547,26,2024-11-13,Delivered,UPI,Surendranagar Dudhrej,Mizoram
2548,111,2026-07-29,Shipped,COD,Mangalore,Karnataka
2549,8,2026-08-31,Delivered,UPI,Deoghar,Tripura
2550,851,2026-06-05,Delivered,Debit Card,Sambalpur,Telangana
2551,852,2025-04-12,Shipped,Debit Card,Anantapur,Maharashtra
2552,68,2026-01-12,Processing,Credit Card,Darbhanga,Punjab
2553,47,2025-11-05,Processing,Credit Card,Orai,Chhattisgarh
2554,782,2026-01-04,Shipped,UPI,Singrauli,West Bengal
2555,525,2026-01-01,Cancelled,Debit Card,Rourkela,Gujarat
2556,309,2026-01-18,Delivered,Net Banking,Nandyal,Tripura
2557,615,2025-10-18,Cancelled,Credit Card,Mira-Bhayandar,Telangana
2558,237,2026-02-24,Cancelled,Debit Card,Narasaraopet,Chhattisgarh
2559,199,2025-10-27,Delivered,COD,Chapra,Andhra Pradesh
2560,368,2024-10-20,Processing,Credit Card,Surendranagar Dudhrej,Rajasthan
2561,896,2024-11-03,Shipped,Credit Card,Malda,Tripura
2562,768,2026-09-07,Shipped,UPI,Bhubaneswar,Rajasthan
2563,191,2026-08-03,Processing,Debit Card,Nanded,Arunachal Pradesh
2564,562,2025-12-09,Delivered,Credit Card,Jabalpur,Odisha
2565,885,2025-02-12,Delivered,COD,Bhavnagar,Karnataka
2566,952,2026-05-01,Delivered,Credit Card,Tumkur,Uttar Pradesh
2567,763,2025-01-21,Shipped,Net Banking,Dehri,Tamil Nadu
2568,129,2025-07-10,Processing,UPI,Tenali,Tamil Nadu
2569,241,2025-06-06,Processing,Credit Card,Loni,Keralam
2570,219,2024-10-17,Shipped,UPI,Saharsa,Jharkhand
2571,151,2026-05-20,Cancelled,Debit Card,Medininagar,Telangana
2572,176,2025-10-15,Delivered,UPI,Chandrapur,Bihar
2573,317,2025-05-27,Cancelled,UPI,Rourkela,Assam
2574,556,2025-10-13,Delivered,Debit Card,Cuttack,Arunachal Pradesh
2575,398,2024-10-08,Delivered,Debit Card,Tiruppur,Manipur
2576,421,2025-08-23,Delivered,Credit Card,Ghaziabad,Assam
2577,246,2025-10-22,Delivered,Debit Card,Bihar Sharif,Mizoram
2578,152,2025-06-13,Delivered,Debit Card,Mahbubnagar,Chhattisgarh
2579,999,2026-06-06,Delivered,Net Banking,Eluru,Tripura
2580,599,2025-04-08,Delivered,Debit Card,Dewas,Madhya Pradesh
2581,230,2025-01-17,Shipped,COD,Nagpur,Assam
2582,810,2025-10-28,Delivered,Credit Card,Morbi,Punjab
2583,831,2026-07-18,Delivered,UPI,Pune,Jharkhand
2584,967,2025-07-09,Delivered,Debit Card,Raebareli,Haryana
2585,160,2024-11-11,Delivered,UPI,Hospet,Odisha
2586,640,2026-09-16,Delivered,Net Banking,Barasat,Uttarakhand
2587,981,2025-08-28,Delivered,Credit Card,Sambalpur,West Bengal
2588,807,2025-02-11,Shipped,Credit Card,Pune,Madhya Pradesh
2589,226,2025-12-31,Delivered,Debit Card,Bahraich,Telangana
2590,894,2025-05-29,Shipped,UPI,Morbi,Goa
2591,422,2026-08-24,Delivered,Credit Card,Kirari Suleman Nagar,Telangana
2592,489,2025-05-11,Shipped,COD,Serampore,Uttarakhand
2593,559,2025-11-14,Cancelled,Net Banking,Madhyamgram,Manipur
2594,772,2025-11-09,Delivered,Debit Card,Vijayanagaram,Manipur
2595,121,2025-04-03,Delivered,Debit Card,Sambalpur,Meghalaya
2596,540,2025-10-07,Delivered,Debit Card,Salem,Assam
2597,817,2024-12-27,Delivered,COD,Dindigul,Tripura
2598,549,2026-01-21,Delivered,COD,Etawah,Rajasthan
2599,275,2026-04-15,Delivered,Debit Card,Kharagpur,Tripura
2600,57,2026-09-01,Processing,COD,Solapur,Bihar
2601,550,2025-06-03,Cancelled,UPI,Raichur,Tamil Nadu
2602,704,2025-05-04,Delivered,Credit Card,Thane,Karnataka
2603,550,2025-11-13,Delivered,Credit Card,Jabalpur,Tamil Nadu
2604,980,2026-02-26,Delivered,Net Banking,Bathinda,West Bengal
2605,603,2026-10-02,Delivered,Net Banking,Tirupati,Tripura
2606,509,2024-10-26,Processing,Debit Card,Hyderabad,Uttar Pradesh
2607,56,2025-03-31,Delivered,Credit Card,Ulhasnagar,Bihar
2608,559,2025-04-18,Delivered,Debit Card,Allahabad,Jharkhand
2609,169,2025-04-12,Delivered,Credit Card,Danapur,Himachal Pradesh
2610,725,2025-09-12,Delivered,Debit Card,Saharsa,Manipur
2611,162,2026-07-07,Delivered,Credit Card,Nagpur,West Bengal
2612,907,2024-10-31,Delivered,COD,Sambhal,Punjab
2613,303,2026-05-27,Delivered,Net Banking,Pudukkottai,Meghalaya
2614,434,2026-01-02,Delivered,UPI,Sri Ganganagar,Tamil Nadu
2615,145,2025-12-31,Processing,COD,Anantapuram,Chhattisgarh
2616,211,2026-02-15,Delivered,Net Banking,Faridabad,Odisha
2617,922,2024-12-31,Shipped,Credit Card,Bahraich,Manipur
2618,284,2026-04-06,Delivered,Debit Card,Bhiwani,Goa
2619,513,2025-04-07,Delivered,UPI,Motihari,Odisha
2620,982,2025-10-20,Processing,UPI,Jamnagar,Telangana
2621,624,2026-02-14,Delivered,Debit Card,Bathinda,Telangana
2622,42,2025-12-23,Delivered,Net Banking,Shimoga,Telangana
2623,358,2025-06-01,Delivered,Credit Card,Ajmer,Tamil Nadu
2624,387,2025-07-24,Shipped,Credit Card,Tiruchirappalli,Maharashtra
2625,277,2025-09-21,Processing,COD,Bally,Arunachal Pradesh
2626,242,2024-11-07,Delivered,COD,Muzaffarnagar,West Bengal
2627,504,2026-03-22,Delivered,Debit Card,Varanasi,Madhya Pradesh
2628,378,2024-12-20,Delivered,UPI,Ahmedabad,Nagaland
2629,295,2025-09-08,Delivered,Net Banking,Jammu,Andhra Pradesh
2630,413,2026-01-29,Delivered,Net Banking,Jehanabad,Tripura
2631,344,2024-12-06,Delivered,COD,Erode,Tripura
2632,229,2026-10-05,Shipped,COD,Purnia,Uttar Pradesh
2633,453,2025-07-10,Delivered,Net Banking,Bhagalpur,Chhattisgarh
2634,943,2024-10-20,Shipped,UPI,Amritsar,Telangana
2635,506,2026-02-01,Delivered,Credit Card,Agra,Nagaland
2636,598,2025-11-19,Shipped,Net Banking,Karawal Nagar,Chhattisgarh
2637,985,2026-01-18,Delivered,Net Banking,Muzaffarnagar,Meghalaya
2638,614,2026-04-09,Delivered,Debit Card,Dehradun,Maharashtra
2639,224,2025-09-20,Delivered,Debit Card,Raipur,Nagaland
2640,399,2026-06-04,Delivered,Net Banking,Jaunpur,Assam
2641,488,2025-07-05,Delivered,Debit Card,Tadepalligudem,Meghalaya
2642,475,2025-11-10,Delivered,UPI,Nandyal,Odisha
2643,150,2025-02-01,Delivered,COD,Gangtok,Rajasthan
2644,106,2026-01-04,Delivered,Credit Card,Khammam,Sikkim
2645,350,2025-04-17,Processing,Credit Card,Giridih,Nagaland
2646,915,2026-03-01,Shipped,UPI,Hindupur,Punjab
2647,718,2026-05-16,Delivered,Debit Card,Kamarhati,Assam
2648,842,2026-06-27,Cancelled,COD,Raebareli,Tamil Nadu
2649,175,2026-08-17,Delivered,UPI,Darbhanga,Karnataka
2650,415,2025-01-05,Delivered,Credit Card,Danapur,Meghalaya
2651,582,2025-01-17,Shipped,UPI,Panchkula,Meghalaya
2652,435,2026-08-15,Delivered,UPI,Faridabad,West Bengal
2653,417,2025-07-13,Delivered,Net Banking,Bardhaman,Jharkhand
2654,360,2024-10-27,Delivered,Credit Card,Siliguri,Karnataka
2655,52,2025-05-05,Delivered,Net Banking,Muzaffarnagar,Sikkim
2656,858,2026-06-10,Delivered,Debit Card,Madhyamgram,Nagaland
2657,934,2025-06-24,Delivered,Net Banking,Navi Mumbai,Himachal Pradesh
2658,81,2024-12-03,Delivered,UPI,Haridwar,Jharkhand
2659,414,2026-03-19,Delivered,Credit Card,Gurgaon,Telangana
2660,518,2025-02-27,Delivered,Debit Card,Dewas,Telangana
2661,784,2025-06-23,Delivered,UPI,Latur,Chhattisgarh
2662,987,2024-10-11,Processing,Debit Card,Ongole,Keralam
2663,417,2025-12-21,Shipped,Debit Card,Satara,Sikkim
2664,749,2025-08-29,Delivered,Debit Card,Junagadh,Bihar
2665,938,2026-07-03,Shipped,Debit Card,Bhiwani,Goa
2666,831,2025-06-09,Delivered,Net Banking,Vijayanagaram,Chhattisgarh
2667,291,2025-03-06,Delivered,Net Banking,Ludhiana,Manipur
2668,818,2025-02-06,Delivered,UPI,Uluberia,Madhya Pradesh
2669,413,2025-03-03,Delivered,Net Banking,Aizawl,Himachal Pradesh
2670,18,2025-09-02,Shipped,COD,Morbi,Bihar
2671,759,2024-12-11,Cancelled,COD,Tenali,Nagaland
2672,836,2025-07-29,Delivered,Credit Card,Machilipatnam,Tamil Nadu
2673,344,2026-06-24,Delivered,Net Banking,Noida,Goa
2674,451,2026-04-21,Delivered,COD,Latur,Odisha
2675,365,2026-01-16,Delivered,Credit Card,Naihati,Tamil Nadu
2676,118,2026-07-22,Delivered,COD,Khora ,Meghalaya
2677,995,2026-05-01,Cancelled,Net Banking,Guntakal,Mizoram
2678,23,2026-01-27,Shipped,Net Banking,Gwalior,Chhattisgarh
2679,556,2026-06-30,Cancelled,Net Banking,Gwalior,Uttarakhand
2680,15,2025-01-07,Delivered,Net Banking,Bangalore,Uttarakhand
2681,690,2026-05-28,Delivered,COD,Panvel,Punjab
2682,901,2025-05-12,Delivered,COD,Kumbakonam,Uttar Pradesh
2683,644,2026-03-27,Processing,Debit Card,Saharanpur,Nagaland
2684,607,2026-08-06,Delivered,Debit Card,Delhi,Odisha
2685,828,2025-10-05,Delivered,Net Banking,Belgaum,Telangana
2686,975,2024-12-12,Delivered,COD,Guntur,Arunachal Pradesh
2687,862,2025-07-05,Shipped,Credit Card,Ambarnath,Gujarat
2688,232,2025-08-01,Shipped,Credit Card,Aurangabad,Goa
2689,564,2026-08-23,Delivered,Net Banking,Thane,Nagaland
2690,819,2026-08-27,Delivered,COD,Tirupati,Gujarat
2691,295,2025-11-27,Shipped,COD,Salem,Karnataka
2692,676,2026-09-02,Delivered,UPI,Ballia,Maharashtra
2693,23,2025-08-22,Delivered,COD,Thane,Rajasthan
2694,878,2025-08-04,Delivered,Net Banking,Nellore,Manipur
2695,615,2026-06-11,Delivered,UPI,Katni,Andhra Pradesh
2696,744,2026-02-07,Delivered,UPI,Moradabad,Punjab
2697,826,2025-10-24,Cancelled,Credit Card,Guntakal,Keralam
2698,219,2025-09-06,Delivered,COD,Tadepalligudem,Bihar
2699,451,2026-03-07,Delivered,Net Banking,Pudukkottai,Odisha
2700,859,2026-04-11,Delivered,Debit Card,Durgapur,Haryana
2701,165,2025-10-01,Delivered,Net Banking,Surendranagar Dudhrej,Madhya Pradesh
2702,823,2024-10-31,Delivered,Debit Card,Sangli-Miraj & Kupwad,West Bengal
2703,289,2024-12-21,Delivered,COD,Mehsana,Gujarat
2704,576,2025-01-21,Delivered,UPI,Anantapuram,Tripura
2705,510,2025-09-10,Delivered,Credit Card,Singrauli,Maharashtra
2706,687,2025-12-30,Delivered,Credit Card,Ujjain,Uttarakhand
2707,837,2026-05-18,Delivered,COD,Bidhannagar,Telangana
2708,349,2025-03-27,Delivered,Debit Card,Danapur,Telangana
2709,172,2026-05-05,Delivered,Net Banking,Durg,Goa
2710,423,2026-02-06,Delivered,COD,Gurgaon,Tamil Nadu
2711,613,2024-11-15,Delivered,UPI,Tirupati,Karnataka
2712,751,2025-06-21,Processing,COD,Bhagalpur,Uttar Pradesh
2713,754,2025-05-17,Delivered,UPI,Surendranagar Dudhrej,West Bengal
2714,340,2026-07-17,Processing,Net Banking,Bhatpara,Nagaland
2715,937,2026-08-11,Delivered,Net Banking,Vijayawada,Uttar Pradesh
2716,84,2026-05-29,Shipped,COD,Dharmavaram,Manipur
2717,117,2025-10-28,Delivered,UPI,Siliguri,Andhra Pradesh
2718,25,2025-10-03,Delivered,COD,Sultan Pur Majra,Tripura
2719,927,2025-05-23,Delivered,Net Banking,Jalgaon,Manipur
2720,181,2026-04-25,Delivered,UPI,Ichalkaranji,Arunachal Pradesh
2721,602,2024-12-10,Processing,Debit Card,Imphal,Arunachal Pradesh
2722,813,2025-04-24,Delivered,COD,Ongole,Rajasthan
2723,767,2025-01-15,Delivered,Debit Card,Alappuzha,Uttar Pradesh
2724,949,2025-10-04,Delivered,Credit Card,Suryapet,Punjab
2725,54,2025-05-15,Delivered,Credit Card,Bhagalpur,Madhya Pradesh
2726,408,2025-03-01,Delivered,Debit Card,Visakhapatnam,Himachal Pradesh
2727,507,2025-07-10,Shipped,COD,Sangli-Miraj & Kupwad,Keralam
2728,697,2026-06-28,Delivered,Net Banking,Nellore,Jharkhand
2729,623,2025-11-19,Shipped,Net Banking,Amritsar,Haryana
2730,560,2026-06-01,Delivered,Net Banking,Patna,Bihar
2731,307,2026-08-06,Cancelled,Net Banking,Pali,Meghalaya
2732,107,2026-07-29,Delivered,Debit Card,Mehsana,Gujarat
2733,432,2025-06-21,Delivered,Net Banking,Sikar,Chhattisgarh
2734,260,2026-07-11,Processing,Credit Card,Hospet,Haryana
2735,555,2026-08-03,Delivered,Debit Card,Khammam,Tamil Nadu
2736,798,2026-09-08,Delivered,Credit Card,Satna,Mizoram
2737,553,2025-06-21,Delivered,COD,Chennai,Maharashtra
2738,584,2025-03-24,Delivered,Net Banking,Chandrapur,Mizoram
2739,42,2025-12-09,Processing,Debit Card,Tiruchirappalli,Meghalaya
2740,645,2026-08-19,Shipped,Debit Card,Thanjavur,Maharashtra
2741,440,2026-07-27,Delivered,Debit Card,Kalyan-Dombivli,Telangana
2742,124,2025-11-29,Cancelled,Net Banking,Mathura,Rajasthan
2743,214,2025-01-25,Delivered,Credit Card,Alwar,Goa
2744,781,2025-08-12,Processing,COD,Bokaro,Tamil Nadu
2745,917,2026-03-13,Delivered,Credit Card,Agra,Chhattisgarh
2746,508,2025-11-21,Delivered,UPI,Karimnagar,Assam
2747,977,2025-06-17,Delivered,Net Banking,Srikakulam,Keralam
2748,181,2025-06-15,Delivered,Net Banking,Naihati,Karnataka
2749,300,2024-11-21,Delivered,Credit Card,Vasai-Virar,Tamil Nadu
2750,931,2025-05-07,Delivered,Net Banking,Orai,Punjab
2751,176,2026-02-09,Delivered,Net Banking,Rajpur Sonarpur,Arunachal Pradesh
2752,660,2025-04-02,Delivered,Net Banking,Thoothukudi,Maharashtra
2753,220,2026-10-03,Delivered,COD,Bettiah,Tamil Nadu
2754,332,2024-12-07,Delivered,COD,Dehri,Rajasthan
2755,478,2025-12-12,Delivered,Debit Card,Raebareli,Manipur
2756,360,2025-10-05,Processing,Credit Card,Malda,Nagaland
2757,875,2026-06-08,Delivered,UPI,Siwan,Meghalaya
2758,973,2026-07-18,Cancelled,Debit Card,Varanasi,Gujarat
2759,501,2025-11-09,Processing,Net Banking,Thoothukudi,Meghalaya
2760,526,2026-01-11,Delivered,Net Banking,Vellore,Odisha
2761,56,2026-03-02,Delivered,UPI,Bhalswa Jahangir Pur,Arunachal Pradesh
2762,235,2025-10-23,Delivered,Net Banking,Madhyamgram,Punjab
2763,40,2025-02-20,Shipped,Net Banking,Satna,Gujarat
2764,857,2025-08-17,Delivered,Net Banking,Hospet,Andhra Pradesh
2765,228,2025-04-02,Cancelled,Debit Card,Dewas,Sikkim
2766,341,2025-09-12,Processing,UPI,Berhampur,Karnataka
2767,843,2025-12-31,Delivered,Debit Card,Tenali,Keralam
2768,714,2025-03-10,Shipped,Net Banking,Kolkata,Nagaland
2769,622,2025-04-08,Delivered,Debit Card,Thane,Meghalaya
2770,39,2026-06-01,Shipped,Debit Card,Hospet,Nagaland
2771,563,2025-07-11,Shipped,Debit Card,Sikar,Uttarakhand
2772,561,2025-03-02,Delivered,Debit Card,Chinsurah,Odisha
2773,319,2026-03-13,Delivered,Credit Card,Aurangabad,Arunachal Pradesh
2774,745,2026-03-15,Delivered,Net Banking,Jorhat,Gujarat
2775,930,2026-06-03,Processing,Credit Card,Pune,Madhya Pradesh
2776,260,2026-04-16,Delivered,Debit Card,Ghaziabad,Maharashtra
2777,332,2026-10-02,Processing,Debit Card,Mehsana,Karnataka
2778,323,2025-12-02,Delivered,Net Banking,Deoghar,Goa
2779,835,2025-05-05,Delivered,COD,Bhiwandi,Assam
2780,78,2026-06-30,Processing,Net Banking,Pali,Chhattisgarh
2781,896,2025-04-19,Delivered,UPI,Belgaum,Uttarakhand
2782,776,2025-05-08,Delivered,Net Banking,Kanpur,Keralam
2783,484,2026-06-05,Delivered,Credit Card,Vijayawada,Uttarakhand
2784,584,2026-07-14,Delivered,UPI,Sambalpur,Jharkhand
2785,895,2025-06-13,Delivered,UPI,Jaipur,Himachal Pradesh
2786,770,2026-03-24,Delivered,COD,Bikaner,Maharashtra
2787,277,2026-08-12,Delivered,Debit Card,Gulbarga,Uttarakhand
2788,51,2026-05-14,Delivered,Credit Card,Bardhaman,Meghalaya
2789,659,2024-10-12,Delivered,UPI,Nanded,Andhra Pradesh
2790,146,2026-02-05,Delivered,Net Banking,Kurnool,Haryana
2791,88,2025-02-09,Delivered,Net Banking,Mirzapur,West Bengal
2792,983,2026-06-18,Cancelled,Credit Card,Tumkur,Chhattisgarh
2793,474,2024-11-26,Delivered,UPI,Hosur,Telangana
2794,651,2026-10-03,Delivered,Credit Card,Solapur,Uttarakhand
2795,218,2025-02-14,Delivered,Net Banking,Bhilai,Gujarat
2796,102,2025-08-11,Processing,UPI,Mathura,Meghalaya
2797,63,2025-03-28,Shipped,Credit Card,Gopalpur,Mizoram
2798,355,2026-05-25,Shipped,UPI,Raipur,Tamil Nadu
2799,4,2025-07-22,Processing,Debit Card,Naihati,Tamil Nadu
2800,421,2026-04-05,Delivered,UPI,Orai,Arunachal Pradesh
2801,325,2024-11-26,Cancelled,UPI,Sasaram,Himachal Pradesh
2802,527,2025-09-04,Delivered,UPI,Ongole,Uttarakhand
2803,590,2026-08-04,Shipped,Net Banking,Gwalior,Jharkhand
2804,309,2026-08-16,Processing,Debit Card,Tiruchirappalli,Gujarat
2805,456,2025-03-09,Processing,COD,Belgaum,Nagaland
2806,79,2025-07-23,Delivered,Credit Card,Maheshtala,Goa
2807,302,2025-08-03,Shipped,Credit Card,Surat,Chhattisgarh
2808,979,2025-11-25,Delivered,Credit Card,Rajkot,Tamil Nadu
2809,992,2025-11-04,Delivered,COD,Ulhasnagar,Bihar
2810,486,2024-12-24,Delivered,Debit Card,Nanded,Tripura
2811,940,2026-04-18,Delivered,Credit Card,Nangloi Jat,Gujarat
2812,502,2025-03-22,Delivered,Net Banking,Ludhiana,Assam
2813,126,2025-05-26,Delivered,Debit Card,Pali,Rajasthan
2814,868,2026-06-14,Delivered,UPI,Vasai-Virar,Chhattisgarh
2815,416,2026-02-23,Delivered,Net Banking,Rajpur Sonarpur,Karnataka
2816,613,2025-07-24,Delivered,UPI,Jhansi,Jharkhand
2817,649,2026-08-05,Delivered,UPI,Dharmavaram,Manipur
2818,309,2025-07-23,Shipped,Net Banking,Ambattur,Maharashtra
2819,734,2025-11-25,Delivered,Debit Card,Proddatur,Goa
2820,502,2025-04-06,Shipped,Credit Card,Munger,Gujarat
2821,367,2025-02-19,Delivered,UPI,Arrah,Goa
2822,298,2025-10-02,Delivered,Debit Card,Kalyan-Dombivli,Arunachal Pradesh
2823,747,2025-11-23,Delivered,Net Banking,Bidhannagar,Odisha
2824,250,2026-05-19,Delivered,Credit Card,Delhi,Maharashtra
2825,125,2025-07-20,Delivered,Debit Card,Pune,Bihar
2826,882,2026-07-23,Delivered,Credit Card,Sonipat,Jharkhand
2827,332,2025-12-25,Delivered,COD,Chennai,Odisha
2828,642,2024-11-28,Delivered,Net Banking,Madhyamgram,Haryana
2829,717,2026-04-01,Delivered,Credit Card,Guntur,Keralam
2830,839,2025-12-02,Delivered,Debit Card,Hindupur,Rajasthan
2831,626,2025-07-19,Shipped,COD,Guntakal,Odisha
2832,708,2025-09-14,Delivered,Credit Card,Bhalswa Jahangir Pur,Punjab
2833,838,2025-05-16,Delivered,UPI,Begusarai,Karnataka
2834,944,2025-12-30,Delivered,Credit Card,Jamshedpur,Maharashtra
2835,47,2025-11-26,Delivered,Net Banking,Ratlam,Telangana
2836,744,2025-08-30,Delivered,COD,Bijapur,Tripura
2837,175,2025-05-04,Delivered,Credit Card,Durg,Arunachal Pradesh
2838,892,2025-07-26,Delivered,UPI,Aligarh,Telangana
2839,49,2025-10-06,Delivered,UPI,Dewas,Uttar Pradesh
2840,247,2025-09-17,Delivered,Debit Card,Rampur,Uttarakhand
2841,193,2025-05-22,Delivered,UPI,Jamnagar,Haryana
2842,604,2025-12-07,Delivered,UPI,Mau,Manipur
2843,5,2025-03-22,Cancelled,Net Banking,Aurangabad,Arunachal Pradesh
2844,18,2025-10-09,Delivered,COD,Aurangabad,Bihar
2845,505,2025-01-05,Delivered,Credit Card,Aizawl,Meghalaya
2846,972,2025-09-18,Delivered,Debit Card,Vellore,Goa
2847,529,2026-05-03,Delivered,Debit Card,Indore,Gujarat
2848,446,2026-05-28,Shipped,Net Banking,Khammam,Himachal Pradesh
2849,658,2026-02-27,Shipped,COD,Tiruchirappalli,Madhya Pradesh
2850,552,2026-04-05,Delivered,COD,Loni,Chhattisgarh
2851,385,2024-11-25,Delivered,Credit Card,Mirzapur,Tamil Nadu
2852,589,2025-06-14,Shipped,COD,Bareilly,Odisha
2853,4,2026-01-29,Delivered,UPI,Thoothukudi,Tamil Nadu
2854,245,2026-05-15,Cancelled,COD,Amravati,Uttar Pradesh
2855,674,2025-12-07,Delivered,UPI,Gangtok,Mizoram
2856,342,2026-06-23,Delivered,UPI,Ballia,Karnataka
2857,55,2025-04-25,Delivered,UPI,Ahmednagar,West Bengal
2858,125,2025-01-28,Delivered,UPI,Bally,Meghalaya
2859,867,2024-12-10,Processing,Debit Card,Jamalpur,Madhya Pradesh
2860,330,2025-12-07,Delivered,Net Banking,Jamalpur,Keralam
2861,23,2026-02-06,Delivered,Net Banking,Suryapet,Arunachal Pradesh
2862,729,2025-05-04,Delivered,UPI,Salem,Uttarakhand
2863,531,2026-05-03,Processing,Credit Card,Thane,Tamil Nadu
2864,452,2026-04-01,Delivered,UPI,Bidar,Punjab
2865,895,2025-06-28,Cancelled,UPI,Thoothukudi,Gujarat
2866,314,2025-03-31,Processing,Net Banking,Faridabad,Uttar Pradesh
2867,573,2026-04-03,Delivered,Net Banking,Coimbatore,Chhattisgarh
2868,745,2026-02-10,Processing,Credit Card,Giridih,Gujarat
2869,609,2025-02-10,Cancelled,Credit Card,Aligarh,Arunachal Pradesh
2870,208,2025-04-12,Delivered,COD,Kalyan-Dombivli,Himachal Pradesh
2871,682,2025-09-28,Delivered,Debit Card,Karimnagar,Jharkhand
2872,744,2025-10-16,Delivered,Credit Card,Hosur,Tamil Nadu
2873,123,2025-02-06,Delivered,COD,Bilaspur,Jharkhand
2874,166,2026-09-01,Delivered,UPI,Gudivada,Uttarakhand
2875,675,2025-07-19,Shipped,Credit Card,Jodhpur,Himachal Pradesh
2876,119,2025-07-13,Delivered,Net Banking,Gulbarga,Manipur
2877,881,2024-11-21,Delivered,Debit Card,Jehanabad,Mizoram
2878,110,2026-07-09,Delivered,UPI,Pune,Telangana
2879,975,2025-03-29,Delivered,COD,Bellary,Sikkim
2880,672,2026-09-28,Delivered,Credit Card,Gulbarga,Tripura
2881,444,2025-10-05,Delivered,Net Banking,Vellore,Uttarakhand
2882,269,2026-07-09,Delivered,Credit Card,Nagaon,Bihar
2883,345,2025-02-16,Delivered,Net Banking,Gangtok,Assam
2884,749,2025-02-06,Delivered,COD,Kumbakonam,Madhya Pradesh
2885,754,2026-05-16,Cancelled,Net Banking,Allahabad,Chhattisgarh
2886,209,2026-05-29,Delivered,COD,Rajpur Sonarpur,Maharashtra
2887,543,2025-11-08,Delivered,Debit Card,Nellore,Mizoram
2888,993,2024-10-31,Delivered,UPI,Hapur,Haryana
2889,258,2026-08-28,Delivered,Debit Card,Machilipatnam,Assam
2890,694,2025-07-22,Delivered,Debit Card,Adoni,West Bengal
2891,173,2026-08-22,Delivered,Net Banking,Agartala,Karnataka
2892,835,2026-07-06,Delivered,Credit Card,Tadepalligudem,Telangana
2893,171,2026-06-22,Delivered,Net Banking,Bidar,Nagaland
2894,298,2026-02-23,Delivered,Debit Card,Mahbubnagar,Odisha
2895,460,2026-02-11,Delivered,Net Banking,Mumbai,Sikkim
2896,371,2025-11-01,Delivered,Debit Card,Machilipatnam,Haryana
2897,171,2024-10-26,Cancelled,Credit Card,Nizamabad,Gujarat
2898,641,2025-07-18,Delivered,Credit Card,Gangtok,West Bengal
2899,20,2026-03-25,Processing,COD,Amaravati,Odisha
2900,984,2026-05-24,Delivered,UPI,Kulti,Himachal Pradesh
2901,53,2025-11-20,Delivered,Credit Card,Thane,Odisha
2902,334,2026-03-10,Delivered,Debit Card,Kulti,Keralam
2903,930,2024-10-24,Delivered,UPI,Madurai,Tripura
2904,156,2025-09-15,Delivered,COD,Guntur,Manipur
2905,73,2025-10-14,Processing,Credit Card,Bally,Himachal Pradesh
2906,744,2026-07-22,Delivered,Credit Card,Ramgarh,Punjab
2907,74,2025-05-23,Delivered,Credit Card,Bhagalpur,Sikkim
2908,900,2025-03-25,Delivered,UPI,Kanpur,Karnataka
2909,452,2025-06-22,Delivered,Net Banking,Aligarh,Sikkim
2910,870,2025-02-09,Delivered,Debit Card,Tiruppur,Gujarat
2911,246,2025-11-20,Delivered,Credit Card,Asansol,Gujarat
2912,142,2026-01-20,Delivered,COD,Amravati,Telangana
2913,963,2026-05-16,Delivered,Net Banking,Anantapur,Nagaland
2914,763,2026-09-18,Delivered,Debit Card,Burhanpur,Andhra Pradesh
2915,911,2024-12-01,Delivered,Debit Card,Raiganj,Odisha
2916,320,2025-04-06,Delivered,Net Banking,Ulhasnagar,Himachal Pradesh
2917,405,2025-05-16,Delivered,UPI,Pali,Haryana
2918,578,2025-04-08,Processing,COD,Maheshtala,Keralam
2919,449,2026-06-04,Cancelled,Credit Card,Unnao,Madhya Pradesh
2920,243,2025-01-18,Delivered,UPI,Panipat,Tripura
2921,376,2024-10-30,Delivered,Debit Card,Dhanbad,Madhya Pradesh
2922,609,2026-06-28,Shipped,COD,Delhi,Himachal Pradesh
2923,38,2026-09-10,Delivered,Net Banking,Madhyamgram,Sikkim
2924,336,2025-03-22,Delivered,Credit Card,Ghaziabad,Meghalaya
2925,293,2025-06-08,Delivered,Credit Card,Berhampore,Andhra Pradesh
2926,71,2025-10-10,Delivered,Debit Card,Kurnool,Nagaland
2927,123,2025-10-27,Cancelled,Credit Card,Bhubaneswar,Manipur
2928,496,2026-10-01,Shipped,COD,Ajmer,Mizoram
2929,103,2025-07-30,Cancelled,Credit Card,Parbhani,Goa
2930,345,2024-10-17,Shipped,Credit Card,Purnia,Maharashtra
2931,561,2025-08-13,Delivered,UPI,Bhalswa Jahangir Pur,Odisha
2932,874,2025-11-18,Shipped,Net Banking,Dharmavaram,Odisha
2933,99,2025-10-20,Delivered,UPI,Karnal,Punjab
2934,435,2025-10-17,Delivered,COD,Rajahmundry,West Bengal
2935,103,2026-08-12,Delivered,COD,Kollam,Manipur
2936,429,2026-05-20,Delivered,UPI,Morena,Madhya Pradesh
2937,481,2025-04-10,Delivered,UPI,Gopalpur,Meghalaya
2938,800,2025-06-24,Delivered,COD,Nangloi Jat,Jharkhand
2939,443,2026-02-07,Delivered,UPI,Bahraich,Himachal Pradesh
2940,936,2025-08-04,Delivered,Debit Card,Pune,Punjab
2941,138,2025-08-17,Delivered,COD,Shivpuri,Himachal Pradesh
2942,54,2025-02-08,Delivered,UPI,Muzaffarnagar,Rajasthan
2943,5,2025-04-12,Delivered,Net Banking,Bhubaneswar,Rajasthan
2944,357,2026-04-02,Delivered,Credit Card,Uluberia,Uttarakhand
2945,193,2026-06-15,Cancelled,Debit Card,Navi Mumbai,Bihar
2946,92,2026-05-04,Delivered,COD,Hazaribagh,Karnataka
2947,236,2025-05-21,Delivered,Net Banking,Sambhal,Sikkim
2948,975,2025-01-16,Delivered,Credit Card,Rajkot,Madhya Pradesh
2949,801,2025-02-02,Processing,COD,New Delhi,Odisha
2950,19,2025-07-22,Delivered,Debit Card,Nizamabad,Rajasthan
2951,916,2025-10-21,Delivered,UPI,Miryalaguda,Tripura
2952,206,2026-07-22,Delivered,Credit Card,Mehsana,Gujarat
2953,406,2026-07-26,Shipped,Credit Card,Jalgaon,Haryana
2954,328,2024-10-10,Cancelled,Net Banking,Khammam,Maharashtra
2955,406,2026-03-09,Delivered,COD,Tezpur,Manipur
2956,761,2025-05-14,Delivered,UPI,Mumbai,Uttar Pradesh
2957,713,2025-03-01,Delivered,Net Banking,Jammu,Arunachal Pradesh
2958,595,2025-11-17,Delivered,COD,Moradabad,Gujarat
2959,627,2024-11-02,Shipped,COD,Khandwa,Uttar Pradesh
2960,728,2025-06-09,Cancelled,Net Banking,Darbhanga,Nagaland
2961,185,2025-11-15,Cancelled,Credit Card,Rewa,Odisha
2962,396,2025-04-25,Shipped,UPI,Jalandhar,Gujarat
2963,108,2025-12-15,Delivered,COD,Chittoor,Nagaland
2964,705,2025-09-09,Cancelled,Debit Card,Sambalpur,Karnataka
2965,438,2026-05-15,Delivered,Credit Card,Ranchi,Rajasthan
2966,638,2025-02-18,Delivered,Net Banking,Raurkela Industrial Township,Assam
2967,565,2024-11-19,Delivered,Net Banking,New Delhi,Haryana
2968,274,2025-10-30,Delivered,COD,Kumbakonam,Odisha
2969,139,2025-04-14,Shipped,COD,Chinsurah,Mizoram
2970,973,2026-03-08,Cancelled,COD,Solapur,Telangana
2971,294,2024-12-15,Shipped,UPI,Buxar,Tamil Nadu
2972,110,2025-12-02,Shipped,UPI,Ahmednagar,Andhra Pradesh
2973,306,2026-10-01,Delivered,Credit Card,Varanasi,Assam
2974,903,2024-12-15,Delivered,Net Banking,Bhind,Jharkhand
2975,262,2025-05-16,Shipped,Debit Card,Deoghar,Uttarakhand
2976,987,2026-06-16,Delivered,COD,Kota,Maharashtra
2977,461,2025-11-01,Processing,COD,Bhavnagar,Tripura
2978,862,2025-02-13,Delivered,COD,Kakinada,Arunachal Pradesh
2979,654,2025-03-13,Delivered,UPI,Uluberia,Uttarakhand
2980,44,2026-04-19,Delivered,Net Banking,Vadodara,Arunachal Pradesh
2981,510,2026-06-28,Delivered,COD,Hyderabad,Tamil Nadu
2982,417,2025-06-28,Shipped,COD,Jamshedpur,Tripura
2983,202,2025-09-19,Cancelled,Credit Card,Giridih,Himachal Pradesh
2984,550,2026-05-02,Delivered,Net Banking,Bhagalpur,Himachal Pradesh
2985,103,2025-02-14,Delivered,Debit Card,Mau,Mizoram
2986,699,2025-03-08,Delivered,UPI,Pudukkottai,Rajasthan
2987,822,2026-04-26,Delivered,Credit Card,Tiruchirappalli,Bihar
2988,93,2025-02-21,Delivered,Credit Card,Khora ,Gujarat
2989,480,2026-04-24,Delivered,COD,Varanasi,Sikkim
2990,656,2025-10-06,Delivered,UPI,Bally,Tamil Nadu
2991,63,2026-10-01,Delivered,UPI,Chennai,Chhattisgarh
2992,390,2024-11-01,Delivered,Debit Card,Thrissur,Tripura
2993,259,2026-08-30,Shipped,Debit Card,Bathinda,Tripura
2994,40,2025-03-21,Delivered,Debit Card,Hubli–Dharwad,Tripura
2995,805,2024-11-03,Delivered,UPI,Ramgarh,Gujarat
2996,445,2026-03-21,Delivered,Debit Card,Mumbai,Odisha
2997,752,2025-11-01,Shipped,COD,Karnal,Chhattisgarh
2998,588,2026-06-11,Shipped,UPI,Bidhannagar,Goa
2999,876,2024-12-26,Delivered,Net Banking,Indore,Arunachal Pradesh
3000,998,2024-12-06,Delivered,UPI,Aurangabad,Maharashtra
3001,603,2025-11-26,Processing,Credit Card,Panipat,Punjab
3002,353,2026-07-14,Delivered,COD,Malegaon,Goa
3003,423,2025-07-31,Delivered,Credit Card,Muzaffarpur,Goa
3004,826,2026-05-13,Cancelled,Debit Card,Mangalore,Haryana
3005,427,2026-08-01,Delivered,Credit Card,Bhagalpur,Goa
3006,520,2026-07-05,Delivered,Net Banking,Mira-Bhayandar,Telangana
3007,195,2025-10-14,Processing,Debit Card,Jaunpur,Chhattisgarh
3008,991,2026-03-02,Delivered,Debit Card,Hospet,Haryana
3009,651,2025-10-27,Delivered,COD,Tadipatri,Himachal Pradesh
3010,331,2026-02-12,Delivered,Debit Card,Patna,Goa
3011,586,2025-11-26,Processing,Debit Card,Kurnool,Uttarakhand
3012,402,2025-10-26,Processing,COD,Dewas,Goa
3013,155,2025-08-23,Processing,Debit Card,Jamnagar,Maharashtra
3014,875,2026-01-28,Delivered,COD,Kozhikode,Meghalaya
3015,886,2026-04-09,Shipped,Net Banking,Burhanpur,Haryana
3016,835,2026-08-10,Processing,COD,Tirunelveli,Maharashtra
3017,369,2025-12-30,Delivered,Debit Card,Visakhapatnam,Chhattisgarh
3018,257,2024-12-20,Delivered,Debit Card,Bidar,Maharashtra
3019,50,2025-12-11,Delivered,UPI,Guwahati,Andhra Pradesh
3020,732,2025-05-26,Processing,UPI,Rajpur Sonarpur,Madhya Pradesh
3021,328,2024-10-28,Delivered,UPI,Jamnagar,Karnataka
3022,893,2024-11-30,Delivered,Net Banking,Moradabad,Jharkhand
3023,870,2025-12-14,Processing,Credit Card,Berhampur,Bihar
3024,129,2026-08-29,Cancelled,Credit Card,Shimoga,West Bengal
3025,917,2025-10-12,Cancelled,Net Banking,Bidhannagar,Andhra Pradesh
3026,141,2025-08-29,Delivered,Credit Card,Hindupur,Chhattisgarh
3027,491,2024-12-12,Delivered,UPI,Sultan Pur Majra,Assam
3028,474,2026-02-13,Delivered,Debit Card,Malegaon,West Bengal
3029,957,2024-11-17,Delivered,Debit Card,Alwar,Himachal Pradesh
3030,658,2026-06-14,Processing,UPI,Bhilwara,Madhya Pradesh
3031,876,2026-05-27,Delivered,Credit Card,Jaipur,Sikkim
3032,596,2026-10-01,Delivered,Credit Card,Machilipatnam,Arunachal Pradesh
3033,826,2025-05-04,Delivered,Net Banking,Gandhinagar,Arunachal Pradesh
3034,853,2025-02-03,Delivered,Credit Card,Mysore,Goa
3035,860,2025-05-15,Processing,UPI,Cuttack,Punjab
3036,412,2026-05-15,Delivered,Credit Card,Berhampur,West Bengal
3037,382,2025-03-17,Delivered,Debit Card,Karaikudi,Nagaland
3038,985,2026-07-18,Delivered,Net Banking,Tenali,Tripura
3039,757,2025-01-29,Delivered,UPI,Meerut,Tripura
3040,918,2024-11-13,Delivered,COD,Siwan,Haryana
3041,578,2025-03-17,Processing,Credit Card,Cuttack,Goa
3042,930,2026-04-11,Delivered,Credit Card,Dhanbad,Chhattisgarh
3043,720,2025-12-22,Delivered,UPI,New Delhi,Tamil Nadu
3044,743,2025-06-24,Shipped,Credit Card,Sonipat,Odisha
3045,178,2026-01-30,Delivered,Debit Card,Rampur,Tripura
3046,567,2026-01-24,Delivered,Net Banking,Thoothukudi,Manipur
3047,732,2025-11-17,Delivered,Net Banking,Mangalore,West Bengal
3048,761,2025-10-18,Delivered,Debit Card,Purnia,Uttar Pradesh
3049,958,2024-12-21,Delivered,UPI,Tiruppur,Tamil Nadu
3050,327,2025-04-16,Processing,Credit Card,Muzaffarnagar,Tamil Nadu
3051,303,2025-10-28,Processing,Net Banking,Kadapa,Bihar
3052,970,2025-01-15,Delivered,Net Banking,Mango,Rajasthan
3053,987,2025-09-20,Delivered,Debit Card,Bhusawal,Uttarakhand
3054,180,2025-01-01,Delivered,Debit Card,Pondicherry,Himachal Pradesh
3055,379,2026-05-06,Delivered,Debit Card,Dehradun,Tamil Nadu
3056,949,2024-12-22,Delivered,COD,Naihati,Jharkhand
3057,200,2024-12-15,Delivered,Debit Card,Patna,Goa
3058,784,2026-01-17,Delivered,Debit Card,Indore,Rajasthan
3059,113,2025-03-18,Cancelled,Credit Card,Ludhiana,Chhattisgarh
3060,179,2025-06-22,Processing,Debit Card,North Dumdum,Maharashtra
3061,785,2025-05-25,Delivered,Net Banking,Bhimavaram,Uttarakhand
3062,608,2025-03-15,Shipped,COD,Gwalior,Chhattisgarh
3063,555,2026-04-17,Delivered,Net Banking,Ongole,Chhattisgarh
3064,857,2026-02-25,Shipped,Net Banking,Bahraich,Uttarakhand
3065,308,2025-03-31,Delivered,Net Banking,Howrah,Sikkim
3066,504,2026-02-21,Delivered,UPI,Jalgaon,Madhya Pradesh
3067,609,2026-03-13,Delivered,Credit Card,Satara,Keralam
3068,740,2025-11-06,Delivered,Credit Card,Raipur,Uttarakhand
3069,333,2025-12-04,Delivered,Net Banking,Jalna,Rajasthan
3070,634,2026-08-22,Delivered,Net Banking,Kozhikode,Uttar Pradesh
3071,449,2025-09-04,Delivered,UPI,Bongaigaon,Assam
3072,542,2025-07-16,Delivered,UPI,Ghaziabad,Manipur
3073,863,2025-11-05,Delivered,Debit Card,Tumkur,Rajasthan
3074,394,2026-06-10,Delivered,COD,Nagaon,Arunachal Pradesh
3075,669,2026-03-10,Delivered,UPI,Saharanpur,Manipur
3076,942,2024-12-02,Delivered,COD,Tumkur,Arunachal Pradesh
3077,763,2025-09-08,Delivered,UPI,Satara,Uttar Pradesh
3078,989,2026-04-01,Delivered,Credit Card,Nandyal,Punjab
3079,584,2025-03-20,Shipped,Net Banking,Guna,Goa
3080,282,2026-09-30,Delivered,Net Banking,Bhind,Manipur
3081,992,2026-05-21,Delivered,COD,Varanasi,Bihar
3082,645,2026-06-18,Delivered,UPI,Delhi,Tamil Nadu
3083,242,2024-12-07,Delivered,UPI,Sambalpur,Goa
3084,318,2025-12-05,Delivered,Debit Card,Hapur,Nagaland
3085,263,2025-10-28,Delivered,Debit Card,Hubli–Dharwad,Assam
3086,834,2026-01-09,Shipped,Credit Card,Hazaribagh,Chhattisgarh
3087,93,2026-06-21,Delivered,Net Banking,Bettiah,West Bengal
3088,740,2025-06-23,Delivered,Credit Card,Machilipatnam,Karnataka
3089,555,2025-11-02,Delivered,COD,Phusro,Bihar
3090,74,2026-02-16,Delivered,UPI,Noida,Punjab
3091,614,2026-04-11,Shipped,Net Banking,Jalgaon,Goa
3092,754,2026-04-23,Delivered,Debit Card,Sasaram,Mizoram
3093,726,2025-06-11,Delivered,UPI,Pondicherry,Tamil Nadu
3094,529,2026-10-07,Shipped,Net Banking,Dhanbad,Punjab
3095,336,2024-10-15,Delivered,UPI,Tirupati,Gujarat
3096,164,2025-10-02,Delivered,Debit Card,Gangtok,Gujarat
3097,13,2025-12-26,Shipped,Net Banking,Kalyan-Dombivli,Gujarat
3098,360,2024-11-22,Delivered,UPI,Nandyal,Nagaland
3099,633,2025-09-02,Delivered,Credit Card,Vellore,Odisha
3100,38,2025-12-17,Cancelled,Credit Card,New Delhi,Manipur
3101,999,2025-12-26,Delivered,COD,Madanapalle,Keralam
3102,586,2025-01-03,Delivered,Credit Card,Tadipatri,Arunachal Pradesh
3103,295,2025-04-29,Delivered,COD,Pune,Telangana
3104,963,2025-04-05,Delivered,Debit Card,Cuttack,Odisha
3105,184,2026-01-18,Delivered,COD,Ghaziabad,Nagaland
3106,958,2025-06-05,Delivered,COD,Nashik,Assam
3107,282,2025-11-29,Delivered,Credit Card,Katni,Himachal Pradesh
3108,380,2026-03-26,Shipped,Debit Card,Dehri,Himachal Pradesh
3109,426,2026-05-13,Delivered,Net Banking,Miryalaguda,Mizoram
3110,995,2025-02-19,Delivered,UPI,Bhilwara,Tamil Nadu
3111,251,2026-07-30,Shipped,Net Banking,Belgaum,Tripura
3112,973,2025-02-06,Shipped,Debit Card,Panchkula,Manipur
3113,347,2024-10-24,Shipped,UPI,Hazaribagh,Karnataka
3114,286,2024-11-10,Processing,COD,Burhanpur,Keralam
3115,639,2025-03-04,Delivered,Credit Card,Dehri,Rajasthan
3116,694,2026-07-07,Delivered,COD,Silchar,Himachal Pradesh
3117,346,2025-03-09,Cancelled,Credit Card,Latur,Keralam
3118,135,2026-02-26,Delivered,Debit Card,Amritsar,Tamil Nadu
3119,397,2025-08-09,Delivered,Credit Card,Silchar,Meghalaya
3120,541,2024-11-06,Cancelled,COD,Tirunelveli,Maharashtra
3121,41,2025-08-28,Delivered,COD,Vellore,Rajasthan
3122,79,2024-10-29,Delivered,Net Banking,Kozhikode,Himachal Pradesh
3123,918,2025-09-21,Delivered,COD,Latur,Arunachal Pradesh
3124,36,2025-11-20,Delivered,Net Banking,Bikaner,Tamil Nadu
3125,407,2025-10-24,Delivered,Credit Card,Dehri,Madhya Pradesh
3126,764,2025-05-02,Delivered,COD,Kakinada,Jharkhand
3127,329,2026-04-21,Processing,Debit Card,Tirupati,Assam
3128,495,2025-12-18,Delivered,Credit Card,Gwalior,Uttar Pradesh
3129,87,2025-04-12,Delivered,UPI,Thane,Rajasthan
3130,795,2025-08-21,Processing,Net Banking,Jalna,Haryana
3131,635,2024-12-26,Shipped,Credit Card,Sangli-Miraj & Kupwad,Nagaland
3132,852,2026-08-13,Delivered,Net Banking,Dindigul,Maharashtra
3133,864,2026-04-11,Delivered,UPI,Kalyan-Dombivli,Jharkhand
3134,351,2025-05-06,Delivered,Net Banking,Sambhal,Himachal Pradesh
3135,42,2026-02-13,Processing,Net Banking,Arrah,Assam
3136,347,2026-02-16,Delivered,Debit Card,Tinsukia,West Bengal
3137,146,2025-12-27,Delivered,Net Banking,Durg,Uttar Pradesh
3138,534,2024-11-16,Shipped,COD,Lucknow,Tripura
3139,147,2026-07-11,Delivered,COD,Nandyal,Himachal Pradesh
3140,922,2026-09-06,Delivered,Debit Card,Aizawl,West Bengal
3141,603,2026-09-19,Processing,COD,Parbhani,Haryana
3142,254,2026-09-24,Shipped,COD,Anand,Telangana
3143,922,2026-08-17,Delivered,UPI,Kamarhati,Assam
3144,770,2026-04-01,Delivered,Credit Card,Arrah,Himachal Pradesh
3145,438,2024-11-19,Delivered,Net Banking,Miryalaguda,Mizoram
3146,147,2025-09-13,Delivered,Debit Card,Bally,West Bengal
3147,344,2025-04-05,Delivered,UPI,Guntur,Haryana
3148,585,2025-03-18,Delivered,Debit Card,Phagwara,Madhya Pradesh
3149,766,2026-06-06,Delivered,Credit Card,Mau,Telangana
3150,262,2026-05-24,Delivered,Net Banking,Ramagundam,Maharashtra
3151,743,2025-10-24,Delivered,Debit Card,Jalna,Punjab
3152,283,2026-03-30,Delivered,UPI,Kurnool,Keralam
3153,247,2025-01-10,Delivered,UPI,Dhule,Andhra Pradesh
3154,448,2025-03-19,Delivered,Credit Card,Jammu,Haryana
3155,161,2026-06-28,Delivered,UPI,Dharmavaram,Meghalaya
3156,405,2025-09-02,Delivered,COD,Bhilai,Andhra Pradesh
3157,358,2025-11-11,Cancelled,Credit Card,Korba,Gujarat
3158,281,2025-09-11,Processing,Net Banking,Kota,Uttarakhand
3159,776,2025-03-05,Delivered,UPI,Bareilly,Andhra Pradesh
3160,332,2026-06-03,Delivered,Debit Card,Hajipur,Gujarat
3161,696,2026-04-15,Shipped,COD,Amravati,Nagaland
3162,721,2026-02-19,Delivered,Net Banking,Medininagar,Meghalaya
3163,666,2025-06-23,Cancelled,Credit Card,New Delhi,Goa
3164,270,2026-01-21,Delivered,Net Banking,Davanagere,Arunachal Pradesh
3165,830,2026-09-04,Delivered,Debit Card,Thrissur,Uttar Pradesh
3166,237,2026-01-25,Delivered,Credit Card,Machilipatnam,Meghalaya
3167,278,2025-10-04,Delivered,COD,Kamarhati,Mizoram
3168,875,2025-04-23,Delivered,COD,Vellore,Arunachal Pradesh
3169,340,2025-10-25,Shipped,Debit Card,Solapur,Goa
3170,698,2025-07-06,Delivered,UPI,Pudukkottai,Assam
3171,43,2025-12-28,Delivered,Debit Card,Khammam,West Bengal
3172,615,2024-11-10,Delivered,Debit Card,Bareilly,Sikkim
3173,869,2025-02-24,Shipped,COD,Orai,Meghalaya
3174,709,2026-05-05,Delivered,Net Banking,Suryapet,Punjab
3175,583,2025-07-13,Delivered,Credit Card,Hyderabad,Chhattisgarh
3176,850,2025-08-20,Delivered,Debit Card,Dhule,West Bengal
3177,299,2025-11-09,Delivered,UPI,Ludhiana,Manipur
3178,377,2025-08-24,Shipped,Debit Card,Thanjavur,Manipur
3179,70,2026-04-15,Delivered,Debit Card,Gorakhpur,Uttarakhand
3180,699,2025-04-05,Delivered,Debit Card,Kavali,Assam
3181,724,2026-04-15,Shipped,Debit Card,Sambalpur,Keralam
3182,752,2025-03-10,Delivered,Debit Card,Thoothukudi,Assam
3183,749,2025-07-06,Delivered,Net Banking,Mehsana,Keralam
3184,128,2025-12-11,Delivered,Debit Card,Anantapuram,Haryana
3185,667,2026-07-17,Cancelled,UPI,Vijayanagaram,Madhya Pradesh
3186,764,2025-03-27,Delivered,Net Banking,Udupi,Punjab
3187,204,2025-12-11,Delivered,Net Banking,Katni,Haryana
3188,477,2024-11-24,Delivered,Net Banking,Phagwara,Arunachal Pradesh
3189,914,2024-12-02,Delivered,Net Banking,Guntur,Chhattisgarh
3190,415,2026-04-21,Delivered,UPI,Solapur,Rajasthan
3191,754,2026-03-17,Delivered,COD,Mahbubnagar,Mizoram
3192,531,2025-07-10,Delivered,COD,Amravati,West Bengal
3193,658,2026-01-06,Delivered,UPI,Moradabad,Uttar Pradesh
3194,627,2025-07-13,Cancelled,Credit Card,Kamarhati,Chhattisgarh
3195,651,2025-04-28,Delivered,Credit Card,Sikar,Rajasthan
3196,780,2025-08-19,Shipped,COD,Tiruvottiyur,Assam
3197,905,2025-05-24,Delivered,COD,Dharmavaram,Assam
3198,296,2026-05-26,Delivered,Credit Card,Vellore,Tamil Nadu
3199,929,2025-08-05,Delivered,Net Banking,Tirunelveli,Keralam
3200,628,2025-05-30,Delivered,Credit Card,Thrissur,West Bengal
3201,596,2025-11-03,Delivered,UPI,Srinagar,Andhra Pradesh
3202,328,2026-04-14,Delivered,Credit Card,Bidhannagar,Manipur
3203,417,2025-04-26,Cancelled,UPI,Thanjavur,Himachal Pradesh
3204,652,2026-08-25,Processing,COD,Gurgaon,West Bengal
3205,364,2025-09-11,Delivered,Net Banking,Tiruchirappalli,Odisha
3206,288,2026-02-02,Delivered,UPI,Vadodara,Sikkim
3207,820,2026-09-07,Delivered,Debit Card,Bikaner,Himachal Pradesh
3208,416,2025-08-19,Cancelled,Credit Card,Kalyan-Dombivli,Uttar Pradesh
3209,645,2025-03-03,Delivered,Debit Card,Jaipur,Telangana
3210,32,2026-04-07,Delivered,COD,Patiala,Sikkim
3211,78,2024-10-13,Delivered,COD,Tenali,Maharashtra
3212,849,2025-09-07,Delivered,COD,Raebareli,Uttar Pradesh
3213,143,2026-09-23,Delivered,Credit Card,Kadapa,Odisha
3214,796,2025-08-07,Delivered,UPI,Bhiwandi,Arunachal Pradesh
3215,901,2026-02-19,Delivered,UPI,Purnia,Tripura
3216,482,2025-10-26,Delivered,UPI,Kalyan-Dombivli,Andhra Pradesh
3217,885,2025-03-14,Delivered,Net Banking,Pimpri-Chinchwad,Punjab
3218,428,2025-05-28,Delivered,Net Banking,Karimnagar,Gujarat
3219,952,2025-10-25,Cancelled,COD,Sikar,Uttar Pradesh
3220,238,2024-12-23,Delivered,UPI,Indore,Rajasthan
3221,428,2025-08-07,Shipped,Credit Card,Jamnagar,Tamil Nadu
3222,389,2025-08-07,Delivered,Net Banking,Srinagar,Punjab
3223,785,2026-06-09,Delivered,Net Banking,Rajpur Sonarpur,Meghalaya
3224,44,2025-01-06,Cancelled,Debit Card,Akola,Tripura
3225,829,2026-06-15,Delivered,UPI,Rohtak,Himachal Pradesh
3226,24,2025-08-04,Cancelled,Debit Card,Raurkela Industrial Township,Manipur
3227,316,2026-01-26,Delivered,UPI,Chinsurah,Himachal Pradesh
3228,597,2025-11-19,Shipped,Debit Card,Junagadh,Bihar
3229,146,2025-05-15,Delivered,COD,Shivpuri,Tripura
3230,491,2026-08-18,Delivered,UPI,Khandwa,Maharashtra
3231,998,2025-03-21,Delivered,UPI,Bhagalpur,Arunachal Pradesh
3232,824,2024-11-03,Cancelled,Net Banking,Ramagundam,Telangana
3233,31,2026-04-09,Processing,UPI,Bhiwandi,Uttarakhand
3234,592,2026-01-05,Delivered,COD,Avadi,Odisha
3235,598,2026-07-20,Cancelled,Net Banking,Dehri,Jharkhand
3236,69,2025-09-07,Processing,Debit Card,Jammu,Tripura
3237,651,2024-10-20,Delivered,Credit Card,Bihar Sharif,Rajasthan
3238,522,2024-10-23,Delivered,Credit Card,Morena,Haryana
3239,682,2025-08-20,Delivered,Credit Card,Vellore,Jharkhand
3240,298,2025-04-08,Delivered,COD,Rajpur Sonarpur,West Bengal
3241,256,2026-08-12,Delivered,Net Banking,Dindigul,Uttarakhand
3242,736,2025-01-02,Cancelled,Credit Card,Meerut,Odisha
3243,722,2026-07-13,Delivered,UPI,Uluberia,Arunachal Pradesh
3244,162,2025-03-15,Delivered,Debit Card,Surat,Gujarat
3245,217,2025-01-03,Delivered,Net Banking,Guna,Jharkhand
3246,587,2025-04-26,Delivered,Net Banking,Buxar,Meghalaya
3247,830,2025-01-21,Delivered,Credit Card,Ramagundam,Tripura
3248,202,2025-07-28,Delivered,Debit Card,Chapra,Telangana
3249,220,2025-06-06,Delivered,UPI,Pune,Haryana
3250,808,2025-10-29,Delivered,Debit Card,Rohtak,Bihar
3251,697,2025-11-04,Delivered,Net Banking,Sambhal,Haryana
3252,903,2024-10-09,Shipped,Credit Card,Chapra,Gujarat
3253,784,2025-01-07,Delivered,Credit Card,Sagar,Uttar Pradesh
3254,954,2025-02-03,Delivered,Debit Card,Hubli–Dharwad,Andhra Pradesh
3255,189,2025-02-27,Delivered,COD,Ulhasnagar,Telangana
3256,272,2024-12-15,Delivered,Net Banking,Adoni,Odisha
3257,238,2025-05-26,Shipped,COD,Jehanabad,Assam
3258,56,2025-11-13,Delivered,UPI,Siliguri,Punjab
3259,780,2025-05-21,Processing,COD,Buxar,Mizoram
3260,662,2025-06-05,Processing,UPI,Durg,Andhra Pradesh
3261,86,2025-09-16,Delivered,Credit Card,Orai,Gujarat
3262,199,2025-06-07,Delivered,Debit Card,Jehanabad,Jharkhand
3263,191,2025-03-19,Delivered,Credit Card,Akola,Gujarat
3264,403,2025-08-03,Processing,COD,Moradabad,Mizoram
3265,456,2024-10-26,Delivered,COD,Rajahmundry,Nagaland
3266,289,2025-10-03,Delivered,Debit Card,Ajmer,Chhattisgarh
3267,931,2026-08-26,Delivered,Debit Card,Sambhal,Bihar
3268,213,2025-07-25,Delivered,Net Banking,Vellore,Odisha
3269,562,2024-12-26,Delivered,Net Banking,Proddatur,Maharashtra
3270,438,2026-03-08,Delivered,Debit Card,Bhatpara,Haryana
3271,388,2025-01-09,Delivered,COD,Kochi,Haryana
3272,826,2025-02-26,Shipped,UPI,Erode,Arunachal Pradesh
3273,979,2025-01-23,Delivered,Credit Card,Mango,Telangana
3274,6,2026-07-15,Delivered,UPI,Thrissur,Telangana
3275,464,2026-09-24,Delivered,UPI,Kishanganj,Meghalaya
3276,120,2025-11-28,Cancelled,UPI,Saharsa,Jharkhand
3277,434,2026-01-02,Delivered,Net Banking,Anantapur,Gujarat
3278,618,2026-01-22,Processing,COD,Latur,Himachal Pradesh
3279,412,2025-12-28,Delivered,Debit Card,Kishanganj,Uttar Pradesh
3280,310,2025-11-09,Processing,Debit Card,Anantapuram,Assam
3281,313,2026-09-28,Delivered,Credit Card,Hapur,Telangana
3282,300,2026-03-27,Delivered,UPI,Kochi,Himachal Pradesh
3283,326,2024-12-12,Delivered,Debit Card,Buxar,Haryana
3284,374,2025-07-21,Cancelled,UPI,Mau,Tamil Nadu
3285,688,2026-09-19,Cancelled,Net Banking,Jamalpur,Uttarakhand
3286,97,2025-07-30,Delivered,Debit Card,Machilipatnam,West Bengal
3287,41,2025-03-06,Delivered,Credit Card,Tinsukia,Haryana
3288,517,2026-07-04,Delivered,UPI,Raebareli,Mizoram
3289,682,2026-01-06,Delivered,Credit Card,Tiruchirappalli,Himachal Pradesh
3290,259,2025-11-23,Delivered,UPI,Chapra,Goa
3291,202,2025-08-11,Delivered,Net Banking,Hapur,Karnataka
3292,625,2025-01-07,Delivered,Debit Card,Srinagar,Arunachal Pradesh
3293,385,2025-07-15,Delivered,Net Banking,Kanpur,Chhattisgarh
3294,737,2025-08-23,Processing,Debit Card,Purnia,Mizoram
3295,147,2026-08-19,Delivered,COD,Ulhasnagar,Punjab
3296,122,2025-05-20,Delivered,Net Banking,Dehri,Haryana
3297,553,2025-01-25,Delivered,UPI,Aurangabad,Meghalaya
3298,393,2025-08-16,Delivered,UPI,Jamshedpur,Sikkim
3299,730,2026-10-06,Delivered,COD,Nellore,Uttar Pradesh
3300,507,2025-09-25,Delivered,Credit Card,Silchar,Meghalaya
3301,355,2025-07-12,Delivered,Net Banking,New Delhi,Gujarat
3302,160,2026-02-07,Delivered,Net Banking,Danapur,Punjab
3303,164,2026-01-25,Delivered,Net Banking,Thane,Chhattisgarh
3304,756,2025-05-14,Delivered,Credit Card,Dehradun,Bihar
3305,227,2026-09-15,Delivered,Credit Card,Rajahmundry,Karnataka
3306,503,2025-12-15,Delivered,Debit Card,Chennai,Jharkhand
3307,819,2024-11-19,Delivered,UPI,Ghaziabad,Chhattisgarh
3308,898,2025-08-02,Delivered,Credit Card,Pali,Arunachal Pradesh
3309,268,2026-08-13,Delivered,Debit Card,Pimpri-Chinchwad,Uttarakhand
3310,110,2025-07-22,Delivered,Credit Card,Munger,Odisha
3311,775,2025-11-26,Shipped,Credit Card,Aurangabad,Rajasthan
3312,688,2025-12-29,Delivered,COD,Nellore,Arunachal Pradesh
3313,332,2026-03-06,Delivered,Credit Card,Indore,Tamil Nadu
3314,594,2026-07-07,Delivered,COD,Amritsar,Karnataka
3315,189,2025-01-25,Delivered,COD,Dehri,Rajasthan
3316,701,2025-10-20,Delivered,Net Banking,Pudukkottai,Maharashtra
3317,728,2025-11-01,Delivered,UPI,Jodhpur,Gujarat
3318,300,2025-01-27,Delivered,Credit Card,Medininagar,Haryana
3319,469,2026-02-12,Delivered,COD,Pondicherry,Bihar
3320,335,2025-01-02,Delivered,UPI,Malda,Telangana
3321,32,2025-09-06,Delivered,Debit Card,Belgaum,Madhya Pradesh
3322,128,2025-06-06,Delivered,Debit Card,Ballia,Sikkim
3323,960,2025-01-29,Delivered,COD,Bulandshahr,Telangana
3324,457,2026-05-31,Delivered,COD,Dhanbad,Chhattisgarh
3325,148,2025-04-04,Delivered,Credit Card,Muzaffarnagar,Jharkhand
3326,45,2025-04-12,Delivered,Debit Card,Gopalpur,Bihar
3327,354,2026-06-24,Shipped,Net Banking,Shimla,Andhra Pradesh
3328,983,2026-07-10,Shipped,COD,Mango,West Bengal
3329,385,2024-11-02,Processing,Debit Card,Katni,Odisha
3330,1000,2025-04-29,Delivered,UPI,Howrah,Madhya Pradesh
3331,490,2026-03-09,Delivered,COD,Kolhapur,Goa
3332,764,2026-04-29,Shipped,Debit Card,Bulandshahr,Mizoram
3333,786,2026-10-08,Delivered,UPI,Kavali,Meghalaya
3334,29,2025-11-17,Shipped,UPI,Hapur,Gujarat
3335,7,2024-10-13,Delivered,Credit Card,Miryalaguda,Andhra Pradesh
3336,923,2026-07-08,Processing,Net Banking,Pallavaram,Maharashtra
3337,933,2025-02-03,Delivered,COD,Yamunanagar,Manipur
3338,133,2025-01-04,Delivered,Debit Card,Nanded,Tamil Nadu
3339,646,2026-02-12,Delivered,UPI,Firozabad,Keralam
3340,924,2025-12-23,Delivered,COD,Sikar,Assam
3341,951,2024-11-21,Delivered,Net Banking,Jabalpur,Tripura
3342,297,2025-02-09,Shipped,Debit Card,Davanagere,Keralam
3343,818,2025-12-13,Delivered,UPI,Malda,Rajasthan
3344,647,2025-04-12,Delivered,COD,Hubli–Dharwad,Arunachal Pradesh
3345,928,2026-02-19,Delivered,UPI,Satara,Arunachal Pradesh
3346,147,2025-08-05,Delivered,Net Banking,Tirunelveli,Andhra Pradesh
3347,602,2025-12-11,Delivered,Debit Card,Hapur,Tamil Nadu
3348,25,2025-09-20,Delivered,Debit Card,Moradabad,Gujarat
3349,358,2025-07-02,Cancelled,Debit Card,Tinsukia,Tamil Nadu
3350,12,2025-06-15,Delivered,Credit Card,Madhyamgram,Uttarakhand
3351,443,2026-03-01,Delivered,Debit Card,Kurnool,Odisha
3352,812,2025-10-18,Cancelled,Credit Card,Kota,West Bengal
3353,659,2025-12-16,Delivered,Debit Card,Madanapalle,Uttarakhand
3354,317,2025-12-03,Cancelled,Net Banking,Mumbai,Rajasthan
3355,427,2025-03-09,Delivered,Net Banking,Gorakhpur,Tamil Nadu
3356,368,2026-08-06,Delivered,UPI,Bhusawal,Mizoram
3357,732,2025-11-23,Delivered,COD,Anand,Gujarat
3358,267,2026-03-16,Delivered,UPI,Mira-Bhayandar,Assam
3359,92,2026-07-14,Delivered,Credit Card,Shimla,Karnataka
3360,507,2026-08-14,Delivered,Credit Card,Gandhinagar,Maharashtra
3361,830,2026-02-07,Delivered,Credit Card,Jhansi,Jharkhand
3362,478,2026-05-06,Delivered,Credit Card,Sultan Pur Majra,Assam
3363,205,2025-09-17,Shipped,Credit Card,Bongaigaon,Manipur
3364,47,2026-03-31,Delivered,Debit Card,Aizawl,Maharashtra
3365,944,2025-05-31,Shipped,Net Banking,Guntakal,Uttarakhand
3366,761,2026-03-12,Cancelled,COD,Gulbarga,Uttarakhand
3367,156,2024-12-10,Shipped,Credit Card,Nashik,Nagaland
3368,74,2026-08-06,Shipped,Credit Card,Tenali,Telangana
3369,130,2025-04-05,Delivered,Net Banking,Sasaram,Himachal Pradesh
3370,377,2026-01-30,Delivered,UPI,Bareilly,West Bengal
3371,812,2024-10-16,Delivered,Debit Card,Bally,Uttarakhand
3372,160,2025-01-30,Cancelled,Credit Card,Meerut,Bihar
3373,819,2026-09-28,Delivered,Net Banking,Bidhannagar,Punjab
3374,2,2026-06-08,Shipped,UPI,Chandrapur,Madhya Pradesh
3375,739,2025-03-19,Cancelled,COD,Sikar,Haryana
3376,283,2025-01-12,Delivered,Credit Card,Deoghar,Keralam
3377,961,2026-05-26,Delivered,Debit Card,Ajmer,Uttar Pradesh
3378,476,2026-10-01,Delivered,Debit Card,Panchkula,Uttar Pradesh
3379,271,2025-02-08,Delivered,Debit Card,Gaya,Jharkhand
3380,243,2026-02-05,Delivered,Debit Card,Kanpur,Madhya Pradesh
3381,827,2025-05-03,Shipped,Credit Card,Tiruchirappalli,Manipur
3382,403,2026-04-04,Delivered,Net Banking,Giridih,Rajasthan
3383,353,2025-08-09,Delivered,Debit Card,Kota,Maharashtra
3384,736,2025-01-07,Shipped,Credit Card,Bhilwara,Keralam
3385,538,2025-06-02,Delivered,Credit Card,Tirunelveli,Uttar Pradesh
3386,664,2025-11-05,Processing,Debit Card,Pallavaram,Karnataka
3387,446,2026-05-14,Delivered,COD,Muzaffarpur,Haryana
3388,65,2024-10-23,Processing,COD,Ahmednagar,Jharkhand
3389,6,2026-09-07,Delivered,Credit Card,Raipur,Jharkhand
3390,40,2026-01-25,Delivered,Credit Card,Tinsukia,Meghalaya
3391,575,2026-07-09,Delivered,UPI,Alappuzha,Odisha
3392,514,2026-08-18,Delivered,Debit Card,Sonipat,Bihar
3393,748,2025-01-28,Delivered,Credit Card,Chapra,Tripura
3394,895,2024-12-15,Processing,COD,Lucknow,Haryana
3395,175,2026-04-28,Shipped,Debit Card,Giridih,Bihar
3396,958,2025-02-22,Delivered,Credit Card,Sambhal,Odisha
3397,932,2025-01-24,Delivered,COD,Malda,Goa
3398,616,2025-09-15,Processing,COD,Ghaziabad,Sikkim
3399,531,2026-08-06,Shipped,Credit Card,Mehsana,Uttarakhand
3400,177,2026-05-12,Delivered,UPI,Machilipatnam,Punjab
3401,179,2025-10-21,Delivered,Credit Card,Kanpur,Sikkim
3402,19,2025-02-28,Processing,Credit Card,Delhi,Maharashtra
3403,646,2025-06-11,Delivered,Debit Card,Panvel,Jharkhand
3404,434,2026-02-23,Delivered,COD,Guwahati,Nagaland
3405,192,2025-01-31,Shipped,COD,Bokaro,Karnataka
3406,134,2025-10-26,Delivered,Net Banking,Karnal,Tripura
3407,64,2024-10-17,Shipped,COD,Kozhikode,Maharashtra
3408,641,2025-06-02,Delivered,UPI,Singrauli,Maharashtra
3409,686,2025-04-07,Shipped,UPI,Kanpur,Odisha
3410,632,2026-02-17,Cancelled,COD,Panvel,Goa
3411,111,2026-08-06,Cancelled,Net Banking,Vasai-Virar,Meghalaya
3412,42,2025-01-23,Processing,Credit Card,Machilipatnam,Sikkim
3413,107,2026-05-13,Processing,Net Banking,Srinagar,Sikkim
3414,752,2026-01-30,Delivered,UPI,Srinagar,Gujarat
3415,740,2026-09-16,Cancelled,Net Banking,Khammam,Arunachal Pradesh
3416,295,2026-08-04,Processing,COD,Sirsa,Goa
3417,56,2024-12-21,Delivered,Debit Card,Proddatur,Tamil Nadu
3418,320,2026-04-04,Delivered,Net Banking,Noida,Haryana
3419,810,2025-12-14,Delivered,Net Banking,Narasaraopet,Arunachal Pradesh
3420,144,2024-12-30,Delivered,COD,Bongaigaon,Mizoram
3421,797,2025-04-14,Delivered,Debit Card,Kozhikode,Tripura
3422,464,2026-08-16,Delivered,Credit Card,Agra,Gujarat
3423,142,2025-11-08,Delivered,Credit Card,Visakhapatnam,Arunachal Pradesh
3424,934,2025-06-12,Delivered,Credit Card,Hosur,Bihar
3425,519,2025-05-30,Delivered,UPI,Khora ,Bihar
3426,672,2026-06-12,Cancelled,Net Banking,Guna,Goa
3427,97,2025-05-03,Delivered,Credit Card,Bikaner,Goa
3428,372,2025-02-01,Delivered,Net Banking,Medininagar,Nagaland
3429,633,2025-12-01,Delivered,UPI,Phagwara,Gujarat
3430,646,2026-10-03,Processing,Credit Card,Guwahati,Meghalaya
3431,63,2025-02-19,Processing,Credit Card,Sri Ganganagar,Keralam
3432,605,2025-04-12,Delivered,UPI,Bongaigaon,Odisha
3433,945,2025-09-15,Delivered,COD,Vadodara,Odisha
3434,787,2025-03-03,Delivered,Debit Card,Mysore,Mizoram
3435,208,2026-01-26,Delivered,COD,Mangalore,Tripura
3436,913,2025-04-11,Shipped,COD,Tinsukia,Goa
3437,683,2025-01-10,Delivered,UPI,Sultan Pur Majra,Manipur
3438,57,2025-04-17,Delivered,COD,Morena,Keralam
3439,129,2026-08-18,Delivered,UPI,Panvel,Manipur
3440,922,2026-08-21,Delivered,COD,Indore,Bihar
3441,210,2025-10-12,Delivered,Net Banking,Panipat,Himachal Pradesh
3442,97,2025-07-27,Delivered,COD,Solapur,Uttarakhand
3443,451,2026-05-29,Delivered,Debit Card,Surendranagar Dudhrej,Tamil Nadu
3444,526,2025-02-27,Delivered,UPI,Phagwara,Keralam
3445,574,2026-01-28,Delivered,UPI,Yamunanagar,Bihar
3446,659,2026-02-16,Cancelled,UPI,Ramgarh,Odisha
3447,999,2026-03-10,Delivered,COD,Dibrugarh,Himachal Pradesh
3448,760,2025-03-16,Delivered,Debit Card,Jamnagar,Jharkhand
3449,26,2026-03-15,Delivered,Credit Card,Imphal,Assam
3450,89,2025-12-29,Shipped,UPI,Kumbakonam,Himachal Pradesh
3451,1,2026-07-09,Processing,UPI,Katihar,Goa
3452,396,2025-02-12,Shipped,Credit Card,Loni,Andhra Pradesh
3453,351,2025-12-30,Delivered,Net Banking,Silchar,Mizoram
3454,934,2026-06-06,Shipped,COD,Patiala,West Bengal
3455,367,2025-04-29,Delivered,Net Banking,Faridabad,Bihar
3456,31,2026-04-04,Processing,COD,Ludhiana,Arunachal Pradesh
3457,884,2024-12-20,Shipped,Credit Card,Pali,Assam
3458,261,2026-03-16,Delivered,Credit Card,Udupi,Meghalaya
3459,913,2025-12-25,Delivered,Net Banking,Sirsa,Telangana
3460,775,2025-02-26,Delivered,UPI,Ludhiana,Himachal Pradesh
3461,881,2024-11-25,Delivered,COD,Rourkela,Bihar
3462,820,2026-04-05,Processing,Net Banking,Hosur,Assam
3463,144,2025-04-02,Delivered,UPI,Tiruvottiyur,Nagaland
3464,627,2025-10-06,Shipped,UPI,Agartala,Jharkhand
3465,413,2024-11-21,Cancelled,Net Banking,South Dumdum,Jharkhand
3466,629,2026-09-11,Delivered,Net Banking,Jaunpur,Gujarat
3467,746,2025-11-13,Delivered,Credit Card,Thiruvananthapuram,Uttar Pradesh
3468,501,2026-08-19,Delivered,Net Banking,Nagercoil,Karnataka
3469,313,2025-02-02,Shipped,Debit Card,Gaya,Punjab
3470,917,2025-03-07,Delivered,Net Banking,Guntur,Rajasthan
3471,664,2025-12-28,Delivered,Debit Card,Katni,Arunachal Pradesh
3472,886,2025-12-23,Delivered,Debit Card,Jammu,Gujarat
3473,238,2026-05-08,Processing,Credit Card,Mau,Uttar Pradesh
3474,839,2026-08-16,Delivered,UPI,Dehradun,Tripura
3475,324,2026-05-31,Delivered,UPI,Vijayawada,Keralam
3476,461,2025-01-18,Cancelled,UPI,Gaya,Chhattisgarh
3477,861,2025-05-22,Delivered,COD,Karawal Nagar,Himachal Pradesh
3478,355,2026-08-06,Delivered,Debit Card,Tiruvottiyur,Uttarakhand
3479,251,2025-11-13,Delivered,Credit Card,Rourkela,Odisha
3480,916,2026-07-03,Delivered,COD,Sambhal,Assam
3481,965,2025-11-23,Delivered,COD,Korba,Rajasthan
3482,312,2024-11-13,Delivered,Credit Card,Bettiah,Chhattisgarh
3483,307,2025-09-18,Delivered,Credit Card,Kota,Himachal Pradesh
3484,228,2026-06-02,Delivered,Debit Card,Dibrugarh,Maharashtra
3485,24,2026-01-29,Delivered,COD,Karaikudi,Jharkhand
3486,553,2025-01-13,Delivered,Net Banking,Uluberia,Punjab
3487,255,2025-03-10,Delivered,Debit Card,Indore,Chhattisgarh
3488,850,2026-06-24,Shipped,Credit Card,Kadapa,Tripura
3489,172,2026-09-23,Shipped,Credit Card,Kharagpur,Mizoram
3490,636,2026-04-11,Delivered,UPI,Pune,Himachal Pradesh
3491,507,2024-12-19,Processing,Net Banking,Morbi,Uttarakhand
3492,612,2026-01-03,Shipped,COD,Bhilwara,Maharashtra
3493,113,2026-06-05,Delivered,Net Banking,Chennai,Keralam
3494,467,2026-01-18,Cancelled,Credit Card,Farrukhabad,Andhra Pradesh
3495,627,2025-12-16,Processing,Debit Card,Anand,West Bengal
3496,341,2025-09-14,Delivered,COD,Gorakhpur,Telangana
3497,875,2025-04-05,Delivered,Debit Card,Khora ,Chhattisgarh
3498,530,2025-05-01,Delivered,COD,Dehradun,Uttarakhand
3499,363,2026-04-05,Delivered,Debit Card,Davanagere,Tamil Nadu
3500,31,2024-11-28,Shipped,Debit Card,Amaravati,Keralam
3501,169,2024-12-09,Delivered,Debit Card,Agartala,Uttar Pradesh
3502,477,2025-07-25,Delivered,Credit Card,Chandigarh,Meghalaya
3503,401,2026-04-26,Delivered,Debit Card,Bhagalpur,Punjab
3504,872,2026-01-31,Processing,Credit Card,Aizawl,Goa
3505,786,2025-12-13,Delivered,Net Banking,Anantapur,Bihar
3506,159,2025-11-02,Shipped,Net Banking,Malda,Manipur
3507,592,2024-12-28,Delivered,Credit Card,Khammam,Jharkhand
3508,455,2025-06-07,Delivered,COD,Panihati,West Bengal
3509,102,2024-12-05,Delivered,Debit Card,Thrissur,Assam
3510,666,2026-04-14,Delivered,COD,Ambarnath,Sikkim
3511,538,2026-04-09,Delivered,Net Banking,Gurgaon,Mizoram
3512,88,2025-04-14,Delivered,COD,Loni,Tripura
3513,469,2025-05-10,Delivered,COD,Patiala,West Bengal
3514,732,2025-05-28,Delivered,Credit Card,Sultan Pur Majra,Tripura
3515,328,2026-07-19,Shipped,Credit Card,Ranchi,Karnataka
3516,357,2025-09-30,Shipped,COD,Udupi,Punjab
3517,111,2026-04-17,Delivered,Credit Card,Jalgaon,Chhattisgarh
3518,205,2025-09-01,Shipped,Net Banking,Anantapuram,Maharashtra
3519,982,2026-03-02,Delivered,UPI,Vadodara,Haryana
3520,621,2025-10-29,Delivered,COD,Belgaum,Haryana
3521,177,2025-04-29,Delivered,Net Banking,Yamunanagar,Meghalaya
3522,483,2026-07-10,Delivered,Debit Card,Gudivada,Bihar
3523,193,2026-03-10,Shipped,Debit Card,Kishanganj,Meghalaya
3524,443,2026-04-23,Delivered,Net Banking,Mahbubnagar,Keralam
3525,146,2026-08-31,Delivered,Credit Card,Morena,Gujarat
3526,619,2025-04-08,Delivered,Credit Card,Darbhanga,Meghalaya
3527,571,2024-12-14,Delivered,Credit Card,Bikaner,Sikkim
3528,634,2025-12-07,Delivered,UPI,Kottayam,Nagaland
3529,444,2025-06-03,Delivered,COD,Rewa,Assam
3530,286,2025-08-22,Delivered,Net Banking,Durgapur,Meghalaya
3531,250,2025-03-28,Delivered,Debit Card,Proddatur,Nagaland
3532,216,2025-07-26,Delivered,COD,Erode,Punjab
3533,430,2025-07-22,Processing,Net Banking,Anantapur,Keralam
3534,452,2025-06-21,Delivered,Debit Card,Hospet,Assam
3535,674,2026-04-03,Delivered,UPI,Parbhani,Bihar
3536,53,2025-12-15,Delivered,Debit Card,Rourkela,Jharkhand
3537,282,2025-09-19,Delivered,UPI,Kumbakonam,Nagaland
3538,853,2024-12-29,Delivered,Net Banking,Sasaram,Rajasthan
3539,916,2025-11-29,Delivered,UPI,Parbhani,Odisha
3540,931,2025-02-13,Delivered,Debit Card,Giridih,Himachal Pradesh
3541,307,2025-05-25,Delivered,Credit Card,Bharatpur,Madhya Pradesh
3542,138,2025-08-07,Delivered,UPI,Srikakulam,Arunachal Pradesh
3543,199,2025-01-19,Delivered,Debit Card,Mangalore,Tamil Nadu
3544,132,2025-07-19,Delivered,Credit Card,Avadi,Jharkhand
3545,955,2025-04-21,Delivered,Credit Card,Gwalior,Manipur
3546,884,2026-06-20,Delivered,COD,Thoothukudi,Madhya Pradesh
3547,811,2026-06-28,Shipped,Credit Card,Bhavnagar,Himachal Pradesh
3548,730,2024-10-11,Delivered,Debit Card,Thane,Chhattisgarh
3549,344,2025-12-22,Processing,UPI,Bhatpara,Uttarakhand
3550,476,2026-01-19,Delivered,Credit Card,Serampore,Bihar
3551,842,2025-07-11,Delivered,Credit Card,Dharmavaram,Uttarakhand
3552,815,2025-09-15,Delivered,Net Banking,Srinagar,Bihar
3553,519,2026-05-08,Shipped,UPI,Mira-Bhayandar,Assam
3554,838,2025-07-11,Delivered,COD,Anantapur,Uttar Pradesh
3555,347,2024-11-24,Delivered,UPI,Coimbatore,Uttarakhand
3556,414,2025-07-07,Delivered,Net Banking,Kolkata,Uttar Pradesh
3557,840,2025-04-11,Delivered,UPI,Mau,Sikkim
3558,377,2025-07-14,Cancelled,COD,Visakhapatnam,Maharashtra
3559,753,2025-03-25,Delivered,Net Banking,Khandwa,Assam
3560,454,2025-01-25,Delivered,COD,Salem,Mizoram
3561,298,2026-09-27,Delivered,COD,Avadi,Manipur
3562,219,2025-01-10,Delivered,COD,Saharsa,Rajasthan
3563,607,2026-03-07,Processing,Net Banking,Kharagpur,Andhra Pradesh
3564,480,2026-03-16,Shipped,COD,Asansol,Assam
3565,370,2026-01-02,Processing,UPI,Korba,Mizoram
3566,744,2026-08-04,Delivered,Net Banking,Sultan Pur Majra,Telangana
3567,2,2024-10-12,Delivered,COD,Jalna,Uttarakhand
3568,93,2025-05-16,Delivered,Credit Card,Jalgaon,Meghalaya
3569,962,2025-02-20,Delivered,COD,Bikaner,Karnataka
3570,664,2025-12-03,Processing,Debit Card,Kottayam,Maharashtra
3571,550,2026-01-15,Delivered,Debit Card,Arrah,Manipur
3572,15,2026-07-25,Delivered,Credit Card,Bhagalpur,Nagaland
3573,599,2025-07-12,Delivered,UPI,Hajipur,Gujarat
3574,435,2025-03-29,Shipped,COD,Malegaon,Karnataka
3575,600,2026-08-14,Delivered,Net Banking,Guntur,Meghalaya
3576,42,2026-02-11,Delivered,Debit Card,Rajkot,Telangana
3577,551,2026-04-19,Delivered,COD,Kollam,Tamil Nadu
3578,578,2025-08-29,Processing,UPI,Chennai,Sikkim
3579,291,2025-08-31,Delivered,Net Banking,Tiruchirappalli,Gujarat
3580,55,2025-07-19,Delivered,Debit Card,Burhanpur,Keralam
3581,972,2026-04-08,Delivered,Net Banking,Mysore,Meghalaya
3582,710,2025-03-11,Processing,UPI,Vijayanagaram,West Bengal
3583,622,2026-09-20,Cancelled,Net Banking,Unnao,Jharkhand
3584,768,2025-02-13,Delivered,Net Banking,Kurnool,Uttar Pradesh
3585,671,2025-09-10,Delivered,COD,Hapur,Rajasthan
3586,135,2025-05-26,Delivered,Credit Card,Katihar,Nagaland
3587,455,2026-01-20,Delivered,UPI,Chittoor,Punjab
3588,889,2026-02-17,Delivered,UPI,Kadapa,Tamil Nadu
3589,288,2026-08-10,Delivered,UPI,Sirsa,Punjab
3590,973,2026-05-07,Shipped,Credit Card,Bokaro,Odisha
3591,65,2025-04-08,Delivered,COD,Nangloi Jat,Karnataka
3592,331,2025-03-08,Delivered,UPI,Pondicherry,Keralam
3593,351,2026-07-17,Delivered,UPI,Mirzapur,Mizoram
3594,618,2025-09-29,Delivered,UPI,Karawal Nagar,Telangana
3595,177,2024-12-18,Delivered,Credit Card,Nadiad,Odisha
3596,230,2026-06-02,Delivered,Net Banking,Aurangabad,West Bengal
3597,663,2026-01-24,Delivered,Credit Card,Anantapur,Punjab
3598,285,2024-10-27,Delivered,Debit Card,Tadipatri,Keralam
3599,880,2026-05-02,Delivered,Credit Card,Sasaram,Mizoram
3600,871,2025-12-25,Delivered,COD,Eluru,Nagaland
3601,303,2025-12-31,Delivered,UPI,Kota,Tripura
3602,560,2026-07-01,Delivered,Credit Card,Meerut,Haryana
3603,333,2025-10-05,Delivered,Debit Card,Gandhidham,Gujarat
3604,345,2025-09-10,Delivered,COD,Nandyal,Goa
3605,671,2026-01-02,Delivered,Debit Card,Rajkot,Arunachal Pradesh
3606,294,2025-03-01,Delivered,UPI,Thrissur,Odisha
3607,150,2025-01-27,Processing,Debit Card,Mango,Uttarakhand
3608,260,2026-06-16,Delivered,Credit Card,Buxar,Nagaland
3609,930,2025-03-14,Delivered,Credit Card,Bhopal,Arunachal Pradesh
3610,260,2025-10-11,Delivered,COD,South Dumdum,Karnataka
3611,364,2025-04-23,Shipped,COD,Bhatpara,Uttar Pradesh
3612,629,2025-03-25,Delivered,Credit Card,Bulandshahr,Arunachal Pradesh
3613,102,2025-12-18,Processing,Debit Card,Salem,Nagaland
3614,269,2026-05-17,Delivered,Debit Card,Khammam,Madhya Pradesh
3615,175,2025-08-27,Shipped,COD,Avadi,Uttar Pradesh
3616,925,2025-01-17,Delivered,COD,Begusarai,Manipur
3617,933,2025-04-04,Delivered,Credit Card,Patiala,Meghalaya
3618,756,2025-02-05,Delivered,UPI,Anantapur,Rajasthan
3619,248,2026-07-14,Delivered,UPI,Sambalpur,Tamil Nadu
3620,617,2025-05-29,Shipped,UPI,Imphal,Manipur
3621,663,2025-07-08,Processing,Net Banking,Shimoga,Rajasthan
3622,870,2024-11-29,Delivered,Net Banking,Bhilai,Tamil Nadu
3623,157,2025-08-30,Delivered,COD,Madhyamgram,Manipur
3624,737,2026-08-06,Delivered,UPI,Muzaffarnagar,Rajasthan
3625,195,2025-08-03,Delivered,UPI,Singrauli,Karnataka
3626,569,2026-01-26,Delivered,UPI,Shahjahanpur,Jharkhand
3627,880,2025-02-18,Delivered,Net Banking,Aurangabad,Andhra Pradesh
3628,63,2025-01-20,Delivered,UPI,Bhilwara,Odisha
3629,149,2026-03-26,Processing,Net Banking,Gangtok,Haryana
3630,814,2024-11-25,Shipped,COD,Phagwara,Tamil Nadu
3631,19,2025-08-31,Shipped,UPI,Bokaro,Uttarakhand
3632,686,2025-05-27,Delivered,Net Banking,Mahbubnagar,Tripura
3633,502,2024-10-20,Processing,Debit Card,Delhi,Haryana
3634,347,2025-10-31,Delivered,COD,Aurangabad,Odisha
3635,863,2026-09-12,Delivered,Credit Card,Gandhidham,Sikkim
3636,849,2024-11-27,Delivered,Credit Card,Nanded,Manipur
3637,326,2026-05-26,Processing,UPI,Bathinda,Manipur
3638,5,2025-11-06,Delivered,Net Banking,Kavali,Madhya Pradesh
3639,129,2026-03-20,Shipped,COD,Hajipur,Himachal Pradesh
3640,108,2024-12-17,Delivered,UPI,Gorakhpur,Mizoram
3641,983,2026-07-04,Shipped,Debit Card,Pallavaram,West Bengal
3642,597,2024-10-16,Delivered,Net Banking,Durgapur,Gujarat
3643,677,2026-08-01,Processing,Net Banking,Bikaner,Arunachal Pradesh
3644,231,2026-01-31,Delivered,COD,Bhopal,Arunachal Pradesh
3645,851,2025-06-11,Delivered,Net Banking,Guntur,Mizoram
3646,723,2024-10-13,Delivered,COD,Sikar,Haryana
3647,753,2025-12-28,Delivered,COD,Motihari,Madhya Pradesh
3648,469,2024-12-11,Delivered,COD,Malegaon,Uttarakhand
3649,699,2025-12-26,Delivered,Debit Card,Varanasi,Assam
3650,545,2026-04-25,Delivered,Debit Card,Begusarai,Chhattisgarh
3651,385,2025-04-21,Shipped,Debit Card,Medininagar,Goa
3652,595,2025-03-31,Delivered,COD,Kadapa,Madhya Pradesh
3653,325,2025-03-19,Processing,Credit Card,Karnal,Punjab
3654,953,2025-03-21,Delivered,Net Banking,Serampore,Goa
3655,717,2024-12-30,Delivered,Net Banking,Udaipur,Bihar
3656,739,2025-04-08,Processing,UPI,Deoghar,Assam
3657,717,2026-02-01,Delivered,Debit Card,Ghaziabad,Tamil Nadu
3658,449,2025-05-17,Delivered,UPI,Panihati,Andhra Pradesh
3659,951,2026-05-01,Delivered,Net Banking,Alwar,Nagaland
3660,208,2026-05-29,Delivered,Debit Card,Noida,Mizoram
3661,569,2026-04-16,Delivered,Credit Card,Jodhpur,Assam
3662,70,2025-11-06,Delivered,UPI,Bhubaneswar,Meghalaya
3663,295,2025-05-27,Processing,UPI,Jabalpur,Himachal Pradesh
3664,575,2026-08-18,Delivered,Net Banking,Ujjain,Manipur
3665,490,2025-03-07,Delivered,COD,Aurangabad,Bihar
3666,942,2025-09-12,Delivered,Credit Card,Lucknow,Odisha
3667,614,2025-09-04,Delivered,COD,Gangtok,Tamil Nadu
3668,412,2026-04-05,Delivered,Debit Card,Dharmavaram,Andhra Pradesh
3669,427,2025-11-11,Cancelled,Credit Card,Nagpur,Manipur
3670,612,2026-05-15,Delivered,Debit Card,Avadi,Odisha
3671,792,2026-08-10,Delivered,Net Banking,Morena,Andhra Pradesh
3672,277,2025-07-20,Shipped,COD,Sasaram,Rajasthan
3673,585,2026-07-09,Delivered,Debit Card,Howrah,Meghalaya
3674,575,2025-02-09,Delivered,Credit Card,Kolkata,Himachal Pradesh
3675,10,2026-08-08,Delivered,Net Banking,Nandyal,Maharashtra
3676,913,2025-02-15,Delivered,Debit Card,Bhagalpur,Punjab
3677,570,2026-06-21,Delivered,Credit Card,Tiruchirappalli,Odisha
3678,243,2025-07-20,Processing,Debit Card,Ulhasnagar,Sikkim
3679,634,2026-09-12,Delivered,Debit Card,Nashik,Andhra Pradesh
3680,678,2025-01-10,Delivered,UPI,Saharanpur,Tamil Nadu
3681,916,2025-09-13,Delivered,UPI,Dhule,Andhra Pradesh
3682,35,2026-07-28,Shipped,Net Banking,Kochi,Odisha
3683,414,2024-11-12,Delivered,UPI,Alappuzha,Jharkhand
3684,181,2025-04-19,Processing,Debit Card,Kolhapur,Arunachal Pradesh
3685,575,2024-12-08,Delivered,Net Banking,Raipur,Punjab
3686,502,2025-05-31,Shipped,Credit Card,Bhiwandi,Meghalaya
3687,475,2025-07-20,Delivered,Credit Card,Eluru,Odisha
3688,983,2026-01-03,Delivered,COD,Vasai-Virar,Karnataka
3689,532,2025-04-14,Delivered,UPI,Bokaro,Haryana
3690,412,2025-02-01,Shipped,Net Banking,Jamshedpur,Nagaland
3691,68,2025-02-09,Delivered,UPI,Amroha,Gujarat
3692,290,2026-08-24,Delivered,COD,Tiruvottiyur,Tamil Nadu
3693,898,2026-09-04,Delivered,Debit Card,Kulti,Punjab
3694,452,2025-03-19,Delivered,UPI,Kakinada,West Bengal
3695,911,2025-02-28,Cancelled,Net Banking,Durg,Andhra Pradesh
3696,533,2024-11-17,Shipped,UPI,Chinsurah,Mizoram
3697,549,2026-09-08,Delivered,Credit Card,Naihati,Meghalaya
3698,430,2026-03-07,Delivered,Debit Card,Jorhat,Tripura
3699,557,2026-04-16,Delivered,Net Banking,Mangalore,Keralam
3700,67,2025-05-08,Shipped,Debit Card,Barasat,Uttarakhand
3701,58,2026-01-19,Delivered,COD,Jalgaon,Gujarat
3702,476,2024-11-21,Delivered,Debit Card,Belgaum,Telangana
3703,598,2026-02-13,Delivered,Credit Card,Mysore,Manipur
3704,551,2025-12-05,Delivered,Credit Card,Lucknow,Uttarakhand
3705,430,2025-06-07,Delivered,COD,Loni,Gujarat
3706,295,2026-03-11,Delivered,Net Banking,Naihati,Haryana
3707,710,2026-01-23,Cancelled,UPI,Gangtok,Meghalaya
3708,605,2025-08-24,Delivered,Net Banking,Guntur,Meghalaya
3709,48,2025-02-21,Delivered,Debit Card,Kavali,Chhattisgarh
3710,453,2024-10-25,Delivered,Credit Card,Gandhinagar,Odisha
3711,711,2026-08-24,Delivered,UPI,Pune,Keralam
3712,785,2025-05-01,Delivered,COD,Ambarnath,Chhattisgarh
3713,287,2025-05-16,Delivered,UPI,Nadiad,Manipur
3714,925,2026-02-17,Shipped,COD,Mumbai,Punjab
3715,652,2025-04-12,Delivered,UPI,Jehanabad,Andhra Pradesh
3716,438,2025-07-09,Cancelled,Debit Card,Warangal,Uttar Pradesh
3717,628,2026-03-11,Delivered,UPI,Pune,Nagaland
3718,872,2025-12-17,Delivered,Debit Card,Berhampur,Haryana
3719,227,2026-01-30,Delivered,COD,Kochi,Sikkim
3720,151,2024-10-11,Delivered,Debit Card,Bally,Telangana
3721,441,2025-09-02,Processing,Debit Card,Khandwa,Uttarakhand
3722,84,2025-09-20,Delivered,UPI,Jamalpur,Tamil Nadu
3723,836,2026-01-13,Delivered,COD,Panvel,Goa
3724,971,2025-01-27,Delivered,Credit Card,Munger,Chhattisgarh
3725,606,2025-02-01,Delivered,Debit Card,Bikaner,Goa
3726,980,2026-04-18,Cancelled,COD,Indore,Tripura
3727,69,2026-02-12,Delivered,Net Banking,Aurangabad,Himachal Pradesh
3728,633,2026-05-23,Delivered,Net Banking,Indore,Jharkhand
3729,443,2025-04-24,Cancelled,UPI,Ongole,Tripura
3730,278,2026-10-06,Shipped,Debit Card,Bhusawal,Goa
3731,312,2025-04-25,Shipped,Debit Card,Mirzapur,Keralam
3732,546,2026-01-26,Delivered,UPI,Nangloi Jat,Himachal Pradesh
3733,642,2025-02-03,Delivered,Credit Card,Proddatur,Himachal Pradesh
3734,165,2026-08-09,Delivered,COD,Alwar,Mizoram
3735,615,2025-06-08,Delivered,COD,Rourkela,Rajasthan
3736,927,2026-05-17,Delivered,COD,Mango,Haryana
3737,11,2025-06-07,Delivered,COD,Chinsurah,Arunachal Pradesh
3738,879,2026-05-08,Delivered,COD,Gudivada,Nagaland
3739,608,2025-09-05,Delivered,UPI,Haridwar,Meghalaya
3740,343,2024-11-23,Delivered,COD,Bikaner,Odisha
3741,735,2025-02-24,Delivered,Net Banking,Ichalkaranji,Madhya Pradesh
3742,618,2026-02-19,Delivered,COD,Tiruvottiyur,Sikkim
3743,769,2025-02-26,Delivered,Net Banking,Bhilwara,Nagaland
3744,82,2025-04-27,Shipped,UPI,Chennai,Sikkim
3745,59,2025-11-07,Delivered,Debit Card,Baranagar,Rajasthan
3746,643,2025-04-11,Delivered,Net Banking,Kulti,Maharashtra
3747,304,2025-01-10,Delivered,UPI,Amravati,Jharkhand
3748,239,2026-01-07,Delivered,Debit Card,Tadepalligudem,Mizoram
3749,422,2026-02-23,Delivered,Net Banking,Machilipatnam,Nagaland
3750,726,2026-03-27,Delivered,Debit Card,Phusro,Mizoram
3751,180,2026-08-28,Cancelled,Net Banking,Arrah,Manipur
3752,974,2025-01-07,Delivered,UPI,Aizawl,Jharkhand
3753,421,2025-08-16,Delivered,Credit Card,Uluberia,Bihar
3754,151,2025-03-28,Shipped,COD,Gudivada,Keralam
3755,72,2026-07-28,Delivered,Debit Card,Serampore,Tripura
3756,858,2025-11-06,Delivered,UPI,Khandwa,Rajasthan
3757,114,2024-12-19,Delivered,UPI,Shahjahanpur,Sikkim
3758,419,2026-02-25,Processing,Debit Card,Nangloi Jat,Rajasthan
3759,669,2024-11-08,Delivered,COD,Durgapur,Uttar Pradesh
3760,514,2025-04-26,Delivered,UPI,Surendranagar Dudhrej,Gujarat
3761,263,2026-03-19,Shipped,UPI,Delhi,Rajasthan
3762,108,2025-10-12,Delivered,Credit Card,Varanasi,Arunachal Pradesh
3763,712,2026-04-17,Shipped,Credit Card,Kochi,Gujarat
3764,491,2025-11-29,Delivered,UPI,Agra,Andhra Pradesh
3765,49,2026-06-15,Delivered,Credit Card,Indore,Madhya Pradesh
3766,182,2025-11-23,Delivered,Net Banking,Begusarai,Bihar
3767,563,2024-11-18,Cancelled,COD,Salem,Karnataka
3768,169,2024-11-29,Delivered,Credit Card,Silchar,Bihar
3769,392,2026-04-28,Delivered,Net Banking,Mysore,Arunachal Pradesh
3770,125,2024-11-05,Processing,COD,Nanded,Maharashtra
3771,797,2025-07-10,Delivered,UPI,Hazaribagh,Keralam
3772,631,2024-10-20,Processing,COD,Tinsukia,Keralam
3773,784,2025-05-17,Delivered,UPI,Hazaribagh,Jharkhand
3774,53,2025-12-16,Delivered,Net Banking,Ambarnath,Keralam
3775,376,2025-02-11,Shipped,Net Banking,Aligarh,Andhra Pradesh
3776,268,2025-09-13,Shipped,COD,Guntakal,Maharashtra
3777,623,2026-10-05,Delivered,Debit Card,Moradabad,Telangana
3778,822,2024-11-28,Cancelled,Net Banking,Ghaziabad,Bihar
3779,228,2024-11-23,Cancelled,UPI,Guwahati,Chhattisgarh
3780,770,2025-04-24,Processing,Debit Card,Danapur,Sikkim
3781,581,2026-06-04,Delivered,COD,Alappuzha,Manipur
3782,825,2025-07-31,Delivered,UPI,Kota,Haryana
3783,82,2026-01-18,Delivered,UPI,Meerut,Sikkim
3784,991,2024-11-02,Delivered,Net Banking,Berhampur,Jharkhand
3785,435,2026-03-29,Delivered,Debit Card,Vijayawada,Mizoram
3786,281,2024-11-26,Delivered,Debit Card,Tumkur,Meghalaya
3787,183,2026-03-12,Delivered,Credit Card,Bettiah,Chhattisgarh
3788,985,2025-01-24,Delivered,UPI,Pallavaram,Sikkim
3789,884,2026-06-27,Delivered,Net Banking,Kollam,Nagaland
3790,132,2025-05-12,Delivered,Credit Card,Akola,Goa
3791,445,2025-02-19,Delivered,Net Banking,Thiruvananthapuram,Sikkim
3792,734,2025-06-11,Cancelled,Debit Card,Pune,Nagaland
3793,591,2024-10-09,Delivered,Credit Card,South Dumdum,Telangana
3794,190,2025-02-06,Delivered,Credit Card,Katihar,Tamil Nadu
3795,361,2025-12-19,Delivered,Net Banking,Amroha,Himachal Pradesh
3796,369,2025-05-16,Delivered,Credit Card,Haldia,Uttarakhand
3797,289,2025-06-23,Delivered,COD,Mehsana,Andhra Pradesh
3798,961,2026-05-20,Shipped,Debit Card,Kurnool,Jharkhand
3799,203,2025-01-06,Delivered,COD,Kishanganj,Nagaland
3800,707,2025-07-24,Delivered,Debit Card,Thoothukudi,Manipur
3801,912,2025-02-21,Delivered,Debit Card,Kollam,Gujarat
3802,795,2025-09-25,Shipped,Debit Card,Sangli-Miraj & Kupwad,Goa
3803,800,2025-06-07,Cancelled,Debit Card,Rohtak,Sikkim
3804,159,2024-11-11,Processing,Debit Card,Singrauli,Tripura
3805,134,2024-11-28,Delivered,COD,Jalgaon,Punjab
3806,783,2026-06-22,Shipped,Net Banking,Nagercoil,Manipur
3807,747,2024-11-19,Delivered,UPI,Loni,Sikkim
3808,742,2026-05-02,Delivered,UPI,Durgapur,Gujarat
3809,419,2026-08-08,Processing,UPI,Surat,West Bengal
3810,524,2025-09-13,Delivered,Net Banking,Howrah,Bihar
3811,16,2025-05-24,Cancelled,Credit Card,Sambhal,Mizoram
3812,292,2026-04-28,Delivered,Credit Card,Khandwa,Jharkhand
3813,529,2026-09-25,Delivered,COD,Bijapur,Uttar Pradesh
3814,126,2025-01-04,Delivered,UPI,Giridih,Gujarat
3815,131,2026-09-12,Processing,UPI,Jabalpur,Nagaland
3816,46,2026-08-28,Delivered,UPI,Dhanbad,Chhattisgarh
3817,210,2025-01-20,Shipped,Credit Card,Giridih,Goa
3818,993,2024-11-17,Delivered,UPI,Bhind,Keralam
3819,697,2026-03-14,Shipped,Net Banking,Nizamabad,Tamil Nadu
3820,949,2024-12-04,Delivered,Net Banking,Jaipur,Haryana
3821,258,2025-12-21,Delivered,UPI,Bhimavaram,Punjab
3822,599,2024-11-24,Delivered,Debit Card,Tinsukia,Meghalaya
3823,892,2026-02-24,Delivered,Credit Card,Phusro,West Bengal
3824,353,2025-03-26,Delivered,UPI,Chapra,Himachal Pradesh
3825,658,2024-12-17,Delivered,Debit Card,Satna,Gujarat
3826,693,2024-11-26,Delivered,Net Banking,Amritsar,Uttar Pradesh
3827,833,2025-02-23,Cancelled,Credit Card,Malegaon,Jharkhand
3828,970,2025-11-07,Delivered,Net Banking,Rohtak,Gujarat
3829,616,2024-12-03,Shipped,COD,Giridih,Telangana
3830,583,2026-05-17,Delivered,UPI,Khora ,Tamil Nadu
3831,869,2025-12-23,Shipped,UPI,Tenali,Arunachal Pradesh
3832,685,2025-05-13,Delivered,Credit Card,Rajahmundry,Telangana
3833,362,2026-09-28,Delivered,COD,Davanagere,Nagaland
3834,631,2026-02-01,Delivered,UPI,Gudivada,Haryana
3835,550,2026-02-11,Delivered,Debit Card,Jamshedpur,Manipur
3836,229,2025-02-12,Delivered,Debit Card,Eluru,Gujarat
3837,516,2026-03-11,Delivered,UPI,Kota,Chhattisgarh
3838,624,2025-11-20,Processing,UPI,Eluru,Bihar
3839,904,2026-09-27,Delivered,UPI,Jalgaon,Chhattisgarh
3840,581,2025-09-22,Delivered,UPI,Shivpuri,Mizoram
3841,165,2026-02-15,Cancelled,Debit Card,Dhanbad,Tamil Nadu
3842,988,2025-06-14,Delivered,COD,Nangloi Jat,Maharashtra
3843,579,2024-11-06,Delivered,Credit Card,Kulti,Andhra Pradesh
3844,288,2025-01-09,Cancelled,Credit Card,Akola,Madhya Pradesh
3845,755,2026-07-03,Shipped,Credit Card,Junagadh,Rajasthan
3846,385,2026-03-31,Processing,COD,Bhagalpur,Telangana
3847,371,2025-07-01,Shipped,COD,Ballia,Rajasthan
3848,840,2026-03-01,Delivered,Net Banking,Phagwara,Karnataka
3849,868,2024-10-11,Delivered,Debit Card,Kanpur,Odisha
3850,524,2024-11-04,Delivered,UPI,Bilaspur,Arunachal Pradesh
3851,374,2025-10-13,Cancelled,COD,Chinsurah,Keralam
3852,864,2026-01-07,Processing,UPI,Indore,Meghalaya
3853,174,2026-08-23,Delivered,UPI,Bhind,Andhra Pradesh
3854,748,2026-04-16,Delivered,Net Banking,Kottayam,Andhra Pradesh
3855,585,2025-04-14,Delivered,UPI,Panvel,Tamil Nadu
3856,855,2026-05-26,Delivered,UPI,Aligarh,Gujarat
3857,421,2025-10-02,Processing,Debit Card,Bulandshahr,Bihar
3858,833,2026-06-03,Delivered,UPI,Kozhikode,Mizoram
3859,16,2025-02-12,Delivered,Credit Card,Rampur,Haryana
3860,759,2024-10-27,Cancelled,Net Banking,Bongaigaon,West Bengal
3861,70,2024-11-19,Delivered,UPI,Noida,Uttarakhand
3862,643,2026-10-01,Delivered,Net Banking,Srikakulam,Telangana
3863,196,2024-12-06,Delivered,UPI,Siliguri,Himachal Pradesh
3864,964,2026-08-25,Delivered,Net Banking,Gwalior,Tripura
3865,770,2026-03-23,Delivered,UPI,Lucknow,Haryana
3866,105,2025-01-23,Delivered,Net Banking,Danapur,Gujarat
3867,893,2026-07-01,Delivered,Net Banking,Madurai,West Bengal
3868,252,2025-01-21,Delivered,Net Banking,Bhilwara,Odisha
3869,546,2025-01-21,Delivered,Credit Card,Deoghar,Assam
3870,86,2025-12-02,Delivered,Credit Card,Nanded,Tripura
3871,106,2025-05-06,Cancelled,COD,Bidhannagar,Chhattisgarh
3872,242,2025-05-08,Delivered,Net Banking,Nagaon,Punjab
3873,535,2025-02-27,Delivered,UPI,Aurangabad,Madhya Pradesh
3874,543,2025-12-26,Processing,UPI,Guna,Andhra Pradesh
3875,856,2024-10-28,Delivered,Credit Card,Bahraich,Tamil Nadu
3876,166,2025-04-05,Delivered,Net Banking,Panvel,Punjab
3877,750,2025-11-16,Processing,Credit Card,Ghaziabad,Tripura
3878,6,2025-09-28,Delivered,COD,Rampur,Nagaland
3879,292,2026-03-03,Delivered,Debit Card,Gurgaon,Sikkim
3880,176,2025-03-15,Shipped,COD,Imphal,Uttar Pradesh
3881,124,2026-01-24,Delivered,COD,Tiruchirappalli,West Bengal
3882,585,2026-04-16,Delivered,Debit Card,Maheshtala,Meghalaya
3883,901,2025-07-18,Delivered,COD,Phusro,Andhra Pradesh
3884,667,2025-04-13,Delivered,Debit Card,Dewas,Jharkhand
3885,855,2025-11-17,Shipped,UPI,Mysore,Nagaland
3886,592,2025-12-05,Delivered,Credit Card,Sangli-Miraj & Kupwad,Bihar
3887,54,2024-12-16,Delivered,Debit Card,Gudivada,Bihar
3888,346,2025-11-25,Delivered,COD,Dehradun,Keralam
3889,824,2025-01-29,Processing,COD,Karaikudi,Uttar Pradesh
3890,45,2025-11-27,Delivered,UPI,Madhyamgram,Jharkhand
3891,98,2026-08-19,Delivered,UPI,Adoni,Uttarakhand
3892,834,2025-11-04,Delivered,Debit Card,Dhanbad,Tamil Nadu
3893,64,2026-04-17,Delivered,Debit Card,Varanasi,Himachal Pradesh
3894,960,2025-05-22,Delivered,Net Banking,Berhampur,Gujarat
3895,759,2026-08-13,Processing,Credit Card,Rampur,Telangana
3896,666,2026-05-24,Delivered,COD,Amaravati,Sikkim
3897,537,2026-08-08,Delivered,Debit Card,Gorakhpur,Nagaland
3898,90,2026-04-02,Delivered,Credit Card,Purnia,West Bengal
3899,415,2026-01-25,Delivered,Debit Card,Shimla,Assam
3900,808,2025-10-26,Delivered,COD,Belgaum,Karnataka
3901,904,2026-08-17,Shipped,Credit Card,Anantapuram,Mizoram
3902,447,2026-06-19,Delivered,Debit Card,Thoothukudi,Assam
3903,840,2025-08-08,Shipped,COD,Raichur,West Bengal
3904,777,2024-12-10,Delivered,UPI,Jaunpur,Mizoram
3905,58,2024-10-11,Delivered,Debit Card,South Dumdum,Himachal Pradesh
3906,621,2025-03-27,Delivered,Net Banking,Ranchi,Gujarat
3907,617,2024-11-23,Delivered,COD,Ichalkaranji,Andhra Pradesh
3908,543,2025-03-11,Delivered,UPI,Yamunanagar,Mizoram
3909,773,2024-12-27,Cancelled,Net Banking,Bilaspur,West Bengal
3910,890,2026-09-24,Processing,COD,Indore,Arunachal Pradesh
3911,551,2024-12-17,Shipped,Credit Card,Bidhannagar,Keralam
3912,321,2026-01-09,Processing,Net Banking,Saharanpur,Odisha
3913,984,2025-06-22,Delivered,Debit Card,Raiganj,Madhya Pradesh
3914,964,2025-02-12,Delivered,Net Banking,Jamnagar,Odisha
3915,687,2026-03-04,Delivered,Credit Card,Kota,Punjab
3916,641,2026-09-16,Processing,UPI,Ajmer,West Bengal
3917,105,2026-05-08,Delivered,COD,Raurkela Industrial Township,Mizoram
3918,402,2026-09-20,Delivered,Credit Card,Vellore,Punjab
3919,199,2025-12-13,Delivered,UPI,Hosur,Himachal Pradesh
3920,515,2026-02-12,Delivered,COD,Mumbai,Chhattisgarh
3921,827,2025-01-23,Shipped,COD,Shimoga,Assam
3922,225,2026-06-22,Delivered,Net Banking,Katihar,Bihar
3923,997,2026-04-07,Delivered,Debit Card,Srikakulam,Telangana
3924,130,2025-04-11,Processing,Credit Card,Junagadh,Arunachal Pradesh
3925,99,2025-06-24,Delivered,Net Banking,Rampur,Maharashtra
3926,975,2025-12-28,Delivered,Net Banking,Nangloi Jat,Nagaland
3927,101,2024-10-17,Delivered,Debit Card,Hajipur,Odisha
3928,736,2026-05-28,Delivered,Net Banking,Madanapalle,Arunachal Pradesh
3929,764,2025-05-01,Delivered,Debit Card,Khandwa,Tripura
3930,331,2024-12-02,Delivered,COD,Rajkot,Madhya Pradesh
3931,65,2025-06-06,Delivered,Net Banking,Dewas,Andhra Pradesh
3932,309,2026-06-10,Delivered,Credit Card,Kakinada,Bihar
3933,69,2025-04-26,Delivered,Net Banking,Dharmavaram,Tripura
3934,673,2025-11-06,Cancelled,Credit Card,Secunderabad,Uttarakhand
3935,889,2026-05-24,Delivered,Credit Card,Kurnool,Sikkim
3936,998,2024-11-02,Delivered,COD,Moradabad,Jharkhand
3937,801,2026-04-16,Delivered,Debit Card,Kakinada,Uttarakhand
3938,775,2025-05-07,Delivered,UPI,Vellore,Haryana
3939,882,2026-02-28,Processing,Credit Card,Mau,Gujarat
3940,770,2025-02-22,Delivered,COD,Kulti,Sikkim
3941,651,2025-01-17,Delivered,Net Banking,Rohtak,Jharkhand
3942,997,2026-05-06,Delivered,COD,Miryalaguda,Manipur
3943,323,2026-05-21,Shipped,Debit Card,Rewa,Odisha
3944,413,2026-09-24,Delivered,UPI,Lucknow,Chhattisgarh
3945,907,2026-02-14,Shipped,UPI,Karimnagar,Uttar Pradesh
3946,312,2025-09-13,Delivered,UPI,Barasat,Chhattisgarh
3947,299,2025-02-27,Delivered,Net Banking,Ulhasnagar,West Bengal
3948,153,2025-05-11,Delivered,Net Banking,Amravati,Haryana
3949,276,2026-01-24,Delivered,Debit Card,Haldia,Keralam
3950,594,2025-06-18,Delivered,Net Banking,Patna,Haryana
3951,887,2025-09-26,Delivered,Debit Card,Ramagundam,Meghalaya
3952,137,2025-02-08,Delivered,Net Banking,Bhopal,Andhra Pradesh
3953,681,2025-08-25,Delivered,Net Banking,Rewa,Chhattisgarh
3954,767,2025-03-31,Delivered,Debit Card,Nandyal,Manipur
3955,896,2024-12-29,Delivered,Net Banking,Amritsar,Punjab
3956,751,2025-01-12,Delivered,Credit Card,Rampur,Uttarakhand
3957,156,2025-10-21,Delivered,Net Banking,Bongaigaon,Telangana
3958,489,2025-07-02,Delivered,COD,Rewa,Uttar Pradesh
3959,953,2024-12-20,Delivered,Credit Card,Suryapet,Tamil Nadu
3960,909,2025-10-18,Delivered,Net Banking,Jalandhar,Sikkim
3961,613,2025-02-05,Delivered,UPI,Vijayawada,Jharkhand
3962,964,2024-10-19,Delivered,Credit Card,Gopalpur,Uttar Pradesh
3963,669,2025-01-13,Delivered,Net Banking,Hazaribagh,Uttarakhand
3964,65,2025-08-31,Shipped,Credit Card,Kamarhati,Manipur
3965,915,2026-09-04,Delivered,Credit Card,Udaipur,Bihar
3966,169,2025-04-02,Delivered,Credit Card,Gandhinagar,Arunachal Pradesh
3967,381,2025-05-04,Delivered,UPI,Bongaigaon,Maharashtra
3968,239,2025-04-03,Shipped,Net Banking,Tadepalligudem,Nagaland
3969,720,2025-06-24,Shipped,UPI,Amaravati,Meghalaya
3970,30,2026-03-16,Shipped,Credit Card,Tadipatri,Uttar Pradesh
3971,641,2025-05-31,Delivered,Credit Card,Bijapur,Meghalaya
3972,865,2026-01-31,Delivered,COD,Tezpur,Odisha
3973,788,2026-07-26,Delivered,COD,Mysore,Sikkim
3974,307,2026-08-30,Delivered,UPI,Mau,Uttar Pradesh
3975,897,2025-11-23,Shipped,UPI,Satara,Nagaland
3976,363,2026-03-13,Delivered,Net Banking,Bhubaneswar,Meghalaya
3977,681,2026-08-10,Delivered,Credit Card,Srikakulam,Assam
3978,507,2026-05-05,Shipped,Net Banking,Khora ,Nagaland
3979,68,2025-05-15,Delivered,COD,Howrah,Goa
3980,3,2025-01-12,Shipped,UPI,Karimnagar,Karnataka
3981,184,2024-12-31,Delivered,COD,Eluru,Manipur
3982,935,2026-07-14,Delivered,UPI,Etawah,Assam
3983,954,2025-11-18,Delivered,Credit Card,Madurai,Punjab
3984,411,2025-05-12,Delivered,Debit Card,Vijayawada,Haryana
3985,969,2025-06-17,Delivered,COD,Ghaziabad,Manipur
3986,50,2025-05-02,Delivered,Debit Card,Kavali,Jharkhand
3987,968,2026-05-16,Delivered,UPI,Dhule,Jharkhand
3988,231,2025-12-29,Delivered,Credit Card,Satara,Keralam
3989,37,2026-07-12,Shipped,Net Banking,Bulandshahr,Arunachal Pradesh
3990,758,2025-05-16,Delivered,Debit Card,Salem,Goa
3991,383,2025-09-18,Delivered,UPI,Khammam,Tamil Nadu
3992,293,2025-01-05,Delivered,Debit Card,Khora ,Bihar
3993,760,2026-09-17,Processing,Debit Card,Nadiad,Maharashtra
3994,334,2025-10-17,Shipped,UPI,Chennai,Bihar
3995,753,2025-11-16,Cancelled,Credit Card,Nagpur,Meghalaya
3996,196,2025-08-06,Processing,COD,Bhavnagar,Odisha
3997,86,2025-04-24,Delivered,Net Banking,Bettiah,Maharashtra
3998,325,2026-08-31,Delivered,UPI,Mangalore,Sikkim
3999,610,2025-09-30,Delivered,UPI,Durg,Haryana
4000,225,2026-02-13,Processing,Credit Card,Gandhinagar,Meghalaya
4001,143,2024-11-04,Delivered,Debit Card,Proddatur,Haryana
4002,750,2025-04-27,Delivered,Debit Card,Chinsurah,Manipur
4003,494,2026-05-18,Processing,Net Banking,Bulandshahr,Arunachal Pradesh
4004,432,2024-12-11,Shipped,UPI,Khammam,Haryana
4005,240,2024-12-21,Cancelled,UPI,Firozabad,Punjab
4006,18,2026-05-22,Delivered,Net Banking,Kanpur,Sikkim
4007,54,2025-05-21,Delivered,COD,Satna,Haryana
4008,682,2025-04-26,Delivered,UPI,Bharatpur,Haryana
4009,81,2025-11-25,Delivered,Credit Card,Mango,Himachal Pradesh
4010,247,2025-02-27,Delivered,Net Banking,Siwan,Haryana
4011,911,2024-11-08,Delivered,UPI,Aurangabad,West Bengal
4012,344,2024-10-11,Shipped,COD,Aizawl,Odisha
4013,745,2024-12-05,Delivered,Credit Card,Korba,Karnataka
4014,344,2025-02-01,Delivered,Debit Card,Guna,Madhya Pradesh
4015,932,2026-02-28,Processing,Credit Card,Khandwa,Manipur
4016,822,2025-05-13,Delivered,Net Banking,Latur,Meghalaya
4017,470,2024-11-29,Delivered,UPI,Rampur,Karnataka
4018,685,2024-10-19,Delivered,UPI,Eluru,West Bengal
4019,414,2025-09-21,Delivered,Debit Card,Udaipur,Himachal Pradesh
4020,945,2026-06-13,Shipped,COD,Naihati,Keralam
4021,359,2025-06-12,Delivered,Net Banking,Meerut,Andhra Pradesh
4022,837,2024-11-24,Delivered,Net Banking,Sikar,Maharashtra
4023,617,2025-03-23,Cancelled,Debit Card,Mahbubnagar,Telangana
4024,644,2025-10-08,Delivered,UPI,Berhampur,West Bengal
4025,352,2025-02-23,Processing,Debit Card,Bangalore,Maharashtra
4026,833,2026-09-22,Delivered,COD,Nanded,Bihar
4027,747,2026-04-18,Cancelled,Net Banking,Kochi,Rajasthan
4028,816,2025-06-17,Delivered,Net Banking,Saharanpur,Nagaland
4029,802,2026-09-03,Delivered,Credit Card,Bokaro,Uttarakhand
4030,158,2025-06-02,Processing,Debit Card,Haldia,Manipur
4031,876,2025-01-18,Processing,Net Banking,Bhalswa Jahangir Pur,Andhra Pradesh
4032,842,2026-08-24,Delivered,Net Banking,Rewa,Uttar Pradesh
4033,243,2026-09-09,Delivered,COD,Satna,Odisha
4034,982,2025-05-24,Delivered,Net Banking,Pali,Tamil Nadu
4035,528,2025-12-16,Shipped,Credit Card,Vasai-Virar,Bihar
4036,322,2025-02-11,Processing,Credit Card,Belgaum,Madhya Pradesh
4037,224,2026-01-19,Delivered,Net Banking,Salem,Madhya Pradesh
4038,365,2026-02-24,Delivered,COD,Serampore,Haryana
4039,38,2026-03-10,Delivered,COD,Deoghar,Telangana
4040,691,2025-11-27,Shipped,Net Banking,Allahabad,Goa
4041,708,2026-03-06,Delivered,Debit Card,Jorhat,Assam
4042,668,2025-11-17,Delivered,COD,Moradabad,Gujarat
4043,549,2026-05-29,Cancelled,COD,Giridih,West Bengal
4044,363,2025-02-16,Delivered,UPI,Ongole,Bihar
4045,724,2025-09-26,Delivered,Credit Card,Karaikudi,Mizoram
4046,872,2025-08-08,Delivered,Credit Card,Thiruvananthapuram,Goa
4047,88,2025-11-01,Delivered,Debit Card,Malegaon,Keralam
4048,383,2025-01-20,Processing,Credit Card,Raiganj,Meghalaya
4049,996,2025-06-01,Delivered,Credit Card,Darbhanga,Andhra Pradesh
4050,862,2026-09-05,Delivered,UPI,Bhavnagar,Gujarat
4051,995,2024-12-24,Delivered,UPI,Firozabad,Mizoram
4052,184,2026-01-15,Delivered,Debit Card,Khandwa,Andhra Pradesh
4053,465,2026-02-05,Delivered,COD,Siliguri,Maharashtra
4054,131,2025-09-19,Delivered,Credit Card,Dehradun,Mizoram
4055,867,2024-11-02,Delivered,Credit Card,Kurnool,Gujarat
4056,519,2024-11-02,Delivered,Credit Card,Berhampur,Chhattisgarh
4057,244,2025-04-27,Cancelled,COD,Tiruvottiyur,Maharashtra
4058,91,2024-12-22,Delivered,Net Banking,Chinsurah,Rajasthan
4059,738,2024-12-16,Processing,Net Banking,Giridih,Andhra Pradesh
4060,812,2025-02-02,Delivered,UPI,Katihar,Jharkhand
4061,880,2025-02-24,Delivered,COD,Surendranagar Dudhrej,West Bengal
4062,972,2026-06-12,Cancelled,UPI,Gulbarga,Jharkhand
4063,815,2026-01-17,Delivered,COD,Bilaspur,Jharkhand
4064,787,2024-10-30,Shipped,COD,Tirupati,Rajasthan
4065,812,2026-01-10,Delivered,Debit Card,Amravati,Maharashtra
4066,999,2025-01-16,Delivered,COD,Ambala,Karnataka
4067,464,2025-08-11,Delivered,COD,Nizamabad,Sikkim
4068,759,2024-11-05,Delivered,Debit Card,Agartala,Andhra Pradesh
4069,820,2024-12-13,Delivered,Net Banking,Patna,Punjab
4070,117,2025-01-13,Delivered,Debit Card,Rohtak,Karnataka
4071,691,2025-08-20,Delivered,Debit Card,Arrah,Tripura
4072,339,2025-09-11,Delivered,Credit Card,Bhind,Rajasthan
4073,133,2025-06-22,Processing,Net Banking,Ulhasnagar,Uttarakhand
4074,171,2026-01-04,Delivered,Credit Card,Solapur,Bihar
4075,115,2026-03-18,Processing,UPI,Kolhapur,Goa
4076,898,2026-03-24,Delivered,Credit Card,Jamnagar,Uttar Pradesh
4077,772,2025-12-05,Delivered,UPI,Baranagar,Karnataka
4078,103,2025-11-10,Delivered,COD,Udupi,Tamil Nadu
4079,626,2025-10-02,Processing,Credit Card,Hospet,Punjab
4080,661,2025-03-31,Delivered,Net Banking,Sikar,Maharashtra
4081,520,2025-09-28,Processing,Debit Card,Latur,Arunachal Pradesh
4082,607,2024-10-15,Delivered,Credit Card,Rourkela,Assam
4083,908,2026-09-13,Delivered,Credit Card,Gulbarga,Rajasthan
4084,519,2025-07-05,Shipped,COD,Nellore,Assam
4085,660,2026-04-13,Cancelled,Debit Card,Gulbarga,Andhra Pradesh
4086,572,2026-09-06,Delivered,Debit Card,Fatehpur,Gujarat
4087,397,2025-10-06,Cancelled,Net Banking,Ahmedabad,Uttar Pradesh
4088,891,2026-06-29,Delivered,COD,Jabalpur,Nagaland
4089,414,2025-09-23,Shipped,Net Banking,Shahjahanpur,Rajasthan
4090,800,2025-01-13,Delivered,Debit Card,Rohtak,Odisha
4091,606,2024-10-27,Delivered,COD,Jammu,Meghalaya
4092,685,2025-01-15,Delivered,COD,Kharagpur,Haryana
4093,761,2026-08-27,Shipped,COD,Anantapur,Madhya Pradesh
4094,736,2025-09-20,Delivered,UPI,Shimoga,Meghalaya
4095,565,2025-05-29,Delivered,COD,Bathinda,West Bengal
4096,616,2025-08-30,Delivered,UPI,Farrukhabad,Uttar Pradesh
4097,509,2025-04-13,Shipped,Net Banking,Vadodara,Rajasthan
4098,340,2026-07-05,Delivered,Net Banking,Kottayam,Tamil Nadu
4099,727,2026-10-08,Delivered,Credit Card,Tenali,Tamil Nadu
4100,879,2024-12-09,Delivered,UPI,Bhalswa Jahangir Pur,Odisha
4101,706,2026-03-17,Delivered,COD,Kottayam,Telangana
4102,773,2025-06-10,Delivered,COD,Khandwa,Assam
4103,831,2024-11-12,Delivered,UPI,Malegaon,Andhra Pradesh
4104,368,2026-08-12,Shipped,Net Banking,Rohtak,Madhya Pradesh
4105,63,2024-11-22,Delivered,UPI,Karimnagar,Arunachal Pradesh
4106,338,2025-03-07,Delivered,Debit Card,Firozabad,Jharkhand
4107,755,2024-10-27,Delivered,Credit Card,Meerut,Goa
4108,816,2025-09-17,Delivered,Net Banking,Deoghar,Uttarakhand
4109,514,2025-12-20,Delivered,Debit Card,Amritsar,Odisha
4110,779,2025-05-30,Shipped,Debit Card,Madanapalle,Arunachal Pradesh
4111,75,2024-11-29,Delivered,Net Banking,Hospet,Nagaland
4112,645,2025-01-01,Delivered,Debit Card,Kanpur,Rajasthan
4113,680,2026-08-20,Cancelled,UPI,New Delhi,Jharkhand
4114,508,2026-05-19,Delivered,Debit Card,Siliguri,Tripura
4115,717,2026-08-23,Delivered,Net Banking,Ambala,West Bengal
4116,492,2025-10-30,Delivered,Debit Card,Siwan,West Bengal
4117,524,2025-11-11,Delivered,UPI,Tezpur,Assam
4118,604,2026-05-05,Shipped,UPI,Dharmavaram,Madhya Pradesh
4119,794,2026-01-01,Shipped,Credit Card,Khora ,Sikkim
4120,249,2025-08-23,Delivered,Net Banking,Farrukhabad,Madhya Pradesh
4121,301,2025-05-09,Delivered,Credit Card,Ongole,Maharashtra
4122,419,2025-09-27,Delivered,COD,Nangloi Jat,Jharkhand
4123,202,2024-11-24,Delivered,Credit Card,Panipat,Keralam
4124,335,2025-02-25,Delivered,Debit Card,Durgapur,Punjab
4125,351,2026-03-30,Delivered,Net Banking,Gandhinagar,Andhra Pradesh
4126,315,2026-07-04,Delivered,Net Banking,Vadodara,Tamil Nadu
4127,411,2024-12-21,Shipped,UPI,Khora ,Rajasthan
4128,505,2024-12-18,Shipped,UPI,Nizamabad,Bihar
4129,696,2024-12-09,Delivered,UPI,Agartala,Sikkim
4130,303,2026-05-09,Delivered,COD,Kurnool,Manipur
4131,846,2025-05-23,Delivered,UPI,Guntakal,Himachal Pradesh
4132,480,2025-06-04,Delivered,UPI,Ujjain,Madhya Pradesh
4133,721,2024-10-17,Delivered,Net Banking,Patiala,Manipur
4134,115,2026-09-18,Delivered,Net Banking,Saharanpur,Goa
4135,174,2025-08-21,Processing,COD,Jamalpur,Mizoram
4136,454,2026-05-13,Delivered,Credit Card,Ludhiana,Nagaland
4137,367,2026-03-09,Delivered,Net Banking,Sangli-Miraj & Kupwad,Karnataka
4138,497,2025-01-19,Delivered,UPI,Malegaon,Madhya Pradesh
4139,159,2026-05-16,Delivered,Debit Card,Gangtok,Nagaland
4140,474,2025-11-14,Delivered,UPI,Rourkela,Manipur
4141,687,2025-12-23,Delivered,COD,Bhilai,Madhya Pradesh
4142,729,2025-03-03,Processing,Debit Card,Bhiwandi,Uttarakhand
4143,249,2026-06-18,Shipped,Credit Card,Udaipur,Tripura
4144,345,2026-08-19,Processing,COD,Akola,Karnataka
4145,526,2025-08-01,Delivered,UPI,Pune,Rajasthan
4146,518,2024-12-14,Delivered,Net Banking,Nagaon,Tamil Nadu
4147,792,2026-06-20,Delivered,Debit Card,Surendranagar Dudhrej,Bihar
4148,391,2026-07-18,Delivered,Net Banking,Nadiad,Mizoram
4149,671,2025-10-13,Delivered,Credit Card,Ranchi,Tamil Nadu
4150,884,2025-12-05,Shipped,COD,Danapur,Arunachal Pradesh
4151,299,2025-03-20,Delivered,Debit Card,Kharagpur,Jharkhand
4152,823,2024-11-26,Delivered,Debit Card,Hyderabad,Tamil Nadu
4153,333,2026-08-28,Delivered,Debit Card,Sagar,Uttarakhand
4154,335,2025-09-26,Delivered,Credit Card,Serampore,West Bengal
4155,654,2025-04-27,Delivered,Credit Card,Tiruchirappalli,Mizoram
4156,622,2026-02-26,Delivered,UPI,Ghaziabad,Arunachal Pradesh
4157,550,2024-12-05,Delivered,Debit Card,Begusarai,Andhra Pradesh
4158,232,2025-04-03,Delivered,Debit Card,Imphal,Tamil Nadu
4159,97,2025-09-02,Cancelled,Credit Card,Guwahati,Rajasthan
4160,909,2025-07-03,Delivered,COD,Karawal Nagar,Goa
4161,874,2025-02-22,Delivered,UPI,Bidar,Bihar
4162,887,2025-06-21,Delivered,COD,Jammu,Chhattisgarh
4163,513,2025-06-09,Shipped,COD,Tirupati,Tripura
4164,885,2025-10-26,Delivered,UPI,Giridih,Sikkim
4165,474,2025-11-23,Delivered,Net Banking,Navi Mumbai,Uttarakhand
4166,76,2026-07-15,Delivered,Credit Card,Delhi,Bihar
4167,199,2026-05-20,Delivered,UPI,Pune,Punjab
4168,273,2025-05-09,Delivered,COD,Sambhal,Uttar Pradesh
4169,377,2026-07-29,Delivered,UPI,Delhi,Manipur
4170,940,2025-10-23,Delivered,Credit Card,Alwar,Sikkim
4171,333,2025-02-22,Shipped,UPI,Giridih,Mizoram
4172,613,2025-06-13,Delivered,UPI,Bahraich,Andhra Pradesh
4173,271,2026-04-02,Delivered,UPI,Bathinda,Madhya Pradesh
4174,644,2026-05-31,Delivered,COD,Ranchi,Haryana
4175,568,2025-07-08,Delivered,UPI,Bhiwani,Assam
4176,151,2025-01-31,Delivered,Net Banking,Bhusawal,Mizoram
4177,463,2025-02-25,Delivered,UPI,Tiruchirappalli,Uttarakhand
4178,106,2024-12-23,Delivered,COD,Ahmedabad,Arunachal Pradesh
4179,890,2026-03-02,Cancelled,COD,Uluberia,Jharkhand
4180,705,2025-10-10,Delivered,Net Banking,Chandigarh,Odisha
4181,942,2025-09-02,Processing,COD,Kamarhati,Himachal Pradesh
4182,876,2026-02-10,Processing,Credit Card,Mumbai,Bihar
4183,220,2026-06-05,Delivered,Net Banking,Hosur,Goa
4184,708,2026-05-12,Delivered,Credit Card,Salem,Andhra Pradesh
4185,101,2025-01-16,Delivered,Net Banking,Srikakulam,West Bengal
4186,961,2025-12-12,Cancelled,COD,Tadipatri,Maharashtra
4187,786,2026-07-14,Delivered,Net Banking,Kalyan-Dombivli,Uttarakhand
4188,681,2026-04-26,Delivered,Credit Card,Arrah,Punjab
4189,995,2025-06-05,Delivered,Net Banking,Chinsurah,Jharkhand
4190,847,2025-07-22,Processing,COD,Motihari,Uttarakhand
4191,864,2026-07-20,Delivered,COD,Durg,Haryana
4192,101,2024-11-01,Delivered,Net Banking,Burhanpur,Goa
4193,24,2025-10-27,Delivered,Net Banking,Kozhikode,Tamil Nadu
4194,962,2025-01-01,Delivered,Net Banking,Medininagar,Meghalaya
4195,252,2026-07-23,Processing,Net Banking,Kanpur,Keralam
4196,427,2024-11-05,Shipped,UPI,Panvel,Mizoram
4197,44,2024-10-25,Delivered,COD,Proddatur,West Bengal
4198,624,2025-06-05,Delivered,UPI,Chittoor,Haryana
4199,821,2025-03-03,Shipped,Debit Card,Srikakulam,Uttar Pradesh
4200,842,2025-10-05,Delivered,Credit Card,Bharatpur,Uttar Pradesh
4201,582,2025-05-15,Delivered,Credit Card,Uluberia,Sikkim
4202,662,2025-06-25,Delivered,Credit Card,Bokaro,Chhattisgarh
4203,514,2025-11-24,Delivered,UPI,Malda,Assam
4204,447,2025-11-21,Cancelled,Debit Card,Jehanabad,Bihar
4205,555,2026-08-21,Delivered,Debit Card,Burhanpur,Punjab
4206,936,2025-09-24,Delivered,Debit Card,Hindupur,Keralam
4207,253,2025-11-24,Delivered,UPI,Cuttack,West Bengal
4208,471,2026-02-15,Delivered,Net Banking,Chandigarh,Andhra Pradesh
4209,602,2025-02-12,Processing,UPI,Chinsurah,Karnataka
4210,571,2026-02-07,Delivered,COD,Malda,Haryana
4211,31,2026-06-29,Delivered,UPI,Nadiad,Tripura
4212,288,2025-05-28,Delivered,UPI,Barasat,Bihar
4213,647,2025-02-15,Delivered,Credit Card,Begusarai,Keralam
4214,695,2025-06-18,Delivered,Debit Card,Aurangabad,Tripura
4215,735,2025-04-27,Delivered,COD,Kolhapur,West Bengal
4216,992,2025-12-09,Shipped,Debit Card,Surendranagar Dudhrej,Uttar Pradesh
4217,674,2026-07-01,Shipped,Credit Card,Thanjavur,Odisha
4218,580,2025-12-17,Delivered,COD,Kochi,Chhattisgarh
4219,333,2025-01-08,Delivered,Credit Card,Morbi,Assam
4220,371,2025-05-26,Delivered,COD,Ramagundam,Keralam
4221,827,2026-02-23,Delivered,Debit Card,Durgapur,Maharashtra
4222,469,2025-06-06,Delivered,Credit Card,Sagar,Manipur
4223,716,2025-12-10,Processing,Credit Card,Madanapalle,Arunachal Pradesh
4224,125,2026-02-27,Cancelled,UPI,Aurangabad,Odisha
4225,129,2025-06-05,Delivered,Net Banking,Hosur,Keralam
4226,216,2026-01-24,Shipped,Debit Card,Parbhani,Bihar
4227,196,2025-07-26,Delivered,Net Banking,Narasaraopet,Uttar Pradesh
4228,607,2025-01-15,Delivered,Net Banking,Durgapur,Jharkhand
4229,638,2025-07-07,Delivered,UPI,Shimoga,Gujarat
4230,558,2025-08-26,Delivered,COD,Ujjain,Maharashtra
4231,290,2024-10-10,Delivered,Debit Card,Madanapalle,Uttarakhand
4232,577,2026-07-22,Cancelled,Net Banking,Thanjavur,Telangana
4233,120,2025-10-28,Delivered,UPI,Hospet,Assam
4234,473,2024-11-03,Delivered,Net Banking,Bilaspur,Punjab
4235,155,2026-06-24,Delivered,Net Banking,Shimoga,Odisha
4236,77,2024-10-17,Cancelled,Credit Card,Vasai-Virar,Tripura
4237,166,2025-02-04,Delivered,COD,Durg,West Bengal
4238,112,2025-07-01,Processing,Net Banking,Shivpuri,Rajasthan
4239,478,2025-10-13,Processing,COD,Imphal,Odisha
4240,546,2026-03-22,Delivered,COD,Dibrugarh,Jharkhand
4241,608,2025-08-14,Delivered,Credit Card,Delhi,Uttar Pradesh
4242,440,2025-12-29,Delivered,COD,Cuttack,Uttarakhand
4243,177,2024-10-15,Shipped,Net Banking,Mehsana,West Bengal
4244,21,2026-02-01,Delivered,UPI,Ramgarh,Uttarakhand
4245,713,2026-08-07,Delivered,Net Banking,Dhanbad,Nagaland
4246,983,2025-10-27,Delivered,Debit Card,Silchar,Uttarakhand
4247,282,2025-09-05,Delivered,COD,Tiruvottiyur,Sikkim
4248,205,2025-05-13,Shipped,UPI,Panipat,Gujarat
4249,312,2026-09-05,Shipped,Credit Card,Jaunpur,Andhra Pradesh
4250,215,2024-11-01,Delivered,Credit Card,Rajpur Sonarpur,West Bengal
4251,224,2025-05-05,Delivered,Debit Card,Alwar,Keralam
4252,495,2025-01-17,Delivered,Net Banking,Belgaum,Tripura
4253,786,2026-07-02,Shipped,Credit Card,Karaikudi,Himachal Pradesh
4254,713,2025-09-25,Delivered,Net Banking,Parbhani,Karnataka
4255,960,2026-08-12,Shipped,UPI,Howrah,Telangana
4256,358,2026-02-06,Delivered,Credit Card,Shivpuri,Manipur
4257,493,2025-11-18,Delivered,Net Banking,Nanded,Odisha
4258,381,2025-10-21,Processing,Credit Card,Bidhannagar,Himachal Pradesh
4259,43,2025-03-05,Delivered,Debit Card,Mysore,Nagaland
4260,389,2025-11-22,Delivered,Net Banking,Gurgaon,Maharashtra
4261,261,2026-02-20,Delivered,Credit Card,Pali,Uttarakhand
4262,479,2026-09-13,Delivered,COD,Chennai,Maharashtra
4263,159,2025-11-13,Cancelled,COD,Amritsar,Assam
4264,742,2026-08-24,Processing,COD,Etawah,Rajasthan
4265,843,2026-08-28,Shipped,Debit Card,Mysore,Uttarakhand
4266,961,2025-10-24,Delivered,Credit Card,Ramgarh,Tripura
4267,85,2025-08-25,Delivered,COD,Mumbai,Assam
4268,118,2025-01-20,Processing,Net Banking,Madhyamgram,West Bengal
4269,967,2025-04-22,Delivered,Net Banking,Chandigarh,Jharkhand
4270,849,2026-07-12,Cancelled,UPI,Gaya,Telangana
4271,589,2025-01-17,Delivered,COD,Jodhpur,Nagaland
4272,322,2025-07-25,Delivered,Debit Card,Mirzapur,West Bengal
4273,518,2026-03-02,Delivered,Net Banking,Gandhidham,Jharkhand
4274,536,2025-04-02,Delivered,COD,Jehanabad,Nagaland
4275,848,2026-09-19,Delivered,UPI,Kollam,Punjab
4276,530,2026-01-25,Delivered,UPI,Patna,Chhattisgarh
4277,28,2024-10-29,Delivered,UPI,Madurai,Sikkim
4278,700,2025-04-06,Delivered,Net Banking,Guntakal,Chhattisgarh
4279,778,2026-04-02,Delivered,COD,Kanpur,Telangana
4280,299,2026-06-30,Delivered,UPI,Karawal Nagar,Bihar
4281,117,2026-08-16,Shipped,UPI,Chandigarh,Goa
4282,143,2026-06-21,Delivered,Debit Card,Kishanganj,Maharashtra
4283,841,2024-12-02,Cancelled,Credit Card,Durg,Goa
4284,448,2026-03-25,Processing,UPI,Ajmer,Assam
4285,530,2024-12-27,Delivered,Net Banking,Haridwar,Arunachal Pradesh
4286,961,2024-12-03,Delivered,COD,Haridwar,Himachal Pradesh
4287,62,2026-02-25,Shipped,Credit Card,Mira-Bhayandar,Maharashtra
4288,206,2025-09-22,Delivered,UPI,Alwar,Arunachal Pradesh
4289,834,2026-01-24,Processing,Credit Card,Bhiwandi,Bihar
4290,541,2026-06-22,Delivered,UPI,Hubli–Dharwad,Nagaland
4291,28,2024-11-27,Delivered,Debit Card,Bhalswa Jahangir Pur,Himachal Pradesh
4292,703,2025-10-28,Delivered,UPI,Bijapur,Sikkim
4293,139,2026-06-09,Delivered,Credit Card,Kakinada,Telangana
4294,783,2025-08-25,Processing,UPI,Vadodara,Andhra Pradesh
4295,798,2025-10-25,Delivered,Net Banking,Thoothukudi,Uttarakhand
4296,825,2025-10-06,Processing,Debit Card,Jamnagar,Punjab
4297,465,2026-08-01,Delivered,UPI,Kishanganj,Telangana
4298,268,2024-11-13,Shipped,UPI,Korba,Maharashtra
4299,882,2026-07-11,Processing,Debit Card,Coimbatore,Andhra Pradesh
4300,559,2026-05-27,Delivered,Debit Card,Sagar,Tripura
4301,636,2026-05-24,Delivered,UPI,Karimnagar,Meghalaya
4302,137,2025-08-05,Shipped,Credit Card,Bardhaman,Arunachal Pradesh
4303,624,2025-10-20,Processing,Net Banking,Naihati,Chhattisgarh
4304,581,2025-07-04,Delivered,Debit Card,Bidar,Goa
4305,293,2025-04-10,Delivered,UPI,Machilipatnam,Karnataka
4306,767,2026-07-09,Shipped,Credit Card,Bongaigaon,Madhya Pradesh
4307,134,2025-10-12,Delivered,UPI,Agra,Keralam
4308,720,2026-03-20,Delivered,COD,Sultan Pur Majra,Tripura
4309,962,2024-12-21,Delivered,COD,Giridih,Uttarakhand
4310,568,2026-05-07,Delivered,Credit Card,Chandrapur,Punjab
4311,105,2026-02-01,Shipped,Credit Card,Hosur,Nagaland
4312,554,2026-10-06,Delivered,UPI,Motihari,Tripura
4313,530,2025-01-14,Processing,Net Banking,Belgaum,Haryana
4314,553,2025-11-06,Delivered,COD,Ambattur,Meghalaya
4315,273,2025-10-16,Delivered,Credit Card,Bihar Sharif,Nagaland
4316,627,2025-11-05,Delivered,Net Banking,Durgapur,Haryana
4317,265,2024-11-17,Delivered,Credit Card,Bathinda,Uttarakhand
4318,558,2025-09-18,Shipped,COD,Meerut,Gujarat
4319,595,2025-05-15,Delivered,Credit Card,Raiganj,Arunachal Pradesh
4320,646,2026-01-02,Shipped,UPI,Dhanbad,Jharkhand
4321,798,2025-03-26,Delivered,COD,Karimnagar,Tamil Nadu
4322,883,2025-08-22,Delivered,COD,Udupi,Karnataka
4323,778,2026-01-04,Delivered,Credit Card,Nagercoil,Gujarat
4324,796,2024-11-24,Shipped,COD,Bharatpur,Tripura
4325,869,2026-05-05,Delivered,Credit Card,Kozhikode,Chhattisgarh
4326,243,2026-03-14,Delivered,Credit Card,Buxar,Chhattisgarh
4327,293,2024-11-19,Delivered,Debit Card,Bangalore,Uttar Pradesh
4328,534,2024-11-24,Delivered,Net Banking,Panvel,Himachal Pradesh
4329,466,2026-06-21,Delivered,Credit Card,Anantapur,Andhra Pradesh
4330,703,2025-05-03,Delivered,Net Banking,Kalyan-Dombivli,Madhya Pradesh
4331,10,2026-06-28,Cancelled,Net Banking,Tirupati,Rajasthan
4332,139,2025-10-07,Delivered,UPI,Ghaziabad,Sikkim
4333,747,2025-06-15,Delivered,COD,Muzaffarpur,Assam
4334,822,2025-04-26,Delivered,UPI,Gwalior,Haryana
4335,303,2026-02-01,Shipped,Debit Card,Surendranagar Dudhrej,Nagaland
4336,311,2024-12-27,Delivered,Debit Card,Bareilly,Odisha
4337,562,2025-07-29,Delivered,Debit Card,Ajmer,Nagaland
4338,478,2025-06-17,Shipped,UPI,Sagar,Jharkhand
4339,170,2025-01-29,Delivered,Credit Card,Pali,Tripura
4340,501,2025-06-23,Delivered,UPI,Belgaum,Assam
4341,820,2025-10-29,Delivered,COD,Nagpur,Telangana
4342,730,2026-02-15,Delivered,UPI,Udupi,Uttarakhand
4343,818,2024-12-10,Processing,Debit Card,Muzaffarpur,Punjab
4344,644,2026-07-07,Shipped,Credit Card,Agartala,Madhya Pradesh
4345,878,2026-07-11,Shipped,UPI,Belgaum,Karnataka
4346,250,2026-02-25,Processing,Credit Card,Gwalior,Madhya Pradesh
4347,46,2026-08-14,Shipped,COD,South Dumdum,Chhattisgarh
4348,115,2025-08-16,Delivered,Debit Card,Satara,Gujarat
4349,993,2026-05-31,Delivered,COD,Allahabad,Nagaland
4350,641,2026-03-23,Delivered,COD,Sangli-Miraj & Kupwad,Meghalaya
4351,248,2025-11-23,Processing,Debit Card,Dhanbad,Maharashtra
4352,855,2025-02-16,Cancelled,COD,Imphal,Maharashtra
4353,310,2025-11-19,Shipped,Credit Card,Naihati,Assam
4354,598,2026-07-28,Delivered,Debit Card,South Dumdum,Tripura
4355,250,2026-09-27,Delivered,Net Banking,Giridih,Uttarakhand
4356,95,2025-08-31,Processing,Debit Card,Gandhidham,Gujarat
4357,268,2025-04-07,Delivered,COD,Patna,Himachal Pradesh
4358,229,2026-04-07,Delivered,UPI,Ichalkaranji,Nagaland
4359,553,2024-12-02,Delivered,Debit Card,Kumbakonam,Andhra Pradesh
4360,21,2025-01-26,Delivered,Net Banking,Mango,Assam
4361,240,2025-11-22,Delivered,Credit Card,Bikaner,Uttar Pradesh
4362,568,2026-10-01,Cancelled,COD,Hindupur,Chhattisgarh
4363,394,2025-06-05,Shipped,Credit Card,Raichur,Mizoram
4364,636,2025-08-28,Delivered,Credit Card,Bhopal,Tripura
4365,656,2025-05-31,Delivered,Credit Card,Amritsar,Rajasthan
4366,966,2025-08-26,Processing,Net Banking,Bangalore,Haryana
4367,837,2024-10-13,Delivered,UPI,Tumkur,Chhattisgarh
4368,229,2025-12-16,Delivered,UPI,Avadi,Rajasthan
4369,693,2025-12-17,Delivered,Net Banking,Kurnool,Keralam
4370,628,2025-05-26,Delivered,Credit Card,Delhi,West Bengal
4371,595,2025-04-19,Delivered,UPI,Karnal,Odisha
4372,799,2026-04-17,Processing,Credit Card,Patna,Andhra Pradesh
4373,148,2025-02-22,Delivered,Credit Card,Haldia,Haryana
4374,376,2024-11-11,Delivered,UPI,Guna,Rajasthan
4375,817,2024-11-07,Delivered,COD,Rajkot,Punjab
4376,893,2026-07-14,Cancelled,UPI,Hosur,Rajasthan
4377,38,2025-07-01,Delivered,Debit Card,Srikakulam,Gujarat
4378,472,2024-12-21,Delivered,Credit Card,Korba,Gujarat
4379,265,2026-07-12,Delivered,Credit Card,Tadepalligudem,Goa
4380,168,2025-01-24,Cancelled,UPI,Bongaigaon,Punjab
4381,58,2025-06-11,Processing,COD,Sri Ganganagar,Andhra Pradesh
4382,539,2024-10-23,Delivered,COD,Dindigul,Tamil Nadu
4383,668,2026-02-16,Delivered,UPI,Siliguri,Haryana
4384,532,2026-03-02,Delivered,UPI,Mirzapur,Maharashtra
4385,369,2026-04-13,Shipped,COD,Madurai,Gujarat
4386,772,2025-04-18,Shipped,Debit Card,Allahabad,Keralam
4387,653,2025-06-05,Cancelled,UPI,Morbi,Sikkim
4388,909,2026-08-24,Delivered,UPI,Surat,Goa
4389,348,2026-05-31,Delivered,Debit Card,Aurangabad,Meghalaya
4390,239,2024-11-04,Delivered,Debit Card,Motihari,Arunachal Pradesh
4391,456,2026-02-25,Shipped,Net Banking,Srinagar,Chhattisgarh
4392,507,2026-05-24,Delivered,UPI,Bahraich,Punjab
4393,458,2025-11-20,Delivered,Credit Card,Firozabad,Meghalaya
4394,833,2026-01-18,Shipped,Credit Card,New Delhi,Nagaland
4395,46,2024-10-09,Delivered,Debit Card,Orai,Gujarat
4396,528,2024-10-30,Shipped,Credit Card,Cuttack,Goa
4397,431,2024-11-03,Delivered,Credit Card,Jammu,Keralam
4398,211,2025-02-01,Delivered,COD,Aizawl,Bihar
4399,642,2026-10-01,Delivered,Debit Card,Kamarhati,Tripura
4400,802,2026-01-14,Delivered,Debit Card,Delhi,Haryana
4401,547,2026-05-02,Shipped,UPI,Pallavaram,Rajasthan
4402,85,2025-05-12,Delivered,UPI,Burhanpur,Chhattisgarh
4403,76,2026-08-23,Delivered,Net Banking,Thanjavur,Odisha
4404,422,2025-03-02,Delivered,COD,Bangalore,Goa
4405,669,2026-07-29,Delivered,Debit Card,Nanded,Haryana
4406,314,2024-10-30,Cancelled,UPI,Hyderabad,Keralam
4407,309,2024-10-23,Shipped,Debit Card,Kumbakonam,Bihar
4408,861,2024-12-05,Delivered,Credit Card,Nadiad,Bihar
4409,15,2026-05-09,Delivered,UPI,Rohtak,Sikkim
4410,80,2025-04-14,Delivered,UPI,Katni,Jharkhand
4411,156,2025-09-02,Delivered,Debit Card,Baranagar,Meghalaya
4412,984,2025-09-17,Delivered,Debit Card,Jaunpur,Odisha
4413,498,2026-05-07,Delivered,Debit Card,Udaipur,Nagaland
4414,159,2025-06-20,Delivered,Net Banking,Gaya,Nagaland
4415,311,2024-10-13,Shipped,Credit Card,Muzaffarnagar,West Bengal
4416,970,2025-07-17,Delivered,Credit Card,Aizawl,Nagaland
4417,695,2025-05-06,Shipped,Net Banking,Bareilly,Jharkhand
4418,224,2026-03-26,Cancelled,UPI,Kanpur,Haryana
4419,241,2026-04-09,Delivered,UPI,Aurangabad,Tamil Nadu
4420,75,2024-12-14,Delivered,COD,Bidar,Keralam
4421,773,2026-05-10,Shipped,Credit Card,Raurkela Industrial Township,Meghalaya
4422,138,2024-11-28,Delivered,UPI,Kolkata,Tamil Nadu
4423,287,2026-01-03,Delivered,Net Banking,Sasaram,Gujarat
4424,349,2025-07-19,Delivered,Debit Card,Latur,Gujarat
4425,621,2025-05-16,Shipped,UPI,Saharanpur,Arunachal Pradesh
4426,607,2025-09-26,Shipped,COD,Hubli–Dharwad,Assam
4427,800,2025-05-23,Processing,Credit Card,Singrauli,Nagaland
4428,298,2026-05-11,Delivered,Net Banking,Muzaffarnagar,Manipur
4429,386,2026-09-14,Delivered,Net Banking,Tadepalligudem,Himachal Pradesh
4430,389,2026-05-27,Shipped,COD,Ichalkaranji,Goa
4431,47,2025-08-25,Processing,Net Banking,Sirsa,Punjab
4432,738,2025-10-10,Delivered,Net Banking,Phusro,Assam
4433,536,2025-08-30,Cancelled,UPI,North Dumdum,Punjab
4434,476,2026-05-10,Processing,COD,Chandigarh,Uttar Pradesh
4435,996,2025-11-15,Delivered,UPI,Guntakal,Madhya Pradesh
4436,179,2025-09-15,Delivered,Credit Card,Bijapur,Maharashtra
4437,969,2025-08-03,Delivered,Debit Card,Tenali,Meghalaya
4438,681,2025-07-09,Shipped,Credit Card,Ahmednagar,Assam
4439,222,2025-11-15,Delivered,Debit Card,Gurgaon,Nagaland
4440,679,2026-02-23,Delivered,UPI,Bangalore,Karnataka
4441,756,2025-08-20,Delivered,Debit Card,Berhampore,Maharashtra
4442,363,2026-05-20,Processing,Credit Card,Raichur,Andhra Pradesh
4443,345,2026-06-03,Processing,Net Banking,Solapur,Tripura
4444,836,2025-08-17,Shipped,Debit Card,Surendranagar Dudhrej,Jharkhand
4445,161,2026-08-03,Delivered,Net Banking,Nagpur,Assam
4446,14,2025-02-11,Delivered,UPI,Mumbai,Sikkim
4447,666,2026-08-19,Delivered,COD,Raipur,West Bengal
4448,907,2025-05-11,Delivered,Credit Card,Hapur,Manipur
4449,501,2025-11-24,Delivered,Credit Card,Kamarhati,Andhra Pradesh
4450,135,2025-05-03,Cancelled,Debit Card,Bokaro,West Bengal
4451,540,2025-08-27,Delivered,UPI,Chinsurah,Goa
4452,252,2025-06-13,Delivered,COD,Navi Mumbai,Gujarat
4453,828,2026-03-07,Delivered,Credit Card,Jabalpur,Punjab
4454,613,2024-12-06,Shipped,COD,Loni,Jharkhand
4455,337,2026-06-12,Delivered,UPI,Nagaon,Assam
4456,625,2026-07-30,Delivered,COD,Kolkata,Punjab
4457,668,2025-11-23,Delivered,Credit Card,Buxar,Haryana
4458,679,2025-11-11,Delivered,Net Banking,Raebareli,Tripura
4459,367,2025-03-02,Delivered,COD,Gorakhpur,Chhattisgarh
4460,571,2026-04-08,Delivered,UPI,Rajpur Sonarpur,Uttar Pradesh
4461,43,2025-03-17,Shipped,Credit Card,Thoothukudi,Rajasthan
4462,404,2026-02-14,Delivered,COD,Giridih,Gujarat
4463,379,2025-05-19,Delivered,UPI,Jehanabad,Mizoram
4464,535,2026-04-06,Delivered,UPI,Nandyal,Uttarakhand
4465,951,2026-05-08,Delivered,Debit Card,Bareilly,Arunachal Pradesh
4466,954,2025-03-09,Delivered,UPI,Miryalaguda,Tamil Nadu
4467,484,2026-01-02,Delivered,COD,Dhanbad,Madhya Pradesh
4468,647,2025-10-07,Cancelled,COD,Patiala,Uttarakhand
4469,109,2025-05-11,Cancelled,UPI,Deoghar,Goa
4470,483,2025-12-11,Delivered,UPI,Jabalpur,Rajasthan
4471,688,2026-10-03,Delivered,Net Banking,Narasaraopet,West Bengal
4472,683,2024-10-10,Shipped,Debit Card,Danapur,Jharkhand
4473,964,2026-09-07,Processing,COD,Malegaon,Bihar
4474,467,2026-06-25,Delivered,COD,Bathinda,Karnataka
4475,908,2025-10-29,Delivered,Debit Card,Meerut,Mizoram
4476,979,2025-12-27,Delivered,Credit Card,Kottayam,Nagaland
4477,572,2025-07-04,Cancelled,Net Banking,Gulbarga,Maharashtra
4478,92,2025-01-10,Delivered,Net Banking,Ujjain,Uttarakhand
4479,377,2025-11-29,Delivered,Debit Card,Meerut,Mizoram
4480,765,2026-05-27,Delivered,Credit Card,Suryapet,Nagaland
4481,581,2025-03-26,Delivered,Credit Card,Srikakulam,Uttarakhand
4482,937,2026-03-15,Shipped,Debit Card,Jorhat,Uttarakhand
4483,816,2026-04-07,Delivered,Debit Card,Berhampur,Jharkhand
4484,64,2026-04-15,Cancelled,Debit Card,Bhatpara,Himachal Pradesh
4485,862,2025-06-13,Shipped,UPI,Nizamabad,Rajasthan
4486,358,2025-07-21,Delivered,COD,Alwar,Manipur
4487,819,2025-08-08,Shipped,Net Banking,Morbi,Madhya Pradesh
4488,508,2026-06-24,Shipped,COD,Rajpur Sonarpur,Punjab
4489,456,2026-07-27,Delivered,COD,Loni,Odisha
4490,73,2025-08-06,Delivered,Net Banking,Amritsar,Uttar Pradesh
4491,119,2026-09-16,Shipped,Credit Card,Karimnagar,Karnataka
4492,596,2025-11-28,Delivered,Net Banking,Hyderabad,Sikkim
4493,570,2025-07-16,Delivered,Debit Card,Ahmedabad,Gujarat
4494,555,2024-10-08,Delivered,COD,Vadodara,Uttarakhand
4495,157,2025-12-28,Delivered,Credit Card,Dhanbad,Assam
4496,510,2026-01-22,Delivered,UPI,Jalgaon,Sikkim
4497,61,2026-09-15,Delivered,UPI,Mira-Bhayandar,Assam
4498,145,2026-03-16,Delivered,UPI,Bahraich,Tripura
4499,499,2024-10-30,Delivered,Net Banking,Secunderabad,Uttarakhand
4500,617,2025-11-26,Shipped,UPI,Kota,Tamil Nadu
4501,656,2026-04-03,Delivered,UPI,Serampore,Tamil Nadu
4502,982,2025-10-05,Processing,Credit Card,Kalyan-Dombivli,Maharashtra
4503,855,2025-08-17,Processing,Net Banking,Ambala,Gujarat
4504,380,2026-05-22,Delivered,Debit Card,Erode,West Bengal
4505,783,2025-12-28,Delivered,Credit Card,Nashik,Manipur
4506,96,2026-02-17,Delivered,Credit Card,Nizamabad,Tamil Nadu
4507,858,2025-09-12,Shipped,COD,Thiruvananthapuram,Punjab
4508,387,2025-04-29,Delivered,Debit Card,Howrah,Punjab
4509,761,2025-10-22,Delivered,Credit Card,Hindupur,Jharkhand
4510,971,2026-09-08,Delivered,Net Banking,Gandhidham,Keralam
4511,704,2025-12-22,Delivered,Credit Card,Jaunpur,Madhya Pradesh
4512,921,2026-03-08,Shipped,Credit Card,Sikar,Mizoram
4513,11,2025-01-07,Shipped,Net Banking,Phagwara,Rajasthan
4514,171,2026-09-29,Delivered,Credit Card,Mira-Bhayandar,Goa
4515,627,2025-04-05,Delivered,Debit Card,Lucknow,Gujarat
4516,541,2026-09-17,Delivered,Net Banking,Khora ,Arunachal Pradesh
4517,121,2025-08-29,Delivered,Credit Card,Vijayanagaram,Manipur
4518,719,2026-08-10,Delivered,UPI,Nandyal,Odisha
4519,59,2026-07-21,Delivered,COD,Burhanpur,Goa
4520,991,2026-04-12,Processing,Credit Card,Kozhikode,Punjab
4521,157,2026-08-08,Delivered,Credit Card,Jamshedpur,Andhra Pradesh
4522,446,2025-12-27,Shipped,Debit Card,Firozabad,Tripura
4523,824,2026-06-20,Delivered,UPI,Hosur,Punjab
4524,515,2025-02-11,Delivered,UPI,Jabalpur,Punjab
4525,744,2024-11-28,Delivered,Debit Card,Katni,Punjab
4526,704,2025-11-09,Delivered,COD,Saharanpur,Karnataka
4527,949,2026-05-22,Delivered,Debit Card,Panihati,West Bengal
4528,464,2026-04-20,Cancelled,Debit Card,Gurgaon,Rajasthan
4529,979,2025-10-28,Processing,Net Banking,Kanpur,Goa
4530,517,2025-10-23,Shipped,COD,Ambarnath,Uttar Pradesh
4531,894,2025-12-27,Delivered,COD,Proddatur,Rajasthan
4532,733,2026-07-04,Delivered,UPI,Erode,Himachal Pradesh
4533,133,2026-06-15,Delivered,Debit Card,Jaunpur,Uttarakhand
4534,644,2024-12-27,Processing,Debit Card,Yamunanagar,Gujarat
4535,879,2025-12-17,Shipped,Credit Card,Singrauli,Odisha
4536,129,2025-07-13,Delivered,COD,Guwahati,Odisha
4537,839,2026-05-15,Cancelled,Credit Card,Mirzapur,Uttarakhand
4538,106,2025-10-12,Delivered,COD,Allahabad,Meghalaya
4539,872,2026-10-02,Delivered,UPI,Amaravati,West Bengal
4540,789,2025-08-20,Delivered,Net Banking,Rohtak,Haryana
4541,152,2026-02-16,Delivered,Net Banking,Vadodara,Tamil Nadu
4542,727,2024-12-26,Cancelled,Debit Card,Chinsurah,Gujarat
4543,117,2026-08-20,Processing,UPI,Thiruvananthapuram,West Bengal
4544,569,2025-01-28,Delivered,UPI,Mahbubnagar,Sikkim
4545,924,2025-07-11,Delivered,Net Banking,Kamarhati,Nagaland
4546,206,2026-06-11,Delivered,COD,Hapur,Arunachal Pradesh
4547,174,2026-09-14,Delivered,Debit Card,Barasat,Maharashtra
4548,423,2025-09-27,Delivered,UPI,Rourkela,Chhattisgarh
4549,369,2025-09-27,Delivered,Net Banking,Jhansi,Uttar Pradesh
4550,49,2024-11-13,Delivered,Debit Card,Gulbarga,Karnataka
4551,456,2026-09-23,Delivered,UPI,Guntur,Telangana
4552,260,2024-10-20,Delivered,Credit Card,Kochi,Uttar Pradesh
4553,125,2024-10-27,Processing,Credit Card,Sagar,Bihar
4554,277,2025-09-19,Delivered,COD,Rohtak,Sikkim
4555,21,2024-10-11,Delivered,COD,Bulandshahr,Himachal Pradesh
4556,916,2025-02-05,Delivered,UPI,Tiruvottiyur,Bihar
4557,995,2026-01-09,Delivered,Debit Card,Shimoga,Haryana
4558,368,2026-03-07,Delivered,UPI,Salem,Meghalaya
4559,877,2025-05-14,Delivered,Debit Card,Deoghar,Telangana
4560,462,2026-05-12,Shipped,UPI,Hindupur,Punjab
4561,913,2025-12-26,Shipped,Net Banking,Vellore,Gujarat
4562,174,2025-03-24,Delivered,UPI,Mathura,Himachal Pradesh
4563,285,2026-03-12,Delivered,COD,Guwahati,Himachal Pradesh
4564,740,2025-12-14,Cancelled,Credit Card,Firozabad,Rajasthan
4565,221,2026-05-24,Delivered,Credit Card,Kollam,Manipur
4566,824,2025-01-29,Delivered,COD,Mathura,Andhra Pradesh
4567,426,2025-03-26,Delivered,COD,Ichalkaranji,Assam
4568,404,2025-05-18,Delivered,UPI,Gaya,Assam
4569,454,2025-06-14,Delivered,UPI,Howrah,Uttarakhand
4570,798,2026-07-19,Delivered,COD,Katihar,Manipur
4571,6,2026-03-27,Delivered,COD,Kamarhati,Maharashtra
4572,751,2025-11-09,Delivered,Debit Card,Bhilwara,Sikkim
4573,780,2025-11-07,Delivered,UPI,Visakhapatnam,Goa
4574,822,2026-07-17,Shipped,UPI,Solapur,Andhra Pradesh
4575,997,2025-08-30,Delivered,Credit Card,Ambarnath,Haryana
4576,783,2025-03-21,Delivered,Net Banking,Machilipatnam,Goa
4577,529,2025-06-06,Delivered,UPI,Dindigul,Tamil Nadu
4578,467,2026-01-28,Delivered,Net Banking,Uluberia,Tamil Nadu
4579,389,2025-09-17,Delivered,COD,Pali,Nagaland
4580,828,2025-08-12,Delivered,UPI,Panchkula,Uttar Pradesh
4581,393,2025-09-23,Delivered,COD,Malda,Maharashtra
4582,573,2026-09-20,Delivered,COD,Dharmavaram,Gujarat
4583,97,2026-10-06,Shipped,Credit Card,Thanjavur,Jharkhand
4584,318,2025-02-03,Shipped,UPI,Karimnagar,Bihar
4585,267,2024-12-31,Delivered,Credit Card,Junagadh,Uttar Pradesh
4586,436,2025-04-04,Delivered,Credit Card,Phusro,Mizoram
4587,503,2026-06-22,Shipped,Credit Card,Gopalpur,Sikkim
4588,717,2025-09-08,Delivered,COD,Kharagpur,Haryana
4589,432,2026-06-30,Processing,UPI,Rajkot,Rajasthan
4590,151,2026-01-23,Delivered,Credit Card,Dhule,Jharkhand
4591,546,2025-11-16,Delivered,Net Banking,Cuttack,Madhya Pradesh
4592,55,2025-05-01,Shipped,UPI,Belgaum,Odisha
4593,850,2025-06-16,Delivered,UPI,Baranagar,West Bengal
4594,771,2025-01-24,Delivered,Credit Card,Lucknow,Meghalaya
4595,226,2025-10-22,Delivered,COD,Chapra,Punjab
4596,264,2025-05-01,Delivered,COD,Tadipatri,Mizoram
4597,28,2025-05-09,Shipped,COD,Danapur,Keralam
4598,365,2024-11-06,Processing,COD,Mau,Uttarakhand
4599,39,2026-05-14,Delivered,UPI,Silchar,Uttarakhand
4600,937,2026-08-25,Delivered,Debit Card,North Dumdum,Himachal Pradesh
4601,135,2025-10-07,Delivered,Debit Card,Ramgarh,Uttar Pradesh
4602,660,2025-11-03,Delivered,UPI,Sikar,Madhya Pradesh
4603,571,2026-08-15,Delivered,COD,Amroha,Rajasthan
4604,237,2025-10-16,Delivered,Net Banking,Gorakhpur,Manipur
4605,809,2026-01-06,Shipped,COD,Ahmedabad,Sikkim
4606,109,2025-08-16,Delivered,Credit Card,Bally,Tripura
4607,887,2025-10-18,Delivered,Net Banking,Mathura,Keralam
4608,741,2025-10-24,Delivered,UPI,Giridih,Punjab
4609,636,2026-03-11,Delivered,UPI,Shimoga,Manipur
4610,880,2025-12-23,Delivered,Net Banking,Kharagpur,Tamil Nadu
4611,404,2025-10-11,Delivered,UPI,Baranagar,Goa
4612,282,2024-12-02,Delivered,Credit Card,Bilaspur,Rajasthan
4613,155,2026-07-30,Cancelled,Net Banking,Shahjahanpur,Mizoram
4614,925,2026-07-18,Delivered,Debit Card,Vijayanagaram,Madhya Pradesh
4615,402,2025-02-20,Delivered,Credit Card,Barasat,Karnataka
4616,830,2025-05-10,Shipped,Credit Card,Tirupati,Punjab
4617,333,2026-09-19,Delivered,Net Banking,Pimpri-Chinchwad,Jharkhand
4618,955,2025-05-30,Cancelled,COD,Tezpur,Andhra Pradesh
4619,871,2026-05-24,Delivered,Net Banking,Muzaffarnagar,Uttarakhand
4620,309,2026-05-05,Delivered,Credit Card,Kamarhati,Madhya Pradesh
4621,487,2026-06-28,Delivered,Debit Card,Surat,Chhattisgarh
4622,794,2024-10-20,Delivered,UPI,Deoghar,Gujarat
4623,227,2025-09-26,Shipped,UPI,Shimla,Telangana
4624,24,2025-11-25,Delivered,Credit Card,Rourkela,Jharkhand
4625,289,2026-06-11,Processing,Credit Card,Jamshedpur,Haryana
4626,591,2025-03-21,Shipped,COD,Arrah,Maharashtra
4627,137,2025-05-20,Processing,COD,Tiruchirappalli,Andhra Pradesh
4628,334,2025-02-16,Processing,UPI,Ratlam,Meghalaya
4629,919,2026-04-17,Delivered,Credit Card,Bhagalpur,Arunachal Pradesh
4630,76,2026-10-07,Delivered,UPI,Parbhani,Telangana
4631,51,2025-01-19,Processing,UPI,Bhiwani,Madhya Pradesh
4632,424,2025-03-27,Delivered,Credit Card,Rampur,Gujarat
4633,13,2025-05-20,Delivered,COD,Panchkula,Madhya Pradesh
4634,28,2026-07-19,Delivered,UPI,Gorakhpur,Chhattisgarh
4635,183,2025-08-29,Delivered,Net Banking,Jammu,Himachal Pradesh
4636,103,2025-05-02,Processing,Credit Card,Nagpur,Bihar
4637,811,2025-05-31,Delivered,Debit Card,Mau,Odisha
4638,123,2025-12-19,Delivered,COD,Korba,West Bengal
4639,524,2025-07-18,Cancelled,COD,Surendranagar Dudhrej,Maharashtra
4640,706,2025-01-18,Delivered,COD,Mira-Bhayandar,Assam
4641,626,2026-05-30,Shipped,Debit Card,Silchar,Assam
4642,654,2025-08-12,Delivered,UPI,Vellore,Telangana
4643,358,2025-04-13,Delivered,COD,Jammu,Jharkhand
4644,889,2026-03-24,Delivered,COD,Delhi,Himachal Pradesh
4645,69,2026-04-05,Delivered,COD,Alwar,Assam
4646,108,2025-01-29,Delivered,Debit Card,Ranchi,Odisha
4647,857,2024-12-01,Delivered,Credit Card,Jamnagar,Arunachal Pradesh
4648,69,2024-11-10,Delivered,UPI,Jorhat,Uttar Pradesh
4649,192,2026-04-20,Delivered,Credit Card,Nagpur,Goa
4650,174,2026-01-08,Delivered,Credit Card,Anantapur,Arunachal Pradesh
4651,34,2026-05-09,Delivered,Credit Card,Vadodara,Punjab
4652,118,2026-01-08,Shipped,COD,Saharanpur,Jharkhand
4653,573,2025-07-28,Processing,Net Banking,Mangalore,Punjab
4654,662,2025-12-12,Delivered,Credit Card,Amritsar,Arunachal Pradesh
4655,84,2026-03-19,Delivered,Net Banking,Gaya,Tripura
4656,943,2025-07-26,Delivered,Net Banking,Madhyamgram,Himachal Pradesh
4657,96,2026-08-07,Delivered,Debit Card,Jamshedpur,Sikkim
4658,688,2026-07-27,Processing,COD,Indore,Uttarakhand
4659,801,2026-05-16,Cancelled,COD,Ambattur,Manipur
4660,521,2026-10-02,Delivered,Debit Card,Bellary,Jharkhand
4661,492,2025-07-20,Delivered,Debit Card,Dehri,Himachal Pradesh
4662,110,2024-12-30,Shipped,Credit Card,Shimla,Punjab
4663,242,2025-09-26,Delivered,Net Banking,Visakhapatnam,Andhra Pradesh
4664,851,2026-04-05,Delivered,COD,Bhilai,Chhattisgarh
4665,349,2026-04-30,Delivered,Net Banking,Burhanpur,Odisha
4666,35,2025-07-19,Delivered,Credit Card,Etawah,Andhra Pradesh
4667,730,2025-05-10,Delivered,Debit Card,Kadapa,Himachal Pradesh
4668,684,2025-08-29,Delivered,Net Banking,Belgaum,Odisha
4669,67,2026-05-18,Delivered,UPI,Ghaziabad,Haryana
4670,52,2024-11-21,Delivered,Debit Card,Ramgarh,Uttarakhand
4671,117,2025-06-04,Processing,Net Banking,Shahjahanpur,West Bengal
4672,51,2025-03-25,Processing,Debit Card,Warangal,Andhra Pradesh
4673,617,2026-05-19,Delivered,Net Banking,Tadepalligudem,Chhattisgarh
4674,133,2025-09-16,Delivered,COD,Kakinada,Uttar Pradesh
4675,607,2024-12-10,Shipped,UPI,Siliguri,Andhra Pradesh
4676,177,2025-04-17,Shipped,Debit Card,Saharanpur,Maharashtra
4677,973,2024-11-09,Delivered,Net Banking,Ambattur,Uttarakhand
4678,726,2025-09-20,Delivered,COD,Nagaon,Mizoram
4679,375,2026-10-06,Delivered,Debit Card,Mumbai,Himachal Pradesh
4680,429,2025-11-26,Shipped,COD,Bharatpur,Andhra Pradesh
4681,66,2026-07-05,Delivered,Credit Card,Korba,Keralam
4682,55,2026-04-03,Delivered,Debit Card,Kamarhati,Meghalaya
4683,538,2026-07-14,Processing,COD,Ambattur,Assam
4684,23,2025-05-23,Delivered,Debit Card,Purnia,Manipur
4685,639,2026-09-02,Processing,Credit Card,Guna,Keralam
4686,383,2025-03-31,Delivered,Debit Card,Visakhapatnam,Jharkhand
4687,140,2025-08-24,Delivered,Net Banking,Sikar,West Bengal
4688,536,2026-02-17,Processing,COD,Dhanbad,Uttar Pradesh
4689,553,2025-05-05,Cancelled,Net Banking,Ranchi,Punjab
4690,747,2025-04-19,Cancelled,UPI,Pali,Mizoram
4691,198,2025-01-11,Shipped,UPI,Jamshedpur,Maharashtra
4692,548,2024-10-11,Delivered,COD,Kollam,Arunachal Pradesh
4693,845,2025-10-09,Delivered,Debit Card,Agra,Himachal Pradesh
4694,270,2026-09-28,Delivered,Credit Card,Kanpur,Andhra Pradesh
4695,836,2025-03-18,Processing,Credit Card,Amravati,Karnataka
4696,724,2025-08-25,Delivered,UPI,Tenali,Maharashtra
4697,430,2026-08-22,Shipped,UPI,Raichur,Nagaland
4698,884,2026-04-25,Processing,Net Banking,Proddatur,Jharkhand
4699,967,2024-10-11,Cancelled,Net Banking,Hubli–Dharwad,Haryana
4700,237,2025-10-08,Cancelled,Debit Card,Raebareli,Punjab
4701,980,2025-01-21,Delivered,UPI,Deoghar,Chhattisgarh
4702,3,2025-04-06,Delivered,Net Banking,Sambhal,Bihar
4703,130,2025-04-06,Cancelled,COD,Kollam,Punjab
4704,44,2025-12-29,Delivered,COD,Mango,Mizoram
4705,368,2025-03-02,Delivered,Credit Card,Mira-Bhayandar,Tripura
4706,937,2025-04-10,Cancelled,Net Banking,Bhagalpur,Rajasthan
4707,601,2025-03-22,Delivered,Credit Card,Jamnagar,Uttar Pradesh
4708,617,2025-06-26,Delivered,COD,Nanded,Odisha
4709,85,2026-01-30,Delivered,COD,Aligarh,Telangana
4710,517,2025-07-27,Delivered,Credit Card,Nizamabad,Chhattisgarh
4711,383,2025-06-04,Cancelled,Debit Card,Sri Ganganagar,Manipur
4712,480,2025-10-21,Delivered,Credit Card,Udaipur,Uttarakhand
4713,262,2025-12-31,Delivered,Net Banking,Raichur,Tamil Nadu
4714,202,2024-10-19,Delivered,Credit Card,Howrah,Keralam
4715,953,2026-07-20,Processing,Net Banking,South Dumdum,Uttar Pradesh
4716,559,2026-08-08,Processing,COD,Rajpur Sonarpur,Himachal Pradesh
4717,412,2025-12-22,Delivered,COD,Dhanbad,Andhra Pradesh
4718,74,2025-12-01,Delivered,UPI,Latur,Tamil Nadu
4719,763,2026-02-27,Delivered,UPI,Sambalpur,Keralam
4720,473,2025-08-26,Delivered,COD,Raipur,Andhra Pradesh
4721,387,2025-07-02,Delivered,UPI,Darbhanga,Goa
4722,667,2025-06-22,Delivered,Debit Card,Pallavaram,Assam
4723,132,2025-02-02,Delivered,COD,Vasai-Virar,West Bengal
4724,534,2026-06-14,Delivered,Debit Card,Chennai,Telangana
4725,864,2025-05-30,Delivered,UPI,Satna,Uttarakhand
4726,464,2025-05-04,Delivered,COD,Karaikudi,Goa
4727,1,2026-09-12,Delivered,Net Banking,Bhilai,Tamil Nadu
4728,230,2025-10-13,Delivered,Credit Card,Jalgaon,Meghalaya
4729,56,2026-01-05,Delivered,Net Banking,Madurai,Himachal Pradesh
4730,501,2025-04-05,Delivered,Net Banking,Kharagpur,Odisha
4731,365,2025-04-29,Cancelled,Debit Card,Rewa,Uttarakhand
4732,133,2026-03-24,Delivered,COD,Danapur,Madhya Pradesh
4733,687,2025-09-02,Processing,Net Banking,Silchar,Andhra Pradesh
4734,177,2025-01-24,Delivered,Credit Card,Aurangabad,Telangana
4735,342,2026-06-10,Delivered,COD,Ambarnath,Goa
4736,988,2025-07-29,Delivered,COD,Rajkot,Goa
4737,67,2026-02-08,Delivered,UPI,Bally,Nagaland
4738,248,2025-06-14,Processing,Credit Card,Ranchi,Tamil Nadu
4739,318,2025-11-21,Shipped,Net Banking,Imphal,Tamil Nadu
4740,509,2026-04-27,Delivered,COD,Jehanabad,Tripura
4741,245,2026-07-16,Shipped,Net Banking,Akola,Tripura
4742,971,2025-03-08,Delivered,Debit Card,Arrah,Bihar
4743,6,2026-02-11,Processing,Credit Card,Haldia,Himachal Pradesh
4744,949,2026-08-07,Shipped,UPI,Madurai,Rajasthan
4745,535,2026-01-20,Delivered,COD,Buxar,Karnataka
4746,39,2025-01-20,Processing,Debit Card,Ozhukarai,Rajasthan
4747,117,2025-02-24,Cancelled,Debit Card,Darbhanga,Madhya Pradesh
4748,104,2025-03-05,Shipped,COD,Jehanabad,Madhya Pradesh
4749,288,2024-12-25,Delivered,UPI,Gangtok,Andhra Pradesh
4750,334,2026-04-11,Shipped,Credit Card,Guntakal,Nagaland
4751,642,2026-09-13,Delivered,COD,Gudivada,Tripura
4752,312,2025-10-20,Delivered,Credit Card,Hospet,Tamil Nadu
4753,726,2025-12-19,Processing,COD,Secunderabad,Jharkhand
4754,294,2026-04-26,Delivered,COD,Allahabad,Odisha
4755,264,2025-08-07,Processing,UPI,Mumbai,Goa
4756,276,2025-09-18,Delivered,Debit Card,Surat,Nagaland
4757,330,2025-12-12,Delivered,Net Banking,Gulbarga,Keralam
4758,838,2025-05-18,Cancelled,Debit Card,Kozhikode,Uttar Pradesh
4759,247,2024-11-22,Delivered,Credit Card,Madurai,Punjab
4760,274,2025-11-26,Delivered,UPI,Jalandhar,Assam
4761,957,2026-05-31,Delivered,UPI,Hubli–Dharwad,Tripura
4762,654,2024-11-30,Delivered,UPI,Aizawl,Rajasthan
4763,191,2025-03-15,Delivered,Credit Card,Panihati,Gujarat
4764,869,2025-04-18,Delivered,Credit Card,Chinsurah,Haryana
4765,184,2026-05-18,Processing,COD,Surendranagar Dudhrej,Chhattisgarh
4766,163,2025-10-11,Cancelled,Debit Card,Machilipatnam,Himachal Pradesh
4767,446,2025-11-02,Shipped,UPI,Buxar,Uttarakhand
4768,692,2026-01-22,Delivered,UPI,Thrissur,Uttar Pradesh
4769,190,2025-04-28,Delivered,UPI,Dehradun,Meghalaya
4770,754,2026-03-13,Delivered,Credit Card,Pallavaram,Karnataka
4771,157,2024-10-30,Shipped,Net Banking,Ahmednagar,Karnataka
4772,782,2024-12-30,Delivered,UPI,Madanapalle,Uttarakhand
4773,96,2026-05-27,Processing,Debit Card,Mira-Bhayandar,Goa
4774,465,2026-01-31,Delivered,Debit Card,Pali,Sikkim
4775,641,2025-02-14,Delivered,UPI,Jaunpur,West Bengal
4776,266,2025-08-24,Cancelled,UPI,Gangtok,Telangana
4777,613,2024-11-15,Delivered,Credit Card,Tinsukia,Rajasthan
4778,689,2026-02-10,Processing,UPI,Nagercoil,Uttar Pradesh
4779,651,2026-04-13,Processing,Net Banking,Dhule,Gujarat
4780,397,2025-04-29,Delivered,COD,Panihati,West Bengal
4781,774,2025-06-21,Delivered,Net Banking,Madanapalle,Assam
4782,732,2025-03-30,Delivered,Net Banking,Eluru,Andhra Pradesh
4783,327,2025-07-19,Processing,Net Banking,Tirupati,Goa
4784,734,2025-04-25,Cancelled,COD,Ludhiana,Nagaland
4785,919,2025-04-06,Delivered,UPI,South Dumdum,Gujarat
4786,817,2025-08-18,Shipped,COD,Amravati,Nagaland
4787,734,2026-06-27,Delivered,Debit Card,Ranchi,Bihar
4788,767,2026-04-18,Delivered,Debit Card,Jamshedpur,Punjab
4789,805,2025-05-13,Shipped,Net Banking,Nagercoil,Gujarat
4790,290,2026-08-27,Processing,Debit Card,Karnal,Manipur
4791,721,2025-03-10,Delivered,Credit Card,Burhanpur,Bihar
4792,200,2026-08-04,Delivered,UPI,Ichalkaranji,West Bengal
4793,359,2025-05-22,Delivered,UPI,Anantapuram,Karnataka
4794,935,2025-11-06,Delivered,UPI,Chennai,Mizoram
4795,284,2025-03-05,Delivered,Credit Card,Mumbai,Maharashtra
4796,844,2026-04-17,Processing,Net Banking,Bidar,Mizoram
4797,423,2025-05-28,Delivered,Credit Card,Tenali,Madhya Pradesh
4798,210,2026-07-07,Delivered,Debit Card,Tirupati,Assam
4799,98,2024-12-08,Shipped,UPI,Mehsana,Telangana
4800,549,2025-10-09,Delivered,Debit Card,Bihar Sharif,Nagaland
4801,452,2025-02-01,Delivered,COD,Guntakal,Haryana
4802,512,2026-07-19,Processing,Credit Card,Tirupati,Assam
4803,44,2025-08-08,Delivered,Debit Card,Gurgaon,Tripura
4804,269,2026-02-12,Delivered,COD,Kharagpur,Jharkhand
4805,4,2026-07-12,Delivered,Net Banking,Purnia,Uttar Pradesh
4806,303,2025-11-03,Delivered,Credit Card,Bardhaman,Sikkim
4807,932,2024-11-19,Delivered,UPI,Patna,Uttarakhand
4808,153,2025-03-18,Delivered,COD,Vellore,Odisha
4809,690,2025-03-12,Delivered,Net Banking,Nagercoil,Goa
4810,6,2026-08-06,Processing,UPI,Muzaffarnagar,Andhra Pradesh
4811,562,2026-08-02,Delivered,Debit Card,Davanagere,Gujarat
4812,921,2025-09-21,Delivered,COD,Giridih,Madhya Pradesh
4813,342,2026-07-20,Delivered,COD,Darbhanga,Nagaland
4814,198,2025-04-06,Cancelled,UPI,Tadepalligudem,Uttar Pradesh
4815,571,2026-02-16,Delivered,Debit Card,Madhyamgram,Bihar
4816,279,2025-07-21,Processing,COD,Vijayawada,Nagaland
4817,892,2025-04-02,Delivered,Net Banking,Buxar,Assam
4818,849,2025-04-08,Cancelled,Debit Card,Durgapur,Maharashtra
4819,653,2025-08-10,Delivered,Credit Card,Rajahmundry,Assam
4820,640,2025-06-13,Delivered,Net Banking,Tiruppur,Karnataka
4821,603,2025-03-11,Delivered,Debit Card,Uluberia,Mizoram
4822,736,2025-06-09,Delivered,Debit Card,Bangalore,Rajasthan
4823,461,2025-01-10,Shipped,COD,Arrah,Tamil Nadu
4824,970,2026-09-16,Delivered,Credit Card,Bhubaneswar,Manipur
4825,346,2025-07-12,Delivered,Net Banking,Dehri,Haryana
4826,9,2024-12-25,Delivered,UPI,Surendranagar Dudhrej,Uttar Pradesh
4827,699,2025-12-02,Delivered,Net Banking,Tiruppur,Uttarakhand
4828,663,2026-07-15,Delivered,Debit Card,Dewas,West Bengal
4829,981,2025-06-28,Cancelled,COD,Vijayawada,Tamil Nadu
4830,396,2026-06-17,Shipped,Credit Card,Srikakulam,Sikkim
4831,425,2025-12-28,Delivered,COD,Loni,Assam
4832,563,2026-04-01,Processing,Debit Card,Pudukkottai,Mizoram
4833,393,2025-05-12,Delivered,Credit Card,Karnal,Keralam
4834,785,2024-11-04,Delivered,UPI,Haridwar,Haryana
4835,429,2025-06-17,Delivered,UPI,Shahjahanpur,Arunachal Pradesh
4836,784,2026-08-14,Delivered,Credit Card,Bathinda,Goa
4837,426,2026-05-08,Delivered,Debit Card,Jalna,Uttar Pradesh
4838,226,2026-05-03,Delivered,COD,Aizawl,Uttar Pradesh
4839,991,2026-07-11,Shipped,COD,Srinagar,Rajasthan
4840,527,2025-07-07,Delivered,Net Banking,Pudukkottai,Assam
4841,707,2025-05-31,Delivered,Debit Card,Tenali,Punjab
4842,592,2026-08-14,Delivered,Net Banking,Narasaraopet,Bihar
4843,360,2025-11-29,Delivered,Credit Card,Rampur,Punjab
4844,973,2025-05-13,Processing,Credit Card,Adoni,Andhra Pradesh
4845,372,2025-04-29,Delivered,Debit Card,Anantapuram,Haryana
4846,994,2026-07-10,Delivered,COD,Ramgarh,Bihar
4847,431,2024-11-16,Delivered,UPI,Alappuzha,Uttarakhand
4848,23,2024-11-22,Processing,UPI,Pune,Meghalaya
4849,37,2026-03-31,Delivered,UPI,Ulhasnagar,Uttar Pradesh
4850,974,2024-10-09,Shipped,Credit Card,Nashik,Andhra Pradesh
4851,528,2025-02-10,Delivered,UPI,Orai,Rajasthan
4852,388,2026-10-01,Delivered,UPI,Warangal,Maharashtra
4853,812,2025-08-15,Delivered,UPI,Bellary,Maharashtra
4854,618,2026-03-23,Delivered,Credit Card,Salem,Tripura
4855,661,2025-09-29,Delivered,Net Banking,Sangli-Miraj & Kupwad,Arunachal Pradesh
4856,686,2024-12-13,Delivered,UPI,Bangalore,Uttarakhand
4857,199,2025-02-20,Delivered,Credit Card,Bikaner,Andhra Pradesh
4858,89,2026-04-17,Delivered,COD,Malegaon,Karnataka
4859,729,2024-12-16,Delivered,UPI,Nangloi Jat,Bihar
4860,22,2025-12-16,Delivered,COD,Nangloi Jat,Manipur
4861,720,2025-06-19,Delivered,Debit Card,Barasat,Mizoram
4862,130,2025-07-05,Delivered,Net Banking,Nellore,Nagaland
4863,263,2026-09-03,Delivered,Credit Card,Haridwar,Tamil Nadu
4864,708,2025-12-24,Processing,Credit Card,Naihati,Sikkim
4865,623,2025-12-31,Delivered,Credit Card,Bhimavaram,Uttarakhand
4866,782,2025-06-21,Delivered,UPI,Cuttack,Madhya Pradesh
4867,611,2025-07-13,Delivered,Credit Card,Sambalpur,Chhattisgarh
4868,48,2026-02-21,Cancelled,COD,Kalyan-Dombivli,Chhattisgarh
4869,840,2024-11-05,Delivered,UPI,Alwar,Haryana
4870,216,2025-03-30,Delivered,Debit Card,Avadi,Mizoram
4871,137,2025-12-20,Delivered,Net Banking,Rajkot,Arunachal Pradesh
4872,879,2026-01-06,Delivered,UPI,Phagwara,Uttarakhand
4873,195,2024-12-14,Shipped,UPI,Tezpur,West Bengal
4874,537,2026-05-06,Delivered,Debit Card,Bhopal,Chhattisgarh
4875,486,2025-11-08,Delivered,Credit Card,Raurkela Industrial Township,Sikkim
4876,770,2025-03-31,Delivered,COD,Bhavnagar,Mizoram
4877,45,2026-04-10,Cancelled,UPI,Kurnool,Maharashtra
4878,107,2026-10-01,Shipped,UPI,Thoothukudi,Rajasthan
4879,416,2025-08-13,Processing,Credit Card,Raurkela Industrial Township,Mizoram
4880,474,2025-05-03,Processing,Credit Card,Jhansi,Jharkhand
4881,789,2025-05-15,Processing,UPI,Ballia,Meghalaya
4882,606,2025-12-15,Delivered,Net Banking,Chittoor,Bihar
4883,149,2024-11-12,Delivered,Credit Card,Miryalaguda,Haryana
4884,979,2025-09-26,Delivered,Debit Card,Vijayawada,West Bengal
4885,460,2024-10-26,Delivered,Credit Card,Coimbatore,Goa
4886,965,2024-11-05,Delivered,UPI,Karimnagar,Mizoram
4887,990,2025-08-18,Delivered,UPI,Maheshtala,Himachal Pradesh
4888,52,2026-04-05,Delivered,UPI,Khammam,Maharashtra
4889,506,2026-07-15,Delivered,COD,Munger,Gujarat
4890,423,2024-12-11,Delivered,Credit Card,Guwahati,Meghalaya
4891,499,2025-04-04,Delivered,Credit Card,Rajahmundry,Meghalaya
4892,310,2025-08-12,Delivered,Debit Card,Nashik,Nagaland
4893,559,2025-12-01,Delivered,UPI,Sagar,Himachal Pradesh
4894,493,2026-09-29,Delivered,Net Banking,Jhansi,Mizoram
4895,187,2026-02-20,Delivered,Debit Card,Sangli-Miraj & Kupwad,Rajasthan
4896,289,2025-11-05,Delivered,Net Banking,Visakhapatnam,Rajasthan
4897,148,2024-11-21,Shipped,UPI,Jammu,Meghalaya
4898,844,2024-12-06,Delivered,UPI,Berhampore,Himachal Pradesh
4899,678,2025-01-28,Delivered,Net Banking,South Dumdum,Manipur
4900,388,2026-02-02,Processing,Credit Card,Vellore,Meghalaya
4901,396,2025-06-07,Processing,UPI,Moradabad,Uttarakhand
4902,80,2025-04-02,Delivered,Debit Card,Barasat,Karnataka
4903,290,2026-02-09,Delivered,Debit Card,Hospet,Jharkhand
4904,925,2026-05-26,Delivered,COD,Dibrugarh,Rajasthan
4905,32,2025-08-24,Delivered,COD,Panvel,Nagaland
4906,147,2026-07-14,Delivered,Debit Card,Patna,Keralam
4907,847,2026-03-28,Processing,UPI,Ajmer,Andhra Pradesh
4908,521,2026-03-15,Shipped,Net Banking,Eluru,Punjab
4909,33,2026-07-03,Delivered,Credit Card,Jamnagar,Rajasthan
4910,490,2025-02-19,Delivered,COD,Morbi,Uttarakhand
4911,750,2026-04-15,Processing,Net Banking,Baranagar,Manipur
4912,346,2026-09-07,Shipped,Credit Card,Kirari Suleman Nagar,Manipur
4913,382,2026-10-02,Shipped,COD,Maheshtala,Goa
4914,632,2025-12-04,Delivered,Debit Card,Barasat,Madhya Pradesh
4915,599,2026-04-12,Delivered,Credit Card,Imphal,Andhra Pradesh
4916,903,2026-07-19,Shipped,UPI,Bhatpara,Manipur
4917,248,2026-06-22,Cancelled,Net Banking,Jorhat,Punjab
4918,277,2026-07-25,Delivered,Credit Card,Nashik,Tamil Nadu
4919,156,2026-06-08,Delivered,UPI,Nanded,Odisha
4920,665,2025-07-13,Delivered,UPI,Bhusawal,Tamil Nadu
4921,534,2026-03-25,Delivered,Net Banking,Sonipat,Odisha
4922,347,2025-08-04,Processing,COD,Sultan Pur Majra,Sikkim
4923,696,2026-05-16,Delivered,Credit Card,Kozhikode,Madhya Pradesh
4924,377,2026-05-22,Delivered,Credit Card,Kollam,Mizoram
4925,196,2026-08-21,Delivered,Net Banking,Saharsa,Nagaland
4926,540,2025-12-11,Delivered,UPI,Muzaffarpur,Mizoram
4927,437,2025-09-20,Processing,UPI,Bhavnagar,Meghalaya
4928,406,2025-02-06,Delivered,Net Banking,Guntur,Sikkim
4929,445,2026-01-17,Delivered,Debit Card,Rewa,Gujarat
4930,915,2025-11-25,Cancelled,UPI,Thrissur,Himachal Pradesh
4931,216,2025-10-19,Delivered,Credit Card,Hyderabad,Manipur
4932,276,2026-02-14,Delivered,UPI,Lucknow,Odisha
4933,566,2026-06-21,Delivered,Net Banking,Davanagere,Manipur
4934,47,2025-01-25,Delivered,Net Banking,Alappuzha,Goa
4935,146,2025-08-19,Delivered,Net Banking,Gandhidham,Telangana
4936,567,2026-03-19,Delivered,UPI,Bhilai,Meghalaya
4937,510,2026-05-29,Delivered,COD,Sirsa,Madhya Pradesh
4938,653,2026-04-29,Delivered,Credit Card,Hyderabad,Tripura
4939,114,2026-05-15,Delivered,COD,Purnia,Madhya Pradesh
4940,854,2026-06-24,Delivered,COD,Morena,Chhattisgarh
4941,486,2026-09-10,Delivered,Debit Card,Satna,West Bengal
4942,156,2025-12-26,Delivered,Net Banking,Howrah,Karnataka
4943,312,2025-04-08,Delivered,Net Banking,Alwar,Uttar Pradesh
4944,228,2025-11-23,Shipped,Net Banking,Bhagalpur,Manipur
4945,453,2026-03-10,Delivered,UPI,Vijayawada,Gujarat
4946,470,2024-12-21,Delivered,UPI,Ahmednagar,Karnataka
4947,434,2026-04-14,Delivered,COD,Morbi,Uttar Pradesh
4948,462,2025-11-09,Delivered,Net Banking,Noida,Uttarakhand
4949,908,2026-08-22,Delivered,Net Banking,Thrissur,Bihar
4950,960,2025-03-12,Delivered,Credit Card,Mira-Bhayandar,West Bengal
4951,490,2026-08-01,Delivered,Debit Card,Warangal,Telangana
4952,964,2025-08-31,Shipped,Credit Card,Berhampore,Odisha
4953,819,2025-12-01,Delivered,Debit Card,Amaravati,Goa
4954,820,2026-02-02,Delivered,Net Banking,Mysore,Mizoram
4955,226,2025-12-05,Shipped,Net Banking,Ujjain,Keralam
4956,439,2026-07-30,Delivered,Credit Card,Mira-Bhayandar,Bihar
4957,353,2025-02-07,Delivered,COD,Faridabad,West Bengal
4958,97,2026-03-25,Delivered,UPI,Howrah,Mizoram
4959,76,2026-09-20,Delivered,COD,Haridwar,Assam
4960,623,2025-03-18,Processing,Net Banking,Bongaigaon,Jharkhand
4961,421,2025-04-12,Delivered,Debit Card,Kota,Telangana
4962,826,2025-09-20,Delivered,Credit Card,Shimla,Madhya Pradesh
4963,669,2026-03-21,Shipped,Credit Card,Bhilwara,Maharashtra
4964,86,2026-09-08,Delivered,Credit Card,Aligarh,Bihar
4965,839,2026-05-12,Delivered,COD,Bilaspur,Bihar
4966,497,2026-05-11,Delivered,UPI,Kharagpur,West Bengal
4967,566,2025-08-26,Delivered,Net Banking,Hosur,Uttarakhand
4968,966,2026-01-22,Delivered,COD,Jorhat,Assam
4969,641,2025-03-11,Delivered,Debit Card,Jamnagar,Meghalaya
4970,23,2025-09-11,Delivered,Net Banking,Siliguri,Punjab
4971,178,2025-02-23,Delivered,Debit Card,Dibrugarh,Tripura
4972,427,2024-10-28,Delivered,Debit Card,Bokaro,Meghalaya
4973,38,2026-06-25,Shipped,Net Banking,Ratlam,Tripura
4974,168,2026-05-18,Delivered,COD,Bhimavaram,Bihar
4975,792,2025-10-16,Cancelled,Net Banking,Kharagpur,Andhra Pradesh
4976,143,2024-10-19,Delivered,COD,Deoghar,Maharashtra
4977,168,2024-12-13,Shipped,Debit Card,Rohtak,Haryana
4978,505,2024-12-29,Shipped,Net Banking,Shahjahanpur,Sikkim
4979,92,2026-03-15,Delivered,COD,Kulti,Jharkhand
4980,256,2025-03-06,Delivered,Credit Card,Bidhannagar,Keralam
4981,938,2025-04-09,Shipped,COD,Gaya,Manipur
4982,632,2026-06-29,Shipped,Net Banking,Bikaner,Uttarakhand
4983,964,2026-07-10,Delivered,Debit Card,Chandigarh,Assam
4984,355,2026-04-18,Shipped,Net Banking,Jamshedpur,Meghalaya
4985,617,2025-05-22,Delivered,UPI,Anand,Karnataka
4986,239,2025-12-05,Delivered,Net Banking,Noida,Arunachal Pradesh
4987,379,2025-03-03,Delivered,Debit Card,Begusarai,Tamil Nadu
4988,175,2026-06-26,Shipped,COD,Srikakulam,Uttar Pradesh
4989,834,2024-12-09,Delivered,Net Banking,Srinagar,Chhattisgarh
4990,185,2026-04-04,Delivered,Debit Card,Dhanbad,Sikkim
4991,205,2025-10-16,Delivered,Debit Card,Jalna,Punjab
4992,464,2026-04-14,Delivered,Debit Card,Kamarhati,Punjab
4993,430,2025-09-02,Delivered,COD,Nagercoil,Madhya Pradesh
4994,314,2025-01-31,Delivered,Net Banking,Dharmavaram,Himachal Pradesh
4995,358,2026-04-09,Shipped,UPI,Raichur,Arunachal Pradesh
4996,296,2026-01-12,Delivered,Debit Card,Khora ,Andhra Pradesh
4997,913,2025-09-12,Delivered,Credit Card,Bhubaneswar,Chhattisgarh
4998,581,2025-07-07,Delivered,UPI,Kota,Manipur
4999,920,2025-06-16,Delivered,COD,Akola,Bihar
5000,987,2025-09-24,Delivered,COD,Kumbakonam,Punjab
1723,550,2024-10-18,Delivered,Net Banking,Bhalswa Jahangir Pur,Punjab
3098,360,2024-11-22,Delivered,UPI,Nandyal,Nagaland
