item_id,order_id,product_id,quantity,unit_price,discount
1,1,20,4,65645.52,0.15
2,2,4,4,41953.2,0.15
3,2,63,1,74324.62,0.1
4,2,69,2,38273.87,0.2
5,2,78,4,61027.77,0.05
6,3,96,3,57246.92,0.15
7,3,50,4,32078.35,0.1
8,3,83,2,70278.9,0.15
9,4,72,1,18167.14,0.1
10,4,28,4,24101.49,0.1
11,5,85,4,33117.32,0.2
12,5,6,3,11835.67,0.2
13,6,60,2,48163.29,0.2
14,6,95,1,74013.57,0.0
15,6,66,3,75655.91,0.1
16,6,94,3,24440.89,0.15
17,7,6,3,11835.67,0.2
18,8,54,1,47164.35,0.05
19,8,79,3,71983.06,0.15
20,8,65,3,11138.22,0.1
21,9,89,4,41133.84,0.05
22,10,47,3,66318.14,0.2
23,11,69,3,38273.87,0.1
24,11,42,2,32167.57,0.15
25,11,88,3,44854.54,0.05
26,12,12,3,43161.08,0.0
27,12,26,4,40496.99,0.1
28,12,10,4,62096.2,0.15
29,12,71,1,98217.13,0.05
30,13,24,4,35138.54,0.2
31,13,32,4,58569.82,0.15
32,13,84,3,20609.39,0.15
33,14,37,3,32224.91,0.2
34,14,15,3,45459.24,0.2
35,14,3,2,26786.94,0.15
36,14,23,2,78220.4,0.2
37,15,92,4,50328.36,0.15
38,15,55,4,11698.2,0.2
39,15,100,1,56950.77,0.0
40,16,22,4,101373.13,0.05
41,16,36,2,94947.11,0.2
42,16,17,1,3060.67,0.1
43,16,40,4,54298.36,0.0
44,17,57,1,74958.5,0.2
45,17,81,1,6985.99,0.15
46,17,37,2,32224.91,0.2
47,18,78,2,61027.77,0.0
48,19,63,1,74324.62,0.0
49,19,30,1,59827.04,0.1
50,19,92,2,50328.36,0.0
51,19,44,1,29062.01,0.1
52,20,16,1,64465.1,0.05
53,20,97,4,57944.43,0.05
54,21,92,3,50328.36,0.15
55,21,5,1,55610.54,0.0
56,21,91,1,68165.0,0.2
57,22,95,4,74013.57,0.0
58,22,83,2,70278.9,0.1
59,23,26,1,40496.99,0.2
60,24,64,3,6802.82,0.0
61,24,54,4,47164.35,0.2
62,24,63,2,74324.62,0.05
63,24,62,3,77931.24,0.15
64,25,64,2,6802.82,0.2
65,25,52,1,88567.93,0.05
66,25,70,4,8288.85,0.05
67,25,53,4,8406.45,0.2
68,26,2,4,9643.31,0.0
69,26,4,1,41953.2,0.0
70,26,96,3,57246.92,0.05
71,27,91,3,68165.0,0.15
72,27,59,1,17097.25,0.2
73,28,18,4,25661.34,0.1
74,28,79,1,71983.06,0.1
75,28,15,2,45459.24,0.2
76,28,38,4,46602.83,0.0
77,29,33,3,67830.72,0.2
78,29,2,3,9643.31,0.05
79,29,81,2,6985.99,0.05
80,30,51,4,90551.07,0.2
81,30,32,1,58569.82,0.15
82,31,51,3,90551.07,0.1
83,31,1,1,17791.55,0.05
84,32,44,1,29062.01,0.1
85,33,52,3,88567.93,0.15
86,34,34,2,84343.9,0.0
87,34,84,1,20609.39,0.0
88,34,25,4,48553.67,0.05
89,35,14,2,112855.44,0.1
90,35,53,4,8406.45,0.2
91,35,89,1,41133.84,0.05
92,35,38,1,46602.83,0.15
93,36,5,2,55610.54,0.2
94,37,97,3,57944.43,0.1
95,37,45,2,16072.3,0.2
96,37,18,1,25661.34,0.2
97,37,62,3,77931.24,0.15
98,38,32,4,58569.82,0.05
99,38,94,1,24440.89,0.05
100,38,30,2,59827.04,0.2
101,38,56,2,35450.02,0.1
102,39,55,3,11698.2,0.0
103,39,25,1,48553.67,0.15
104,40,50,1,32078.35,0.05
105,40,11,1,29179.55,0.2
106,40,65,3,11138.22,0.2
107,41,76,1,61617.55,0.0
108,42,96,3,57246.92,0.2
109,42,33,2,67830.72,0.2
110,42,29,2,26756.43,0.15
111,42,55,4,11698.2,0.05
112,43,70,4,8288.85,0.15
113,43,100,4,56950.77,0.2
114,43,3,4,26786.94,0.2
115,44,24,1,35138.54,0.1
116,44,27,4,45811.61,0.15
117,45,26,1,40496.99,0.05
118,46,47,2,66318.14,0.05
119,46,88,3,44854.54,0.15
120,46,4,3,41953.2,0.1
121,46,82,3,75348.3,0.05
122,47,62,3,77931.24,0.15
123,47,62,2,77931.24,0.05
124,48,68,3,54854.09,0.1
125,48,12,2,43161.08,0.05
126,48,75,2,44857.53,0.2
127,48,25,3,48553.67,0.2
128,49,52,3,88567.93,0.1
129,49,68,2,54854.09,0.15
130,49,61,1,59250.67,0.0
131,50,33,2,67830.72,0.2
132,50,40,2,54298.36,0.05
133,50,48,1,18316.15,0.2
134,50,5,1,55610.54,0.2
135,51,73,4,29426.0,0.0
136,51,10,2,62096.2,0.0
137,51,46,3,83137.14,0.15
138,51,66,1,75655.91,0.2
139,52,9,4,57045.2,0.15
140,53,100,1,56950.77,0.0
141,53,38,2,46602.83,0.15
142,54,2,4,9643.31,0.05
143,54,66,1,75655.91,0.2
144,55,56,3,35450.02,0.2
145,55,65,4,11138.22,0.15
146,56,76,1,61617.55,0.1
147,57,48,1,18316.15,0.05
148,57,83,4,70278.9,0.2
149,57,38,2,46602.83,0.0
150,58,55,4,11698.2,0.0
151,59,16,4,64465.1,0.0
152,59,62,4,77931.24,0.1
153,59,27,4,45811.61,0.0
154,60,70,4,8288.85,0.1
155,60,81,2,6985.99,0.0
156,60,86,4,36743.45,0.2
157,61,93,2,34199.76,0.1
158,61,13,3,21788.6,0.0
159,61,14,1,112855.44,0.15
160,61,93,4,34199.76,0.05
161,62,39,3,21356.09,0.05
162,62,3,4,26786.94,0.15
163,62,29,2,26756.43,0.2
164,63,84,2,20609.39,0.2
165,63,36,3,94947.11,0.1
166,64,8,4,77134.84,0.2
167,64,73,3,29426.0,0.05
168,64,20,4,65645.52,0.2
169,64,36,1,94947.11,0.2
170,65,1,4,17791.55,0.1
171,65,61,3,59250.67,0.1
172,66,45,4,16072.3,0.1
173,66,87,1,3831.22,0.0
174,67,34,2,84343.9,0.2
175,67,21,1,33408.11,0.15
176,67,17,2,3060.67,0.2
177,67,21,4,33408.11,0.0
178,68,46,3,83137.14,0.2
179,68,9,4,57045.2,0.05
180,69,41,3,34056.89,0.2
181,70,86,4,36743.45,0.2
182,70,77,4,78913.67,0.2
183,71,64,3,6802.82,0.2
184,71,90,4,62376.77,0.0
185,71,79,1,71983.06,0.05
186,71,66,3,75655.91,0.05
187,72,87,3,3831.22,0.1
188,73,13,4,21788.6,0.2
189,73,82,3,75348.3,0.15
190,74,30,1,59827.04,0.1
191,75,74,3,65143.62,0.2
192,75,92,4,50328.36,0.0
193,75,50,1,32078.35,0.15
194,76,9,1,57045.2,0.1
195,76,38,3,46602.83,0.05
196,77,41,3,34056.89,0.15
197,77,94,3,24440.89,0.2
198,78,95,1,74013.57,0.2
199,79,57,3,74958.5,0.2
200,79,96,3,57246.92,0.2
201,79,44,4,29062.01,0.1
202,80,42,2,32167.57,0.0
203,80,84,2,20609.39,0.2
204,80,67,1,28223.22,0.1
205,81,53,3,8406.45,0.15
206,81,46,3,83137.14,0.0
207,81,71,2,98217.13,0.2
208,81,76,3,61617.55,0.2
209,82,50,4,32078.35,0.2
210,82,4,1,41953.2,0.0
211,83,11,3,29179.55,0.2
212,84,15,3,45459.24,0.15
213,84,47,1,66318.14,0.0
214,84,62,1,77931.24,0.1
215,84,81,2,6985.99,0.1
216,85,24,1,35138.54,0.15
217,85,79,2,71983.06,0.0
218,85,67,1,28223.22,0.1
219,86,6,4,11835.67,0.15
220,86,36,3,94947.11,0.15
221,86,31,2,58504.05,0.15
222,87,89,4,41133.84,0.15
223,88,93,1,34199.76,0.15
224,88,82,3,75348.3,0.0
225,89,53,3,8406.45,0.15
226,89,50,4,32078.35,0.05
227,89,32,1,58569.82,0.1
228,89,78,3,61027.77,0.1
229,90,9,4,57045.2,0.2
230,90,28,4,24101.49,0.05
231,90,14,1,112855.44,0.05
232,90,50,4,32078.35,0.15
233,91,30,2,59827.04,0.15
234,91,20,2,65645.52,0.05
235,92,38,1,46602.83,0.05
236,92,87,1,3831.22,0.2
237,92,56,2,35450.02,0.2
238,92,83,1,70278.9,0.0
239,93,92,3,50328.36,0.05
240,93,91,3,68165.0,0.15
241,93,36,2,94947.11,0.0
242,93,88,3,44854.54,0.0
243,94,91,3,68165.0,0.0
244,94,96,1,57246.92,0.1
245,95,36,2,94947.11,0.1
246,95,23,4,78220.4,0.05
247,95,59,1,17097.25,0.0
248,95,94,4,24440.89,0.15
249,96,91,4,68165.0,0.2
250,96,58,2,16793.42,0.05
251,97,15,2,45459.24,0.15
252,98,43,1,68409.25,0.15
253,98,72,3,18167.14,0.1
254,98,57,1,74958.5,0.1
255,99,35,4,64616.75,0.0
256,99,35,2,64616.75,0.2
257,99,6,4,11835.67,0.2
258,100,29,4,26756.43,0.15
259,101,67,2,28223.22,0.2
260,101,25,3,48553.67,0.15
261,101,100,1,56950.77,0.15
262,101,9,1,57045.2,0.2
263,102,59,3,17097.25,0.0
264,103,50,2,32078.35,0.05
265,103,84,2,20609.39,0.05
266,103,89,1,41133.84,0.15
267,103,55,4,11698.2,0.05
268,104,64,2,6802.82,0.05
269,105,70,2,8288.85,0.1
270,105,53,2,8406.45,0.15
271,105,19,2,73662.65,0.1
272,105,43,3,68409.25,0.0
273,106,25,4,48553.67,0.15
274,106,47,3,66318.14,0.1
275,106,62,1,77931.24,0.0
276,106,21,4,33408.11,0.15
277,107,25,2,48553.67,0.05
278,107,83,1,70278.9,0.1
279,107,38,1,46602.83,0.2
280,107,20,4,65645.52,0.05
281,108,72,2,18167.14,0.2
282,108,72,1,18167.14,0.1
283,108,83,4,70278.9,0.2
284,109,76,2,61617.55,0.2
285,109,100,4,56950.77,0.2
286,110,58,4,16793.42,0.05
287,110,29,1,26756.43,0.15
288,110,87,3,3831.22,0.05
289,111,27,3,45811.61,0.2
290,111,30,1,59827.04,0.2
291,112,83,2,70278.9,0.15
292,112,89,2,41133.84,0.2
293,112,34,1,84343.9,0.1
294,112,73,3,29426.0,0.0
295,113,93,2,34199.76,0.2
296,113,80,4,50304.69,0.1
297,113,1,4,17791.55,0.0
298,114,67,3,28223.22,0.0
299,114,17,1,3060.67,0.15
300,115,85,1,33117.32,0.2
301,115,7,1,47293.79,0.15
302,115,100,2,56950.77,0.1
303,116,18,4,25661.34,0.05
304,116,43,1,68409.25,0.1
305,116,24,3,35138.54,0.05
306,117,82,1,75348.3,0.05
307,118,40,2,54298.36,0.0
308,119,75,3,44857.53,0.1
309,120,7,4,47293.79,0.05
310,121,46,4,83137.14,0.0
311,121,92,3,50328.36,0.05
312,122,93,1,34199.76,0.15
313,122,21,2,33408.11,0.1
314,122,40,4,54298.36,0.1
315,123,41,1,34056.89,0.1
316,123,57,3,74958.5,0.1
317,123,54,3,47164.35,0.1
318,124,11,4,29179.55,0.2
319,124,77,1,78913.67,0.15
320,125,23,1,78220.4,0.0
321,125,32,1,58569.82,0.2
322,125,85,2,33117.32,0.0
323,125,69,3,38273.87,0.0
324,126,40,1,54298.36,0.1
325,126,92,3,50328.36,0.05
326,126,40,1,54298.36,0.15
327,127,57,3,74958.5,0.15
328,128,25,2,48553.67,0.0
329,128,19,4,73662.65,0.1
330,128,50,2,32078.35,0.15
331,128,57,4,74958.5,0.15
332,129,81,1,6985.99,0.1
333,129,40,1,54298.36,0.15
334,129,90,1,62376.77,0.1
335,130,61,2,59250.67,0.05
336,130,8,4,77134.84,0.1
337,130,74,1,65143.62,0.15
338,131,58,4,16793.42,0.0
339,131,39,3,21356.09,0.15
340,131,47,2,66318.14,0.05
341,132,31,2,58504.05,0.0
342,132,62,4,77931.24,0.15
343,132,57,3,74958.5,0.05
344,133,45,1,16072.3,0.1
345,134,29,4,26756.43,0.15
346,134,40,2,54298.36,0.1
347,134,50,1,32078.35,0.15
348,135,48,4,18316.15,0.2
349,135,31,4,58504.05,0.15
350,135,59,2,17097.25,0.0
351,135,23,3,78220.4,0.05
352,136,51,1,90551.07,0.1
353,136,13,4,21788.6,0.1
354,137,48,2,18316.15,0.05
355,137,79,2,71983.06,0.0
356,137,82,3,75348.3,0.0
357,138,70,2,8288.85,0.0
358,139,75,3,44857.53,0.2
359,139,7,3,47293.79,0.05
360,140,35,2,64616.75,0.2
361,140,66,4,75655.91,0.05
362,141,81,2,6985.99,0.05
363,141,59,4,17097.25,0.1
364,141,86,2,36743.45,0.2
365,141,28,3,24101.49,0.1
366,142,16,3,64465.1,0.0
367,143,9,4,57045.2,0.05
368,143,59,1,17097.25,0.2
369,144,67,1,28223.22,0.0
370,144,29,4,26756.43,0.2
371,145,79,4,71983.06,0.2
372,145,74,3,65143.62,0.05
373,145,37,2,32224.91,0.1
374,145,24,2,35138.54,0.1
375,146,75,3,44857.53,0.15
376,146,68,3,54854.09,0.15
377,146,18,2,25661.34,0.0
378,146,26,1,40496.99,0.05
379,147,49,1,1098.73,0.2
380,148,52,2,88567.93,0.05
381,149,17,3,3060.67,0.05
382,149,95,2,74013.57,0.15
383,149,39,3,21356.09,0.0
384,149,39,2,21356.09,0.0
385,150,7,2,47293.79,0.15
386,151,88,3,44854.54,0.0
387,151,24,3,35138.54,0.2
388,151,99,4,9464.47,0.05
389,151,50,4,32078.35,0.0
390,152,88,2,44854.54,0.15
391,152,18,3,25661.34,0.0
392,153,17,2,3060.67,0.05
393,153,81,4,6985.99,0.05
394,153,82,3,75348.3,0.1
395,153,55,4,11698.2,0.1
396,154,4,2,41953.2,0.0
397,154,95,1,74013.57,0.05
398,155,40,1,54298.36,0.0
399,155,94,3,24440.89,0.0
400,156,88,4,44854.54,0.15
401,156,86,3,36743.45,0.1
402,156,69,4,38273.87,0.0
403,157,68,2,54854.09,0.05
404,158,54,4,47164.35,0.15
405,158,3,4,26786.94,0.05
406,158,39,1,21356.09,0.1
407,159,74,4,65143.62,0.15
408,159,82,1,75348.3,0.15
409,159,56,3,35450.02,0.15
410,160,71,2,98217.13,0.05
411,160,3,2,26786.94,0.1
412,160,47,4,66318.14,0.2
413,160,51,3,90551.07,0.2
414,161,90,1,62376.77,0.0
415,161,32,1,58569.82,0.2
416,161,23,1,78220.4,0.2
417,161,36,2,94947.11,0.2
418,162,18,1,25661.34,0.05
419,162,56,2,35450.02,0.1
420,162,65,4,11138.22,0.0
421,163,81,4,6985.99,0.0
422,163,98,4,107440.65,0.1
423,164,8,2,77134.84,0.05
424,164,25,3,48553.67,0.05
425,165,31,4,58504.05,0.05
426,165,25,1,48553.67,0.1
427,166,83,4,70278.9,0.0
428,166,14,3,112855.44,0.2
429,166,3,2,26786.94,0.15
430,166,87,2,3831.22,0.15
431,167,97,2,57944.43,0.2
432,167,23,1,78220.4,0.15
433,168,34,1,84343.9,0.05
434,169,51,2,90551.07,0.2
435,169,53,1,8406.45,0.1
436,170,100,3,56950.77,0.1
437,171,41,2,34056.89,0.1
438,172,2,2,9643.31,0.0
439,173,43,1,68409.25,0.2
440,173,56,4,35450.02,0.2
441,173,52,3,88567.93,0.15
442,173,52,2,88567.93,0.05
443,174,93,3,34199.76,0.2
444,174,81,2,6985.99,0.0
445,174,26,1,40496.99,0.05
446,175,36,3,94947.11,0.0
447,175,67,4,28223.22,0.05
448,175,42,3,32167.57,0.05
449,176,43,3,68409.25,0.15
450,176,17,1,3060.67,0.05
451,177,26,3,40496.99,0.2
452,177,75,3,44857.53,0.05
453,177,85,2,33117.32,0.1
454,178,79,1,71983.06,0.1
455,179,31,4,58504.05,0.2
456,179,14,2,112855.44,0.15
457,179,16,2,64465.1,0.2
458,179,40,3,54298.36,0.2
459,180,52,2,88567.93,0.0
460,180,90,3,62376.77,0.0
461,180,90,3,62376.77,0.1
462,181,1,2,17791.55,0.0
463,181,71,1,98217.13,0.1
464,181,30,1,59827.04,0.1
465,181,20,4,65645.52,0.05
466,182,56,3,35450.02,0.0
467,183,4,2,41953.2,0.2
468,183,34,2,84343.9,0.05
469,184,56,3,35450.02,0.2
470,184,28,4,24101.49,0.15
471,184,60,4,48163.29,0.15
472,185,47,3,66318.14,0.15
473,185,80,2,50304.69,0.05
474,186,19,4,73662.65,0.05
475,186,6,4,11835.67,0.2
476,187,53,2,8406.45,0.15
477,188,26,4,40496.99,0.05
478,188,71,4,98217.13,0.15
479,189,10,4,62096.2,0.05
480,190,58,1,16793.42,0.2
481,190,99,1,9464.47,0.1
482,191,10,2,62096.2,0.05
483,191,31,4,58504.05,0.15
484,191,85,1,33117.32,0.15
485,192,54,1,47164.35,0.05
486,192,18,1,25661.34,0.15
487,192,22,1,101373.13,0.05
488,193,77,4,78913.67,0.05
489,193,87,3,3831.22,0.2
490,193,37,3,32224.91,0.15
491,194,48,2,18316.15,0.0
492,194,79,3,71983.06,0.15
493,195,18,4,25661.34,0.05
494,195,21,3,33408.11,0.05
495,195,78,4,61027.77,0.1
496,195,19,3,73662.65,0.1
497,196,78,2,61027.77,0.2
498,197,50,3,32078.35,0.1
499,197,100,4,56950.77,0.05
500,198,4,4,41953.2,0.15
501,199,95,2,74013.57,0.1
502,199,23,3,78220.4,0.0
503,200,4,4,41953.2,0.15
504,200,73,3,29426.0,0.1
505,200,54,3,47164.35,0.1
506,200,84,2,20609.39,0.0
507,201,11,4,29179.55,0.1
508,201,9,4,57045.2,0.15
509,202,57,1,74958.5,0.15
510,202,89,1,41133.84,0.15
511,202,41,1,34056.89,0.2
512,202,80,2,50304.69,0.1
513,203,91,1,68165.0,0.1
514,203,87,4,3831.22,0.1
515,204,51,4,90551.07,0.05
516,204,70,1,8288.85,0.05
517,204,53,4,8406.45,0.15
518,205,68,1,54854.09,0.05
519,205,57,4,74958.5,0.15
520,206,53,2,8406.45,0.15
521,206,44,1,29062.01,0.2
522,207,66,2,75655.91,0.0
523,207,76,4,61617.55,0.05
524,207,92,4,50328.36,0.15
525,207,62,1,77931.24,0.1
526,208,11,4,29179.55,0.15
527,208,59,2,17097.25,0.15
528,208,32,2,58569.82,0.2
529,208,3,1,26786.94,0.05
530,209,8,4,77134.84,0.05
531,209,60,4,48163.29,0.1
532,210,95,3,74013.57,0.1
533,210,51,3,90551.07,0.2
534,210,45,4,16072.3,0.0
535,210,9,1,57045.2,0.05
536,211,68,1,54854.09,0.2
537,211,6,1,11835.67,0.15
538,212,85,2,33117.32,0.15
539,212,82,2,75348.3,0.05
540,212,100,1,56950.77,0.15
541,213,29,3,26756.43,0.05
542,213,17,1,3060.67,0.15
543,213,30,4,59827.04,0.0
544,213,80,3,50304.69,0.05
545,214,22,4,101373.13,0.15
546,214,89,1,41133.84,0.15
547,215,16,4,64465.1,0.2
548,215,5,3,55610.54,0.2
549,215,22,4,101373.13,0.0
550,216,76,3,61617.55,0.0
551,216,61,3,59250.67,0.05
552,217,36,1,94947.11,0.2
553,218,66,3,75655.91,0.1
554,219,65,2,11138.22,0.2
555,219,56,4,35450.02,0.0
556,220,52,3,88567.93,0.2
557,220,11,1,29179.55,0.0
558,220,26,4,40496.99,0.2
559,220,53,1,8406.45,0.2
560,221,14,2,112855.44,0.05
561,222,48,1,18316.15,0.05
562,222,12,4,43161.08,0.1
563,223,79,1,71983.06,0.15
564,223,11,4,29179.55,0.0
565,223,10,1,62096.2,0.05
566,224,64,3,6802.82,0.15
567,225,23,1,78220.4,0.2
568,225,36,2,94947.11,0.0
569,225,32,3,58569.82,0.2
570,226,22,3,101373.13,0.2
571,226,77,4,78913.67,0.2
572,227,70,4,8288.85,0.05
573,227,24,3,35138.54,0.15
574,227,69,2,38273.87,0.0
575,227,72,2,18167.14,0.0
576,228,54,4,47164.35,0.0
577,228,58,3,16793.42,0.1
578,228,94,4,24440.89,0.15
579,229,46,2,83137.14,0.0
580,229,39,2,21356.09,0.0
581,229,54,4,47164.35,0.05
582,230,84,3,20609.39,0.0
583,231,71,1,98217.13,0.2
584,231,8,3,77134.84,0.0
585,232,46,1,83137.14,0.05
586,232,74,4,65143.62,0.05
587,232,23,1,78220.4,0.05
588,232,99,4,9464.47,0.2
589,233,81,4,6985.99,0.05
590,234,85,1,33117.32,0.1
591,234,9,3,57045.2,0.1
592,234,58,1,16793.42,0.05
593,234,53,2,8406.45,0.1
594,235,63,2,74324.62,0.0
595,235,86,3,36743.45,0.1
596,236,36,4,94947.11,0.0
597,236,54,2,47164.35,0.1
598,236,68,2,54854.09,0.05
599,237,76,1,61617.55,0.05
600,237,78,4,61027.77,0.0
601,237,34,2,84343.9,0.2
602,238,100,2,56950.77,0.0
603,238,1,1,17791.55,0.0
604,239,50,2,32078.35,0.0
605,239,61,3,59250.67,0.2
606,240,7,4,47293.79,0.05
607,240,46,2,83137.14,0.1
608,240,60,3,48163.29,0.15
609,241,61,4,59250.67,0.0
610,242,12,2,43161.08,0.0
611,242,28,2,24101.49,0.0
612,242,25,1,48553.67,0.15
613,243,64,4,6802.82,0.2
614,244,33,1,67830.72,0.15
615,244,58,1,16793.42,0.2
616,244,74,1,65143.62,0.2
617,245,80,3,50304.69,0.05
618,245,19,2,73662.65,0.0
619,245,91,3,68165.0,0.0
620,246,17,3,3060.67,0.15
621,247,3,1,26786.94,0.15
622,247,5,2,55610.54,0.2
623,247,21,1,33408.11,0.1
624,247,88,1,44854.54,0.2
625,248,21,2,33408.11,0.2
626,248,70,2,8288.85,0.2
627,249,42,1,32167.57,0.2
628,249,4,2,41953.2,0.0
629,249,45,2,16072.3,0.15
630,249,3,4,26786.94,0.2
631,250,48,3,18316.15,0.05
632,251,56,2,35450.02,0.2
633,252,53,2,8406.45,0.05
634,252,29,1,26756.43,0.05
635,253,77,2,78913.67,0.15
636,254,60,3,48163.29,0.0
637,254,26,1,40496.99,0.1
638,255,44,4,29062.01,0.2
639,255,11,3,29179.55,0.0
640,255,93,4,34199.76,0.0
641,256,76,2,61617.55,0.2
642,257,29,4,26756.43,0.15
643,257,68,2,54854.09,0.1
644,257,68,4,54854.09,0.1
645,258,61,3,59250.67,0.2
646,259,6,3,11835.67,0.15
647,260,88,1,44854.54,0.2
648,260,96,4,57246.92,0.0
649,260,98,1,107440.65,0.1
650,261,99,1,9464.47,0.15
651,261,93,2,34199.76,0.0
652,261,74,4,65143.62,0.1
653,261,6,4,11835.67,0.0
654,262,47,4,66318.14,0.2
655,263,25,3,48553.67,0.15
656,263,22,4,101373.13,0.0
657,264,84,2,20609.39,0.1
658,264,82,2,75348.3,0.0
659,264,53,1,8406.45,0.2
660,264,74,4,65143.62,0.0
661,265,13,2,21788.6,0.15
662,265,23,1,78220.4,0.0
663,265,87,2,3831.22,0.0
664,265,46,3,83137.14,0.2
665,266,55,2,11698.2,0.05
666,266,47,2,66318.14,0.0
667,266,21,2,33408.11,0.15
668,267,83,3,70278.9,0.05
669,267,76,3,61617.55,0.1
670,268,69,3,38273.87,0.2
671,268,36,1,94947.11,0.15
672,269,65,2,11138.22,0.05
673,269,96,3,57246.92,0.05
674,269,65,1,11138.22,0.05
675,270,50,1,32078.35,0.15
676,270,28,2,24101.49,0.15
677,270,53,3,8406.45,0.1
678,271,38,3,46602.83,0.05
679,271,62,1,77931.24,0.0
680,272,5,3,55610.54,0.2
681,273,20,1,65645.52,0.15
682,274,79,3,71983.06,0.15
683,274,39,3,21356.09,0.0
684,274,44,1,29062.01,0.05
685,274,55,2,11698.2,0.05
686,275,44,4,29062.01,0.1
687,275,76,2,61617.55,0.15
688,276,25,3,48553.67,0.2
689,276,76,3,61617.55,0.1
690,277,21,1,33408.11,0.05
691,277,38,4,46602.83,0.1
692,278,59,2,17097.25,0.15
693,278,89,4,41133.84,0.05
694,278,24,2,35138.54,0.1
695,278,59,3,17097.25,0.15
696,279,7,2,47293.79,0.1
697,280,8,4,77134.84,0.1
698,281,77,1,78913.67,0.15
699,281,72,4,18167.14,0.05
700,282,38,1,46602.83,0.0
701,282,63,4,74324.62,0.15
702,283,39,1,21356.09,0.1
703,283,28,1,24101.49,0.05
704,283,44,1,29062.01,0.0
705,284,32,3,58569.82,0.2
706,284,82,2,75348.3,0.15
707,285,42,3,32167.57,0.05
708,285,33,4,67830.72,0.15
709,286,54,1,47164.35,0.1
710,286,76,3,61617.55,0.05
711,286,28,3,24101.49,0.05
712,286,94,2,24440.89,0.0
713,287,47,4,66318.14,0.2
714,288,67,3,28223.22,0.2
715,288,96,1,57246.92,0.2
716,288,44,3,29062.01,0.05
717,289,20,2,65645.52,0.2
718,289,75,1,44857.53,0.05
719,289,1,4,17791.55,0.2
720,290,46,1,83137.14,0.0
721,290,98,1,107440.65,0.05
722,291,42,1,32167.57,0.1
723,291,69,4,38273.87,0.2
724,291,53,3,8406.45,0.05
725,291,22,4,101373.13,0.1
726,292,32,2,58569.82,0.2
727,292,53,1,8406.45,0.1
728,293,11,2,29179.55,0.15
729,293,42,1,32167.57,0.1
730,293,42,3,32167.57,0.0
731,293,84,2,20609.39,0.05
732,294,13,4,21788.6,0.1
733,294,85,2,33117.32,0.0
734,295,42,2,32167.57,0.05
735,295,66,4,75655.91,0.2
736,295,56,3,35450.02,0.0
737,296,30,1,59827.04,0.05
738,296,94,2,24440.89,0.15
739,296,23,2,78220.4,0.1
740,297,4,3,41953.2,0.05
741,297,76,3,61617.55,0.0
742,297,63,3,74324.62,0.2
743,297,90,4,62376.77,0.1
744,298,46,3,83137.14,0.1
745,298,2,2,9643.31,0.0
746,299,3,1,26786.94,0.05
747,299,44,3,29062.01,0.0
748,300,25,2,48553.67,0.2
749,301,93,2,34199.76,0.15
750,301,12,4,43161.08,0.1
751,302,89,4,41133.84,0.15
752,302,22,2,101373.13,0.0
753,302,12,3,43161.08,0.2
754,302,28,4,24101.49,0.1
755,303,15,1,45459.24,0.1
756,304,41,2,34056.89,0.2
757,304,34,3,84343.9,0.0
758,304,53,2,8406.45,0.1
759,304,54,4,47164.35,0.0
760,305,1,2,17791.55,0.1
761,305,13,1,21788.6,0.05
762,305,17,2,3060.67,0.1
763,306,20,2,65645.52,0.15
764,307,10,4,62096.2,0.05
765,307,32,1,58569.82,0.0
766,308,55,1,11698.2,0.0
767,308,31,1,58504.05,0.15
768,308,33,3,67830.72,0.1
769,309,47,4,66318.14,0.2
770,309,55,3,11698.2,0.2
771,310,34,4,84343.9,0.0
772,311,23,4,78220.4,0.15
773,311,41,3,34056.89,0.0
774,311,3,3,26786.94,0.0
775,312,50,1,32078.35,0.15
776,312,95,4,74013.57,0.1
777,312,40,4,54298.36,0.2
778,313,11,4,29179.55,0.0
779,314,71,4,98217.13,0.1
780,314,13,2,21788.6,0.05
781,315,20,1,65645.52,0.2
782,316,15,4,45459.24,0.15
783,316,89,2,41133.84,0.15
784,316,99,4,9464.47,0.05
785,317,57,3,74958.5,0.2
786,317,62,2,77931.24,0.2
787,317,65,2,11138.22,0.15
788,318,62,3,77931.24,0.1
789,318,55,2,11698.2,0.2
790,318,99,2,9464.47,0.15
791,319,74,1,65143.62,0.0
792,319,9,3,57045.2,0.2
793,319,40,1,54298.36,0.0
794,319,98,1,107440.65,0.15
795,320,41,1,34056.89,0.05
796,320,21,3,33408.11,0.2
797,320,87,1,3831.22,0.15
798,320,63,2,74324.62,0.2
799,321,57,1,74958.5,0.15
800,321,43,3,68409.25,0.1
801,322,13,1,21788.6,0.2
802,323,39,1,21356.09,0.05
803,323,44,2,29062.01,0.1
804,323,94,3,24440.89,0.05
805,324,31,1,58504.05,0.0
806,324,15,2,45459.24,0.2
807,324,43,4,68409.25,0.1
808,324,100,3,56950.77,0.0
809,325,49,4,1098.73,0.2
810,325,38,2,46602.83,0.2
811,325,67,4,28223.22,0.15
812,325,65,1,11138.22,0.05
813,326,30,3,59827.04,0.2
814,327,97,2,57944.43,0.15
815,328,60,1,48163.29,0.05
816,329,6,4,11835.67,0.05
817,330,41,3,34056.89,0.2
818,330,93,1,34199.76,0.2
819,330,40,1,54298.36,0.15
820,331,57,3,74958.5,0.0
821,331,62,3,77931.24,0.05
822,331,71,1,98217.13,0.05
823,332,88,4,44854.54,0.1
824,332,15,3,45459.24,0.2
825,333,52,2,88567.93,0.2
826,333,54,1,47164.35,0.05
827,334,16,2,64465.1,0.0
828,334,68,2,54854.09,0.05
829,334,12,1,43161.08,0.05
830,334,46,2,83137.14,0.2
831,335,34,1,84343.9,0.0
832,335,16,1,64465.1,0.2
833,336,83,1,70278.9,0.15
834,336,25,2,48553.67,0.0
835,336,26,2,40496.99,0.15
836,336,86,2,36743.45,0.1
837,337,88,3,44854.54,0.0
838,337,4,3,41953.2,0.05
839,337,28,1,24101.49,0.05
840,337,71,4,98217.13,0.05
841,338,78,3,61027.77,0.1
842,338,100,2,56950.77,0.15
843,339,56,1,35450.02,0.0
844,340,1,4,17791.55,0.0
845,340,88,3,44854.54,0.15
846,340,17,2,3060.67,0.1
847,340,13,1,21788.6,0.05
848,341,68,1,54854.09,0.05
849,341,61,2,59250.67,0.0
850,341,6,1,11835.67,0.2
851,342,17,1,3060.67,0.2
852,342,59,2,17097.25,0.1
853,343,26,1,40496.99,0.05
854,343,69,2,38273.87,0.05
855,343,42,4,32167.57,0.05
856,344,59,4,17097.25,0.2
857,344,48,1,18316.15,0.0
858,344,37,3,32224.91,0.2
859,345,35,4,64616.75,0.05
860,345,70,3,8288.85,0.05
861,345,52,2,88567.93,0.2
862,345,60,2,48163.29,0.2
863,346,58,1,16793.42,0.2
864,346,21,2,33408.11,0.05
865,347,92,4,50328.36,0.1
866,347,57,3,74958.5,0.05
867,347,72,2,18167.14,0.0
868,347,89,1,41133.84,0.05
869,348,93,4,34199.76,0.0
870,348,67,1,28223.22,0.0
871,348,79,3,71983.06,0.1
872,348,48,2,18316.15,0.15
873,349,74,2,65143.62,0.05
874,350,33,1,67830.72,0.1
875,351,72,2,18167.14,0.15
876,351,9,3,57045.2,0.2
877,351,92,2,50328.36,0.1
878,352,25,1,48553.67,0.05
879,353,66,2,75655.91,0.15
880,353,2,1,9643.31,0.0
881,354,16,2,64465.1,0.0
882,354,99,4,9464.47,0.05
883,355,84,4,20609.39,0.05
884,355,23,4,78220.4,0.0
885,355,14,1,112855.44,0.0
886,355,82,2,75348.3,0.2
887,356,100,1,56950.77,0.15
888,356,17,2,3060.67,0.15
889,356,67,3,28223.22,0.0
890,356,29,4,26756.43,0.15
891,357,75,2,44857.53,0.05
892,358,42,1,32167.57,0.15
893,358,13,2,21788.6,0.1
894,358,33,2,67830.72,0.05
895,358,54,3,47164.35,0.05
896,359,80,1,50304.69,0.0
897,360,3,3,26786.94,0.2
898,360,96,2,57246.92,0.1
899,360,65,3,11138.22,0.15
900,361,88,4,44854.54,0.2
901,361,94,1,24440.89,0.0
902,361,16,4,64465.1,0.05
903,361,10,1,62096.2,0.0
904,362,78,4,61027.77,0.0
905,362,19,2,73662.65,0.2
906,362,15,3,45459.24,0.15
907,362,47,4,66318.14,0.1
908,363,92,3,50328.36,0.05
909,364,80,2,50304.69,0.1
910,364,52,4,88567.93,0.1
911,364,20,2,65645.52,0.05
912,364,34,3,84343.9,0.0
913,365,69,3,38273.87,0.1
914,366,16,2,64465.1,0.1
915,366,53,1,8406.45,0.15
916,366,2,2,9643.31,0.05
917,367,33,4,67830.72,0.0
918,367,25,3,48553.67,0.2
919,368,69,3,38273.87,0.1
920,368,92,2,50328.36,0.15
921,369,15,3,45459.24,0.0
922,370,80,2,50304.69,0.0
923,370,66,1,75655.91,0.0
924,370,97,1,57944.43,0.15
925,370,92,2,50328.36,0.05
926,371,11,3,29179.55,0.15
927,371,75,2,44857.53,0.2
928,372,60,1,48163.29,0.15
929,372,12,2,43161.08,0.2
930,372,26,2,40496.99,0.2
931,373,93,3,34199.76,0.15
932,373,55,2,11698.2,0.2
933,374,34,2,84343.9,0.15
934,374,33,1,67830.72,0.05
935,375,84,3,20609.39,0.0
936,375,29,4,26756.43,0.05
937,375,16,3,64465.1,0.1
938,375,58,2,16793.42,0.05
939,376,100,2,56950.77,0.0
940,377,19,2,73662.65,0.1
941,377,26,1,40496.99,0.1
942,377,47,1,66318.14,0.2
943,378,20,4,65645.52,0.2
944,378,66,4,75655.91,0.15
945,378,26,4,40496.99,0.2
946,379,13,3,21788.6,0.05
947,379,27,4,45811.61,0.2
948,380,94,2,24440.89,0.2
949,380,94,2,24440.89,0.0
950,381,51,1,90551.07,0.15
951,382,41,1,34056.89,0.1
952,382,82,3,75348.3,0.05
953,382,20,1,65645.52,0.1
954,382,66,4,75655.91,0.2
955,383,69,4,38273.87,0.2
956,383,72,2,18167.14,0.05
957,383,22,3,101373.13,0.1
958,383,72,1,18167.14,0.1
959,384,62,2,77931.24,0.15
960,385,88,1,44854.54,0.1
961,386,18,1,25661.34,0.05
962,387,62,1,77931.24,0.2
963,388,83,4,70278.9,0.05
964,388,28,3,24101.49,0.05
965,388,75,4,44857.53,0.05
966,388,10,4,62096.2,0.05
967,389,72,4,18167.14,0.1
968,389,61,4,59250.67,0.15
969,389,20,1,65645.52,0.0
970,389,7,4,47293.79,0.2
971,390,75,3,44857.53,0.05
972,391,25,1,48553.67,0.0
973,391,50,1,32078.35,0.15
974,391,7,4,47293.79,0.05
975,392,97,4,57944.43,0.15
976,393,55,2,11698.2,0.2
977,393,94,1,24440.89,0.15
978,394,17,2,3060.67,0.15
979,394,21,1,33408.11,0.1
980,394,62,3,77931.24,0.05
981,395,61,2,59250.67,0.15
982,395,80,1,50304.69,0.05
983,395,93,4,34199.76,0.2
984,396,83,4,70278.9,0.1
985,396,15,4,45459.24,0.1
986,396,31,4,58504.05,0.15
987,396,92,1,50328.36,0.0
988,397,55,4,11698.2,0.1
989,398,87,4,3831.22,0.15
990,399,57,4,74958.5,0.15
991,399,5,2,55610.54,0.05
992,400,48,2,18316.15,0.0
993,400,83,4,70278.9,0.0
994,401,66,1,75655.91,0.2
995,401,14,3,112855.44,0.05
996,401,22,4,101373.13,0.0
997,401,86,4,36743.45,0.1
998,402,98,3,107440.65,0.2
999,402,76,4,61617.55,0.05
1000,402,10,4,62096.2,0.0
1001,402,62,4,77931.24,0.0
1002,403,83,1,70278.9,0.0
1003,403,65,1,11138.22,0.05
1004,404,60,2,48163.29,0.0
1005,404,47,2,66318.14,0.15
1006,404,25,2,48553.67,0.05
1007,404,29,1,26756.43,0.1
1008,405,75,3,44857.53,0.1
1009,405,7,1,47293.79,0.15
1010,406,9,4,57045.2,0.15
1011,406,40,3,54298.36,0.1
1012,406,78,4,61027.77,0.2
1013,407,66,1,75655.91,0.0
1014,407,59,2,17097.25,0.1
1015,408,54,4,47164.35,0.05
1016,409,12,2,43161.08,0.1
1017,409,34,3,84343.9,0.0
1018,409,8,1,77134.84,0.05
1019,409,76,4,61617.55,0.2
1020,410,76,2,61617.55,0.2
1021,411,26,4,40496.99,0.1
1022,412,30,2,59827.04,0.0
1023,413,32,1,58569.82,0.15
1024,413,89,3,41133.84,0.05
1025,414,49,2,1098.73,0.05
1026,415,77,2,78913.67,0.0
1027,416,45,4,16072.3,0.05
1028,416,70,2,8288.85,0.05
1029,416,53,2,8406.45,0.0
1030,417,28,3,24101.49,0.1
1031,417,88,1,44854.54,0.2
1032,417,71,4,98217.13,0.0
1033,417,77,1,78913.67,0.0
1034,418,95,1,74013.57,0.0
1035,419,25,1,48553.67,0.1
1036,419,10,2,62096.2,0.2
1037,420,59,3,17097.25,0.05
1038,420,33,3,67830.72,0.0
1039,420,44,4,29062.01,0.0
1040,421,24,4,35138.54,0.15
1041,421,40,2,54298.36,0.05
1042,421,40,4,54298.36,0.05
1043,421,36,1,94947.11,0.05
1044,422,75,1,44857.53,0.2
1045,422,60,2,48163.29,0.05
1046,422,48,3,18316.15,0.15
1047,423,12,1,43161.08,0.15
1048,423,58,4,16793.42,0.0
1049,423,18,2,25661.34,0.05
1050,423,32,2,58569.82,0.2
1051,424,42,3,32167.57,0.2
1052,424,15,2,45459.24,0.1
1053,424,39,2,21356.09,0.0
1054,425,27,4,45811.61,0.05
1055,425,85,2,33117.32,0.2
1056,426,86,1,36743.45,0.15
1057,427,1,3,17791.55,0.0
1058,427,61,3,59250.67,0.15
1059,427,65,1,11138.22,0.0
1060,427,38,4,46602.83,0.05
1061,428,47,2,66318.14,0.1
1062,428,79,1,71983.06,0.05
1063,428,38,1,46602.83,0.15
1064,428,7,3,47293.79,0.0
1065,429,38,1,46602.83,0.2
1066,430,26,2,40496.99,0.1
1067,430,39,3,21356.09,0.05
1068,430,24,4,35138.54,0.2
1069,431,15,2,45459.24,0.1
1070,432,99,4,9464.47,0.1
1071,432,13,2,21788.6,0.0
1072,432,71,4,98217.13,0.2
1073,433,72,2,18167.14,0.2
1074,433,62,1,77931.24,0.0
1075,433,92,3,50328.36,0.2
1076,433,1,4,17791.55,0.15
1077,434,31,4,58504.05,0.1
1078,435,19,4,73662.65,0.2
1079,435,58,1,16793.42,0.1
1080,436,64,3,6802.82,0.15
1081,437,90,3,62376.77,0.0
1082,437,38,3,46602.83,0.0
1083,437,24,1,35138.54,0.1
1084,438,93,1,34199.76,0.05
1085,438,68,3,54854.09,0.2
1086,438,77,4,78913.67,0.0
1087,438,45,1,16072.3,0.15
1088,439,45,1,16072.3,0.15
1089,440,39,2,21356.09,0.2
1090,440,75,2,44857.53,0.2
1091,441,22,4,101373.13,0.2
1092,441,98,4,107440.65,0.05
1093,441,18,3,25661.34,0.15
1094,441,47,4,66318.14,0.0
1095,442,32,1,58569.82,0.1
1096,442,65,4,11138.22,0.05
1097,443,69,2,38273.87,0.05
1098,444,92,2,50328.36,0.1
1099,444,79,1,71983.06,0.0
1100,445,25,1,48553.67,0.1
1101,445,21,1,33408.11,0.1
1102,445,89,2,41133.84,0.05
1103,446,49,1,1098.73,0.1
1104,446,10,1,62096.2,0.15
1105,446,83,3,70278.9,0.15
1106,447,65,4,11138.22,0.0
1107,447,3,1,26786.94,0.1
1108,448,79,3,71983.06,0.15
1109,448,61,4,59250.67,0.15
1110,448,62,2,77931.24,0.1
1111,448,87,1,3831.22,0.0
1112,449,50,1,32078.35,0.0
1113,449,47,4,66318.14,0.05
1114,449,62,2,77931.24,0.15
1115,450,20,1,65645.52,0.15
1116,450,16,4,64465.1,0.15
1117,451,85,4,33117.32,0.05
1118,451,22,3,101373.13,0.1
1119,451,51,1,90551.07,0.0
1120,451,27,1,45811.61,0.15
1121,452,24,1,35138.54,0.05
1122,452,60,1,48163.29,0.1
1123,452,81,3,6985.99,0.1
1124,452,45,2,16072.3,0.05
1125,453,14,4,112855.44,0.0
1126,453,25,1,48553.67,0.2
1127,454,17,3,3060.67,0.0
1128,455,89,4,41133.84,0.2
1129,455,32,1,58569.82,0.0
1130,455,38,3,46602.83,0.0
1131,456,8,3,77134.84,0.2
1132,456,45,1,16072.3,0.2
1133,456,92,2,50328.36,0.2
1134,457,41,4,34056.89,0.15
1135,458,66,4,75655.91,0.1
1136,458,19,2,73662.65,0.0
1137,458,15,1,45459.24,0.1
1138,459,74,1,65143.62,0.1
1139,459,7,4,47293.79,0.15
1140,459,45,3,16072.3,0.0
1141,459,32,2,58569.82,0.0
1142,460,2,1,9643.31,0.1
1143,461,54,4,47164.35,0.2
1144,461,97,2,57944.43,0.2
1145,461,7,3,47293.79,0.1
1146,462,82,4,75348.3,0.05
1147,463,54,3,47164.35,0.1
1148,463,73,4,29426.0,0.1
1149,463,10,3,62096.2,0.15
1150,464,87,2,3831.22,0.05
1151,464,2,4,9643.31,0.05
1152,465,91,3,68165.0,0.1
1153,466,66,4,75655.91,0.2
1154,466,34,1,84343.9,0.2
1155,466,1,3,17791.55,0.15
1156,466,62,3,77931.24,0.05
1157,467,9,1,57045.2,0.1
1158,468,61,2,59250.67,0.1
1159,468,78,4,61027.77,0.2
1160,468,27,3,45811.61,0.05
1161,469,24,4,35138.54,0.2
1162,470,23,1,78220.4,0.15
1163,470,23,1,78220.4,0.15
1164,470,12,4,43161.08,0.15
1165,470,25,2,48553.67,0.15
1166,471,66,4,75655.91,0.15
1167,471,31,4,58504.05,0.15
1168,471,79,2,71983.06,0.05
1169,472,82,4,75348.3,0.1
1170,472,77,4,78913.67,0.1
1171,472,54,1,47164.35,0.2
1172,472,32,1,58569.82,0.15
1173,473,93,1,34199.76,0.2
1174,473,21,3,33408.11,0.15
1175,474,47,1,66318.14,0.1
1176,474,46,2,83137.14,0.1
1177,475,75,2,44857.53,0.15
1178,475,55,1,11698.2,0.2
1179,475,80,2,50304.69,0.05
1180,476,92,3,50328.36,0.05
1181,476,40,4,54298.36,0.05
1182,476,88,2,44854.54,0.0
1183,476,17,3,3060.67,0.15
1184,477,92,3,50328.36,0.2
1185,477,18,2,25661.34,0.15
1186,477,86,3,36743.45,0.0
1187,477,40,4,54298.36,0.05
1188,478,97,1,57944.43,0.2
1189,479,13,3,21788.6,0.0
1190,479,47,1,66318.14,0.15
1191,479,91,4,68165.0,0.1
1192,480,5,3,55610.54,0.2
1193,481,27,1,45811.61,0.1
1194,481,9,3,57045.2,0.1
1195,482,33,2,67830.72,0.15
1196,482,40,1,54298.36,0.2
1197,482,62,4,77931.24,0.1
1198,482,26,2,40496.99,0.15
1199,483,16,1,64465.1,0.2
1200,483,17,3,3060.67,0.1
1201,484,94,2,24440.89,0.15
1202,484,96,3,57246.92,0.05
1203,484,23,1,78220.4,0.05
1204,484,20,4,65645.52,0.0
1205,485,6,2,11835.67,0.15
1206,485,96,2,57246.92,0.05
1207,486,71,4,98217.13,0.2
1208,487,77,3,78913.67,0.2
1209,487,30,1,59827.04,0.2
1210,488,65,3,11138.22,0.05
1211,488,6,3,11835.67,0.15
1212,488,68,2,54854.09,0.15
1213,489,58,1,16793.42,0.1
1214,489,34,1,84343.9,0.1
1215,489,72,4,18167.14,0.1
1216,489,65,1,11138.22,0.05
1217,490,44,3,29062.01,0.1
1218,490,19,4,73662.65,0.2
1219,490,3,2,26786.94,0.05
1220,491,94,1,24440.89,0.0
1221,491,29,3,26756.43,0.0
1222,491,31,3,58504.05,0.1
1223,491,69,1,38273.87,0.05
1224,492,26,3,40496.99,0.1
1225,492,38,1,46602.83,0.2
1226,492,72,2,18167.14,0.0
1227,492,60,2,48163.29,0.0
1228,493,66,4,75655.91,0.05
1229,493,1,4,17791.55,0.1
1230,493,46,3,83137.14,0.15
1231,493,48,3,18316.15,0.0
1232,494,64,1,6802.82,0.0
1233,494,16,1,64465.1,0.0
1234,494,16,4,64465.1,0.2
1235,495,77,2,78913.67,0.0
1236,495,68,3,54854.09,0.15
1237,496,82,3,75348.3,0.1
1238,496,28,2,24101.49,0.0
1239,497,100,3,56950.77,0.1
1240,498,28,3,24101.49,0.05
1241,498,66,1,75655.91,0.1
1242,499,17,3,3060.67,0.0
1243,499,92,1,50328.36,0.15
1244,499,34,2,84343.9,0.15
1245,499,81,4,6985.99,0.0
1246,500,34,4,84343.9,0.1
1247,500,80,1,50304.69,0.15
1248,501,46,3,83137.14,0.0
1249,502,7,3,47293.79,0.15
1250,502,20,3,65645.52,0.1
1251,502,69,4,38273.87,0.05
1252,503,20,1,65645.52,0.1
1253,503,28,3,24101.49,0.15
1254,503,55,2,11698.2,0.15
1255,503,26,1,40496.99,0.15
1256,504,13,2,21788.6,0.0
1257,504,63,1,74324.62,0.15
1258,504,69,3,38273.87,0.0
1259,504,74,3,65143.62,0.15
1260,505,95,3,74013.57,0.05
1261,505,13,1,21788.6,0.0
1262,506,43,4,68409.25,0.15
1263,506,24,1,35138.54,0.1
1264,507,91,2,68165.0,0.15
1265,507,54,2,47164.35,0.05
1266,507,10,3,62096.2,0.05
1267,508,70,2,8288.85,0.15
1268,509,5,4,55610.54,0.05
1269,509,28,4,24101.49,0.2
1270,510,73,4,29426.0,0.15
1271,511,51,1,90551.07,0.2
1272,511,77,4,78913.67,0.0
1273,511,58,1,16793.42,0.1
1274,511,85,4,33117.32,0.1
1275,512,57,4,74958.5,0.2
1276,512,6,1,11835.67,0.1
1277,512,8,1,77134.84,0.2
1278,513,78,3,61027.77,0.05
1279,513,4,1,41953.2,0.2
1280,513,38,4,46602.83,0.1
1281,513,2,3,9643.31,0.2
1282,514,31,3,58504.05,0.05
1283,514,60,4,48163.29,0.05
1284,514,18,1,25661.34,0.1
1285,514,47,3,66318.14,0.1
1286,515,100,4,56950.77,0.0
1287,515,8,1,77134.84,0.15
1288,515,7,1,47293.79,0.1
1289,515,28,1,24101.49,0.0
1290,516,83,2,70278.9,0.1
1291,517,41,1,34056.89,0.15
1292,517,64,1,6802.82,0.0
1293,517,4,4,41953.2,0.2
1294,517,74,2,65143.62,0.15
1295,518,7,2,47293.79,0.05
1296,519,72,2,18167.14,0.15
1297,519,15,4,45459.24,0.2
1298,520,86,2,36743.45,0.2
1299,520,30,2,59827.04,0.15
1300,520,19,4,73662.65,0.05
1301,521,34,1,84343.9,0.0
1302,521,1,2,17791.55,0.05
1303,522,17,3,3060.67,0.2
1304,523,60,3,48163.29,0.05
1305,524,31,4,58504.05,0.05
1306,524,36,4,94947.11,0.2
1307,524,81,2,6985.99,0.05
1308,524,13,4,21788.6,0.1
1309,525,40,1,54298.36,0.05
1310,525,19,1,73662.65,0.05
1311,526,49,4,1098.73,0.1
1312,526,34,1,84343.9,0.15
1313,527,5,2,55610.54,0.05
1314,527,8,3,77134.84,0.0
1315,527,86,2,36743.45,0.15
1316,527,6,4,11835.67,0.1
1317,528,79,2,71983.06,0.15
1318,529,92,3,50328.36,0.1
1319,529,47,1,66318.14,0.15
1320,529,32,1,58569.82,0.15
1321,529,78,1,61027.77,0.15
1322,530,99,3,9464.47,0.15
1323,530,13,1,21788.6,0.1
1324,530,97,3,57944.43,0.05
1325,530,95,2,74013.57,0.1
1326,531,15,3,45459.24,0.15
1327,531,6,4,11835.67,0.1
1328,531,72,4,18167.14,0.1
1329,532,8,1,77134.84,0.05
1330,533,61,4,59250.67,0.0
1331,534,7,4,47293.79,0.1
1332,534,70,3,8288.85,0.2
1333,535,24,1,35138.54,0.15
1334,535,10,3,62096.2,0.15
1335,535,7,3,47293.79,0.15
1336,536,19,3,73662.65,0.2
1337,537,55,2,11698.2,0.05
1338,537,8,3,77134.84,0.15
1339,538,81,3,6985.99,0.0
1340,539,61,2,59250.67,0.05
1341,539,30,4,59827.04,0.0
1342,539,99,3,9464.47,0.1
1343,540,66,2,75655.91,0.0
1344,541,68,3,54854.09,0.05
1345,541,18,4,25661.34,0.0
1346,541,72,2,18167.14,0.0
1347,542,56,3,35450.02,0.1
1348,543,99,1,9464.47,0.1
1349,544,48,2,18316.15,0.1
1350,545,68,3,54854.09,0.05
1351,545,35,4,64616.75,0.1
1352,545,5,3,55610.54,0.0
1353,545,13,3,21788.6,0.1
1354,546,87,2,3831.22,0.2
1355,547,74,3,65143.62,0.0
1356,547,37,2,32224.91,0.0
1357,548,70,1,8288.85,0.15
1358,548,1,1,17791.55,0.1
1359,548,4,3,41953.2,0.05
1360,549,51,4,90551.07,0.15
1361,549,63,2,74324.62,0.05
1362,549,94,4,24440.89,0.15
1363,550,76,4,61617.55,0.1
1364,550,26,3,40496.99,0.0
1365,550,82,4,75348.3,0.15
1366,551,50,2,32078.35,0.15
1367,551,83,2,70278.9,0.05
1368,551,18,3,25661.34,0.15
1369,551,3,3,26786.94,0.15
1370,552,6,3,11835.67,0.2
1371,552,100,2,56950.77,0.2
1372,553,9,4,57045.2,0.05
1373,553,94,1,24440.89,0.2
1374,553,73,1,29426.0,0.0
1375,553,15,2,45459.24,0.05
1376,554,87,1,3831.22,0.15
1377,554,15,2,45459.24,0.1
1378,555,15,3,45459.24,0.05
1379,555,58,2,16793.42,0.0
1380,555,29,1,26756.43,0.15
1381,555,30,2,59827.04,0.2
1382,556,20,3,65645.52,0.15
1383,556,61,4,59250.67,0.1
1384,556,3,4,26786.94,0.15
1385,557,25,3,48553.67,0.05
1386,557,56,1,35450.02,0.2
1387,557,49,1,1098.73,0.0
1388,558,70,2,8288.85,0.1
1389,558,22,1,101373.13,0.05
1390,558,65,3,11138.22,0.2
1391,558,76,2,61617.55,0.05
1392,559,39,4,21356.09,0.15
1393,559,26,2,40496.99,0.0
1394,559,56,2,35450.02,0.0
1395,559,58,3,16793.42,0.1
1396,560,10,1,62096.2,0.15
1397,560,57,4,74958.5,0.05
1398,560,16,3,64465.1,0.15
1399,560,57,3,74958.5,0.1
1400,561,94,2,24440.89,0.2
1401,561,54,4,47164.35,0.05
1402,561,77,4,78913.67,0.05
1403,562,31,1,58504.05,0.2
1404,563,93,3,34199.76,0.05
1405,563,82,4,75348.3,0.05
1406,564,92,2,50328.36,0.2
1407,565,75,3,44857.53,0.2
1408,565,65,4,11138.22,0.0
1409,565,53,2,8406.45,0.2
1410,565,93,3,34199.76,0.15
1411,566,85,3,33117.32,0.05
1412,567,42,1,32167.57,0.1
1413,568,9,1,57045.2,0.05
1414,569,1,3,17791.55,0.0
1415,569,24,1,35138.54,0.0
1416,569,7,4,47293.79,0.0
1417,570,22,3,101373.13,0.1
1418,570,11,3,29179.55,0.2
1419,570,99,2,9464.47,0.1
1420,571,10,2,62096.2,0.0
1421,571,63,2,74324.62,0.1
1422,571,36,3,94947.11,0.15
1423,571,18,2,25661.34,0.2
1424,572,71,2,98217.13,0.15
1425,572,98,1,107440.65,0.05
1426,573,80,3,50304.69,0.15
1427,573,98,3,107440.65,0.0
1428,574,60,3,48163.29,0.1
1429,575,68,2,54854.09,0.1
1430,576,15,1,45459.24,0.0
1431,576,86,2,36743.45,0.0
1432,577,75,2,44857.53,0.2
1433,577,26,1,40496.99,0.05
1434,577,36,4,94947.11,0.0
1435,577,62,2,77931.24,0.1
1436,578,2,2,9643.31,0.05
1437,578,82,3,75348.3,0.2
1438,578,29,4,26756.43,0.2
1439,579,8,2,77134.84,0.2
1440,579,34,3,84343.9,0.05
1441,579,84,1,20609.39,0.2
1442,579,28,3,24101.49,0.05
1443,580,54,1,47164.35,0.05
1444,581,82,1,75348.3,0.2
1445,582,4,3,41953.2,0.15
1446,582,76,1,61617.55,0.0
1447,582,29,1,26756.43,0.2
1448,582,70,1,8288.85,0.0
1449,583,19,4,73662.65,0.15
1450,584,14,3,112855.44,0.1
1451,585,79,2,71983.06,0.0
1452,585,81,4,6985.99,0.15
1453,586,99,2,9464.47,0.15
1454,586,68,4,54854.09,0.2
1455,586,47,2,66318.14,0.15
1456,586,20,1,65645.52,0.15
1457,587,30,1,59827.04,0.2
1458,587,65,2,11138.22,0.2
1459,587,35,1,64616.75,0.1
1460,588,49,1,1098.73,0.0
1461,589,17,2,3060.67,0.05
1462,589,44,4,29062.01,0.15
1463,589,24,1,35138.54,0.0
1464,589,12,1,43161.08,0.0
1465,590,14,4,112855.44,0.05
1466,590,52,1,88567.93,0.2
1467,590,37,4,32224.91,0.05
1468,590,10,3,62096.2,0.2
1469,591,52,4,88567.93,0.2
1470,591,17,3,3060.67,0.05
1471,591,2,3,9643.31,0.05
1472,591,14,1,112855.44,0.2
1473,592,45,3,16072.3,0.15
1474,592,96,3,57246.92,0.15
1475,592,25,4,48553.67,0.2
1476,592,29,1,26756.43,0.0
1477,593,25,1,48553.67,0.05
1478,594,36,1,94947.11,0.15
1479,594,72,4,18167.14,0.0
1480,594,33,1,67830.72,0.2
1481,594,66,4,75655.91,0.1
1482,595,90,2,62376.77,0.05
1483,595,95,2,74013.57,0.05
1484,596,57,4,74958.5,0.0
1485,596,72,3,18167.14,0.1
1486,596,92,3,50328.36,0.2
1487,596,79,4,71983.06,0.0
1488,597,30,4,59827.04,0.1
1489,597,14,3,112855.44,0.15
1490,597,12,2,43161.08,0.1
1491,598,89,4,41133.84,0.15
1492,598,56,3,35450.02,0.15
1493,598,30,4,59827.04,0.2
1494,598,35,4,64616.75,0.15
1495,599,29,3,26756.43,0.15
1496,599,81,2,6985.99,0.05
1497,599,62,4,77931.24,0.0
1498,600,88,4,44854.54,0.0
1499,600,31,1,58504.05,0.0
1500,600,48,3,18316.15,0.2
1501,601,13,3,21788.6,0.0
1502,601,98,3,107440.65,0.1
1503,601,52,4,88567.93,0.15
1504,602,56,2,35450.02,0.15
1505,602,42,4,32167.57,0.0
1506,602,28,3,24101.49,0.2
1507,602,95,1,74013.57,0.1
1508,603,49,3,1098.73,0.0
1509,603,68,1,54854.09,0.0
1510,603,4,4,41953.2,0.2
1511,604,28,4,24101.49,0.2
1512,605,81,4,6985.99,0.15
1513,605,9,3,57045.2,0.05
1514,605,11,2,29179.55,0.2
1515,605,81,2,6985.99,0.05
1516,606,31,4,58504.05,0.05
1517,606,28,1,24101.49,0.15
1518,606,57,4,74958.5,0.05
1519,607,20,2,65645.52,0.1
1520,607,5,3,55610.54,0.15
1521,608,1,3,17791.55,0.0
1522,608,8,1,77134.84,0.2
1523,608,16,1,64465.1,0.0
1524,609,70,1,8288.85,0.2
1525,609,30,4,59827.04,0.05
1526,609,8,1,77134.84,0.1
1527,609,2,3,9643.31,0.05
1528,610,48,1,18316.15,0.1
1529,610,85,4,33117.32,0.0
1530,610,34,4,84343.9,0.0
1531,610,7,2,47293.79,0.1
1532,611,23,1,78220.4,0.15
1533,611,50,2,32078.35,0.2
1534,611,19,3,73662.65,0.2
1535,611,98,3,107440.65,0.2
1536,612,77,3,78913.67,0.15
1537,612,35,3,64616.75,0.15
1538,613,96,3,57246.92,0.05
1539,613,33,1,67830.72,0.2
1540,613,15,1,45459.24,0.2
1541,613,94,4,24440.89,0.1
1542,614,96,3,57246.92,0.0
1543,614,32,4,58569.82,0.0
1544,615,60,3,48163.29,0.1
1545,615,18,2,25661.34,0.15
1546,615,65,3,11138.22,0.1
1547,616,70,3,8288.85,0.2
1548,616,71,1,98217.13,0.1
1549,616,57,2,74958.5,0.15
1550,617,71,3,98217.13,0.15
1551,618,56,1,35450.02,0.2
1552,618,82,1,75348.3,0.15
1553,619,18,1,25661.34,0.1
1554,620,49,3,1098.73,0.0
1555,621,42,1,32167.57,0.15
1556,621,54,2,47164.35,0.0
1557,622,15,1,45459.24,0.05
1558,622,33,2,67830.72,0.1
1559,623,96,1,57246.92,0.0
1560,624,11,4,29179.55,0.15
1561,624,64,2,6802.82,0.05
1562,625,67,1,28223.22,0.1
1563,625,48,3,18316.15,0.05
1564,625,4,4,41953.2,0.05
1565,626,4,4,41953.2,0.05
1566,627,28,4,24101.49,0.0
1567,627,11,2,29179.55,0.0
1568,628,10,2,62096.2,0.15
1569,628,17,2,3060.67,0.0
1570,629,20,2,65645.52,0.1
1571,629,84,4,20609.39,0.0
1572,629,64,1,6802.82,0.1
1573,630,4,4,41953.2,0.15
1574,630,63,4,74324.62,0.1
1575,631,14,4,112855.44,0.15
1576,631,43,3,68409.25,0.05
1577,631,4,4,41953.2,0.1
1578,632,10,1,62096.2,0.05
1579,632,14,4,112855.44,0.1
1580,633,44,3,29062.01,0.0
1581,633,47,4,66318.14,0.05
1582,634,36,1,94947.11,0.15
1583,634,63,4,74324.62,0.15
1584,635,73,3,29426.0,0.05
1585,636,73,1,29426.0,0.05
1586,636,58,3,16793.42,0.05
1587,636,55,1,11698.2,0.05
1588,637,50,1,32078.35,0.2
1589,638,24,3,35138.54,0.15
1590,638,49,4,1098.73,0.05
1591,639,2,1,9643.31,0.1
1592,639,97,2,57944.43,0.1
1593,639,38,2,46602.83,0.1
1594,639,76,3,61617.55,0.05
1595,640,96,1,57246.92,0.2
1596,640,50,3,32078.35,0.05
1597,640,87,2,3831.22,0.1
1598,640,48,4,18316.15,0.0
1599,641,14,2,112855.44,0.1
1600,641,3,2,26786.94,0.2
1601,641,14,1,112855.44,0.2
1602,642,95,4,74013.57,0.1
1603,642,48,4,18316.15,0.0
1604,642,32,2,58569.82,0.15
1605,642,45,2,16072.3,0.15
1606,643,26,4,40496.99,0.2
1607,643,88,2,44854.54,0.1
1608,643,100,1,56950.77,0.0
1609,643,9,1,57045.2,0.2
1610,644,72,3,18167.14,0.15
1611,644,34,1,84343.9,0.2
1612,645,5,1,55610.54,0.0
1613,645,93,1,34199.76,0.1
1614,645,7,4,47293.79,0.1
1615,645,21,4,33408.11,0.05
1616,646,3,4,26786.94,0.2
1617,646,48,2,18316.15,0.0
1618,647,60,2,48163.29,0.0
1619,647,33,2,67830.72,0.05
1620,648,8,3,77134.84,0.2
1621,648,12,1,43161.08,0.0
1622,648,94,3,24440.89,0.1
1623,649,81,1,6985.99,0.0
1624,649,94,2,24440.89,0.05
1625,649,54,2,47164.35,0.1
1626,649,55,3,11698.2,0.0
1627,650,79,4,71983.06,0.05
1628,650,62,3,77931.24,0.1
1629,650,44,2,29062.01,0.0
1630,650,30,3,59827.04,0.1
1631,651,49,3,1098.73,0.15
1632,651,7,1,47293.79,0.05
1633,652,20,4,65645.52,0.0
1634,652,74,4,65143.62,0.1
1635,652,87,1,3831.22,0.15
1636,653,11,1,29179.55,0.0
1637,654,10,1,62096.2,0.05
1638,654,9,3,57045.2,0.2
1639,654,80,1,50304.69,0.05
1640,654,32,1,58569.82,0.05
1641,655,33,3,67830.72,0.15
1642,655,2,1,9643.31,0.1
1643,655,98,1,107440.65,0.05
1644,656,44,1,29062.01,0.15
1645,656,80,3,50304.69,0.0
1646,656,71,2,98217.13,0.15
1647,657,15,2,45459.24,0.05
1648,657,81,3,6985.99,0.2
1649,657,56,1,35450.02,0.15
1650,657,61,3,59250.67,0.2
1651,658,21,2,33408.11,0.0
1652,658,85,3,33117.32,0.0
1653,658,94,3,24440.89,0.2
1654,659,41,3,34056.89,0.05
1655,660,10,1,62096.2,0.2
1656,660,85,1,33117.32,0.15
1657,661,89,3,41133.84,0.1
1658,662,51,1,90551.07,0.0
1659,662,58,2,16793.42,0.0
1660,662,23,3,78220.4,0.15
1661,663,7,4,47293.79,0.0
1662,664,95,3,74013.57,0.0
1663,665,49,4,1098.73,0.05
1664,665,28,3,24101.49,0.2
1665,665,70,2,8288.85,0.15
1666,666,3,1,26786.94,0.15
1667,666,8,3,77134.84,0.15
1668,666,25,4,48553.67,0.1
1669,667,46,2,83137.14,0.05
1670,667,37,1,32224.91,0.1
1671,667,19,1,73662.65,0.1
1672,668,36,3,94947.11,0.2
1673,668,34,3,84343.9,0.2
1674,668,53,1,8406.45,0.15
1675,668,57,1,74958.5,0.2
1676,669,89,3,41133.84,0.2
1677,669,81,2,6985.99,0.15
1678,669,30,2,59827.04,0.2
1679,669,91,2,68165.0,0.0
1680,670,53,3,8406.45,0.0
1681,671,19,3,73662.65,0.1
1682,671,35,1,64616.75,0.0
1683,671,75,1,44857.53,0.05
1684,671,83,3,70278.9,0.0
1685,672,38,3,46602.83,0.2
1686,672,16,1,64465.1,0.15
1687,672,20,1,65645.52,0.0
1688,673,11,3,29179.55,0.15
1689,673,70,2,8288.85,0.15
1690,673,51,1,90551.07,0.05
1691,674,46,3,83137.14,0.2
1692,675,68,1,54854.09,0.2
1693,675,83,1,70278.9,0.2
1694,675,80,3,50304.69,0.0
1695,676,14,1,112855.44,0.1
1696,676,59,1,17097.25,0.15
1697,676,89,4,41133.84,0.1
1698,677,78,1,61027.77,0.1
1699,677,33,3,67830.72,0.05
1700,677,40,4,54298.36,0.1
1701,678,90,4,62376.77,0.15
1702,679,4,4,41953.2,0.0
1703,679,53,2,8406.45,0.15
1704,679,12,4,43161.08,0.15
1705,680,90,1,62376.77,0.0
1706,680,4,2,41953.2,0.15
1707,680,3,1,26786.94,0.1
1708,680,33,3,67830.72,0.05
1709,681,21,4,33408.11,0.1
1710,681,50,4,32078.35,0.1
1711,681,30,4,59827.04,0.05
1712,682,36,1,94947.11,0.15
1713,683,57,4,74958.5,0.15
1714,683,57,3,74958.5,0.05
1715,683,94,2,24440.89,0.1
1716,683,49,1,1098.73,0.15
1717,684,57,1,74958.5,0.1
1718,684,68,4,54854.09,0.1
1719,684,18,2,25661.34,0.2
1720,684,67,3,28223.22,0.2
1721,685,87,4,3831.22,0.05
1722,686,32,2,58569.82,0.15
1723,686,18,1,25661.34,0.2
1724,686,35,2,64616.75,0.0
1725,686,28,1,24101.49,0.1
1726,687,59,1,17097.25,0.15
1727,687,87,4,3831.22,0.0
1728,688,60,2,48163.29,0.05
1729,688,13,3,21788.6,0.15
1730,688,32,3,58569.82,0.2
1731,689,69,3,38273.87,0.2
1732,689,34,3,84343.9,0.15
1733,690,59,1,17097.25,0.0
1734,690,70,3,8288.85,0.0
1735,690,33,4,67830.72,0.2
1736,690,65,1,11138.22,0.15
1737,691,40,1,54298.36,0.0
1738,691,14,3,112855.44,0.0
1739,691,38,4,46602.83,0.0
1740,691,45,2,16072.3,0.2
1741,692,1,4,17791.55,0.15
1742,692,90,1,62376.77,0.2
1743,692,53,3,8406.45,0.0
1744,692,4,4,41953.2,0.15
1745,693,87,2,3831.22,0.2
1746,693,86,3,36743.45,0.1
1747,693,2,1,9643.31,0.15
1748,693,17,3,3060.67,0.15
1749,694,37,3,32224.91,0.0
1750,694,51,4,90551.07,0.1
1751,694,73,1,29426.0,0.05
1752,694,43,2,68409.25,0.0
1753,695,62,3,77931.24,0.1
1754,696,2,4,9643.31,0.2
1755,696,66,1,75655.91,0.0
1756,697,92,3,50328.36,0.05
1757,697,53,4,8406.45,0.15
1758,697,46,3,83137.14,0.05
1759,698,30,2,59827.04,0.0
1760,698,96,1,57246.92,0.0
1761,698,4,2,41953.2,0.0
1762,699,29,1,26756.43,0.2
1763,700,14,1,112855.44,0.1
1764,701,87,2,3831.22,0.2
1765,701,49,1,1098.73,0.15
1766,701,93,1,34199.76,0.05
1767,702,67,3,28223.22,0.2
1768,702,56,1,35450.02,0.05
1769,702,52,1,88567.93,0.0
1770,703,21,3,33408.11,0.2
1771,704,57,4,74958.5,0.1
1772,705,69,3,38273.87,0.1
1773,706,97,1,57944.43,0.1
1774,706,55,1,11698.2,0.2
1775,706,94,3,24440.89,0.05
1776,707,95,3,74013.57,0.2
1777,708,53,2,8406.45,0.2
1778,708,44,4,29062.01,0.15
1779,708,15,4,45459.24,0.0
1780,709,27,3,45811.61,0.0
1781,709,88,3,44854.54,0.0
1782,710,14,4,112855.44,0.15
1783,710,40,1,54298.36,0.05
1784,711,70,3,8288.85,0.2
1785,711,25,4,48553.67,0.0
1786,711,98,1,107440.65,0.05
1787,712,65,1,11138.22,0.05
1788,712,3,2,26786.94,0.2
1789,712,25,2,48553.67,0.0
1790,713,75,4,44857.53,0.1
1791,713,87,2,3831.22,0.2
1792,713,93,3,34199.76,0.2
1793,714,86,4,36743.45,0.2
1794,714,8,4,77134.84,0.15
1795,714,73,3,29426.0,0.0
1796,714,12,4,43161.08,0.0
1797,715,8,3,77134.84,0.1
1798,715,70,1,8288.85,0.1
1799,715,48,3,18316.15,0.1
1800,715,65,2,11138.22,0.0
1801,716,86,2,36743.45,0.15
1802,716,7,3,47293.79,0.05
1803,716,53,2,8406.45,0.0
1804,716,84,1,20609.39,0.2
1805,717,45,4,16072.3,0.05
1806,717,53,3,8406.45,0.05
1807,717,50,3,32078.35,0.1
1808,718,91,4,68165.0,0.2
1809,718,5,3,55610.54,0.2
1810,719,88,3,44854.54,0.0
1811,720,82,4,75348.3,0.15
1812,720,82,2,75348.3,0.15
1813,720,42,4,32167.57,0.2
1814,721,52,3,88567.93,0.2
1815,722,37,1,32224.91,0.15
1816,722,26,1,40496.99,0.15
1817,722,88,4,44854.54,0.05
1818,722,51,4,90551.07,0.2
1819,723,73,4,29426.0,0.2
1820,723,11,1,29179.55,0.2
1821,723,79,4,71983.06,0.2
1822,723,66,4,75655.91,0.15
1823,724,100,4,56950.77,0.2
1824,725,14,2,112855.44,0.15
1825,725,55,3,11698.2,0.05
1826,725,52,2,88567.93,0.0
1827,725,54,1,47164.35,0.2
1828,726,6,3,11835.67,0.1
1829,727,48,1,18316.15,0.2
1830,727,30,1,59827.04,0.05
1831,727,62,1,77931.24,0.05
1832,728,24,2,35138.54,0.2
1833,729,44,1,29062.01,0.1
1834,729,63,4,74324.62,0.15
1835,730,7,4,47293.79,0.05
1836,730,79,4,71983.06,0.15
1837,730,72,2,18167.14,0.1
1838,731,6,1,11835.67,0.2
1839,731,7,3,47293.79,0.1
1840,731,86,3,36743.45,0.0
1841,732,29,1,26756.43,0.15
1842,732,87,4,3831.22,0.2
1843,733,50,2,32078.35,0.2
1844,733,35,4,64616.75,0.0
1845,733,28,1,24101.49,0.2
1846,733,66,2,75655.91,0.05
1847,734,11,2,29179.55,0.2
1848,734,41,1,34056.89,0.15
1849,734,35,3,64616.75,0.2
1850,734,16,4,64465.1,0.05
1851,735,36,3,94947.11,0.15
1852,736,53,2,8406.45,0.15
1853,736,68,3,54854.09,0.0
1854,736,9,2,57045.2,0.15
1855,737,88,2,44854.54,0.0
1856,737,88,4,44854.54,0.2
1857,737,70,3,8288.85,0.0
1858,738,93,2,34199.76,0.0
1859,738,43,2,68409.25,0.1
1860,739,83,4,70278.9,0.0
1861,739,73,3,29426.0,0.0
1862,739,57,1,74958.5,0.0
1863,740,18,4,25661.34,0.05
1864,740,56,3,35450.02,0.1
1865,740,91,2,68165.0,0.0
1866,740,99,4,9464.47,0.0
1867,741,45,4,16072.3,0.15
1868,741,25,4,48553.67,0.05
1869,741,75,2,44857.53,0.15
1870,741,8,4,77134.84,0.2
1871,742,16,4,64465.1,0.0
1872,742,57,4,74958.5,0.2
1873,742,100,3,56950.77,0.15
1874,742,33,2,67830.72,0.2
1875,743,45,1,16072.3,0.1
1876,743,33,4,67830.72,0.0
1877,743,45,3,16072.3,0.2
1878,744,1,4,17791.55,0.1
1879,744,60,3,48163.29,0.0
1880,745,60,3,48163.29,0.0
1881,745,32,1,58569.82,0.05
1882,745,27,2,45811.61,0.05
1883,745,77,3,78913.67,0.1
1884,746,19,1,73662.65,0.1
1885,746,5,1,55610.54,0.2
1886,747,5,3,55610.54,0.2
1887,747,89,1,41133.84,0.15
1888,747,37,3,32224.91,0.15
1889,748,11,2,29179.55,0.2
1890,748,88,2,44854.54,0.05
1891,749,15,1,45459.24,0.1
1892,749,34,2,84343.9,0.15
1893,750,3,3,26786.94,0.05
1894,751,68,3,54854.09,0.2
1895,751,70,2,8288.85,0.05
1896,751,76,1,61617.55,0.0
1897,751,27,4,45811.61,0.05
1898,752,33,4,67830.72,0.2
1899,753,94,4,24440.89,0.05
1900,754,83,2,70278.9,0.05
1901,754,4,3,41953.2,0.2
1902,754,70,1,8288.85,0.0
1903,754,82,4,75348.3,0.0
1904,755,56,1,35450.02,0.2
1905,755,64,2,6802.82,0.05
1906,755,1,4,17791.55,0.0
1907,756,4,3,41953.2,0.1
1908,756,4,4,41953.2,0.15
1909,757,16,2,64465.1,0.15
1910,757,100,1,56950.77,0.0
1911,757,64,1,6802.82,0.05
1912,758,79,1,71983.06,0.15
1913,758,30,1,59827.04,0.15
1914,759,94,2,24440.89,0.15
1915,760,20,1,65645.52,0.05
1916,760,91,1,68165.0,0.2
1917,760,4,2,41953.2,0.0
1918,761,3,3,26786.94,0.2
1919,762,8,3,77134.84,0.2
1920,762,80,1,50304.69,0.15
1921,762,26,4,40496.99,0.1
1922,763,46,3,83137.14,0.05
1923,763,48,2,18316.15,0.1
1924,763,79,2,71983.06,0.0
1925,763,35,4,64616.75,0.05
1926,764,1,2,17791.55,0.15
1927,764,39,1,21356.09,0.1
1928,764,29,2,26756.43,0.1
1929,764,74,1,65143.62,0.1
1930,765,76,1,61617.55,0.0
1931,765,10,2,62096.2,0.2
1932,766,80,1,50304.69,0.2
1933,766,8,2,77134.84,0.05
1934,766,62,1,77931.24,0.05
1935,766,39,3,21356.09,0.15
1936,767,31,1,58504.05,0.0
1937,767,49,1,1098.73,0.0
1938,767,32,4,58569.82,0.2
1939,768,80,1,50304.69,0.0
1940,768,97,2,57944.43,0.1
1941,769,82,3,75348.3,0.2
1942,770,44,2,29062.01,0.15
1943,770,51,2,90551.07,0.05
1944,771,45,1,16072.3,0.0
1945,771,80,2,50304.69,0.15
1946,771,56,4,35450.02,0.1
1947,772,47,3,66318.14,0.2
1948,772,41,4,34056.89,0.15
1949,772,38,3,46602.83,0.0
1950,772,56,4,35450.02,0.05
1951,773,69,2,38273.87,0.15
1952,774,44,3,29062.01,0.15
1953,774,81,3,6985.99,0.15
1954,774,83,4,70278.9,0.05
1955,775,43,3,68409.25,0.05
1956,775,91,2,68165.0,0.05
1957,775,18,1,25661.34,0.15
1958,775,94,4,24440.89,0.0
1959,776,30,2,59827.04,0.2
1960,776,57,4,74958.5,0.05
1961,776,29,3,26756.43,0.1
1962,776,45,1,16072.3,0.05
1963,777,35,3,64616.75,0.1
1964,777,71,2,98217.13,0.15
1965,778,9,1,57045.2,0.0
1966,779,84,2,20609.39,0.1
1967,779,91,3,68165.0,0.0
1968,780,57,1,74958.5,0.0
1969,780,55,3,11698.2,0.15
1970,780,70,4,8288.85,0.1
1971,780,20,1,65645.52,0.15
1972,781,75,1,44857.53,0.05
1973,781,22,1,101373.13,0.05
1974,781,68,3,54854.09,0.1
1975,781,31,4,58504.05,0.0
1976,782,75,4,44857.53,0.2
1977,782,80,1,50304.69,0.05
1978,782,21,2,33408.11,0.15
1979,783,62,1,77931.24,0.0
1980,784,50,2,32078.35,0.15
1981,785,30,2,59827.04,0.05
1982,785,59,3,17097.25,0.05
1983,786,100,4,56950.77,0.1
1984,786,1,4,17791.55,0.0
1985,786,96,1,57246.92,0.0
1986,787,86,1,36743.45,0.15
1987,788,53,2,8406.45,0.05
1988,788,62,2,77931.24,0.1
1989,788,37,2,32224.91,0.15
1990,789,13,3,21788.6,0.15
1991,789,58,3,16793.42,0.15
1992,789,82,4,75348.3,0.2
1993,790,24,3,35138.54,0.15
1994,791,72,2,18167.14,0.05
1995,792,75,1,44857.53,0.05
1996,792,76,2,61617.55,0.2
1997,793,35,4,64616.75,0.1
1998,793,40,4,54298.36,0.1
1999,793,42,2,32167.57,0.2
2000,794,86,1,36743.45,0.05
2001,794,91,1,68165.0,0.05
2002,794,42,1,32167.57,0.0
2003,794,97,3,57944.43,0.0
2004,795,58,3,16793.42,0.15
2005,795,39,3,21356.09,0.1
2006,796,1,1,17791.55,0.05
2007,796,62,2,77931.24,0.05
2008,797,65,1,11138.22,0.15
2009,797,97,2,57944.43,0.0
2010,797,72,3,18167.14,0.15
2011,797,3,2,26786.94,0.2
2012,798,57,3,74958.5,0.1
2013,798,75,2,44857.53,0.1
2014,799,50,3,32078.35,0.1
2015,799,43,2,68409.25,0.0
2016,800,81,2,6985.99,0.15
2017,800,62,1,77931.24,0.05
2018,801,69,3,38273.87,0.1
2019,802,47,4,66318.14,0.0
2020,802,28,3,24101.49,0.2
2021,803,52,3,88567.93,0.05
2022,803,96,4,57246.92,0.0
2023,803,61,1,59250.67,0.15
2024,804,71,4,98217.13,0.2
2025,804,13,1,21788.6,0.1
2026,804,99,3,9464.47,0.0
2027,804,25,4,48553.67,0.2
2028,805,98,4,107440.65,0.05
2029,805,45,2,16072.3,0.05
2030,805,92,4,50328.36,0.15
2031,806,90,3,62376.77,0.05
2032,806,76,1,61617.55,0.0
2033,806,92,1,50328.36,0.15
2034,806,61,4,59250.67,0.05
2035,807,85,4,33117.32,0.2
2036,807,18,4,25661.34,0.0
2037,807,8,2,77134.84,0.2
2038,808,55,2,11698.2,0.15
2039,809,81,4,6985.99,0.05
2040,809,77,1,78913.67,0.1
2041,810,53,4,8406.45,0.2
2042,810,53,3,8406.45,0.0
2043,810,61,3,59250.67,0.2
2044,810,87,2,3831.22,0.1
2045,811,85,4,33117.32,0.2
2046,812,11,3,29179.55,0.05
2047,812,60,1,48163.29,0.15
2048,812,39,3,21356.09,0.2
2049,812,80,4,50304.69,0.05
2050,813,51,1,90551.07,0.0
2051,813,100,3,56950.77,0.05
2052,813,44,1,29062.01,0.1
2053,814,68,3,54854.09,0.15
2054,814,11,4,29179.55,0.1
2055,815,94,2,24440.89,0.2
2056,815,16,1,64465.1,0.1
2057,815,38,1,46602.83,0.15
2058,815,84,3,20609.39,0.2
2059,816,97,4,57944.43,0.2
2060,816,49,2,1098.73,0.05
2061,816,49,4,1098.73,0.05
2062,816,5,2,55610.54,0.15
2063,817,98,1,107440.65,0.1
2064,818,2,3,9643.31,0.1
2065,819,3,4,26786.94,0.15
2066,819,48,2,18316.15,0.15
2067,819,1,4,17791.55,0.2
2068,820,17,3,3060.67,0.05
2069,820,63,2,74324.62,0.15
2070,820,71,3,98217.13,0.05
2071,820,30,2,59827.04,0.2
2072,821,80,1,50304.69,0.0
2073,822,61,4,59250.67,0.15
2074,822,23,2,78220.4,0.0
2075,822,72,3,18167.14,0.2
2076,823,60,3,48163.29,0.2
2077,824,82,1,75348.3,0.2
2078,824,16,3,64465.1,0.15
2079,824,24,2,35138.54,0.1
2080,825,31,3,58504.05,0.05
2081,825,35,2,64616.75,0.2
2082,825,89,4,41133.84,0.1
2083,826,74,1,65143.62,0.2
2084,827,55,1,11698.2,0.15
2085,827,55,2,11698.2,0.15
2086,827,89,1,41133.84,0.05
2087,828,45,1,16072.3,0.1
2088,828,23,3,78220.4,0.1
2089,828,14,4,112855.44,0.15
2090,828,34,3,84343.9,0.15
2091,829,66,2,75655.91,0.0
2092,829,48,4,18316.15,0.05
2093,829,43,2,68409.25,0.0
2094,829,49,1,1098.73,0.1
2095,830,98,4,107440.65,0.15
2096,831,100,3,56950.77,0.05
2097,832,17,2,3060.67,0.15
2098,833,12,3,43161.08,0.0
2099,833,25,3,48553.67,0.2
2100,834,86,1,36743.45,0.15
2101,835,46,1,83137.14,0.15
2102,835,87,3,3831.22,0.15
2103,835,65,1,11138.22,0.05
2104,835,56,3,35450.02,0.2
2105,836,29,2,26756.43,0.15
2106,836,35,1,64616.75,0.0
2107,836,15,3,45459.24,0.2
2108,836,52,2,88567.93,0.15
2109,837,29,2,26756.43,0.05
2110,837,30,1,59827.04,0.2
2111,837,4,3,41953.2,0.05
2112,837,80,4,50304.69,0.15
2113,838,94,3,24440.89,0.15
2114,839,50,1,32078.35,0.2
2115,840,54,4,47164.35,0.1
2116,840,93,1,34199.76,0.2
2117,840,52,2,88567.93,0.05
2118,840,63,1,74324.62,0.2
2119,841,43,4,68409.25,0.05
2120,841,52,1,88567.93,0.2
2121,842,53,3,8406.45,0.15
2122,842,72,1,18167.14,0.15
2123,842,61,1,59250.67,0.0
2124,843,51,3,90551.07,0.1
2125,843,8,4,77134.84,0.0
2126,843,91,1,68165.0,0.2
2127,843,89,1,41133.84,0.05
2128,844,19,2,73662.65,0.2
2129,845,30,4,59827.04,0.2
2130,846,98,1,107440.65,0.0
2131,847,33,1,67830.72,0.15
2132,848,82,2,75348.3,0.05
2133,849,79,2,71983.06,0.0
2134,849,87,1,3831.22,0.05
2135,849,2,3,9643.31,0.1
2136,849,49,3,1098.73,0.2
2137,850,57,1,74958.5,0.15
2138,850,84,3,20609.39,0.05
2139,850,23,1,78220.4,0.05
2140,851,31,3,58504.05,0.05
2141,851,18,2,25661.34,0.15
2142,851,77,1,78913.67,0.1
2143,851,100,1,56950.77,0.0
2144,852,15,4,45459.24,0.0
2145,852,24,3,35138.54,0.0
2146,852,31,3,58504.05,0.2
2147,852,89,1,41133.84,0.1
2148,853,45,1,16072.3,0.1
2149,853,29,1,26756.43,0.15
2150,853,33,2,67830.72,0.0
2151,853,60,2,48163.29,0.0
2152,854,39,4,21356.09,0.05
2153,855,15,4,45459.24,0.05
2154,855,83,2,70278.9,0.15
2155,856,43,2,68409.25,0.2
2156,856,26,2,40496.99,0.15
2157,856,73,3,29426.0,0.2
2158,856,75,3,44857.53,0.1
2159,857,16,3,64465.1,0.05
2160,858,8,1,77134.84,0.05
2161,859,5,2,55610.54,0.0
2162,859,77,4,78913.67,0.2
2163,859,63,2,74324.62,0.15
2164,860,80,1,50304.69,0.15
2165,860,63,1,74324.62,0.05
2166,860,41,1,34056.89,0.15
2167,860,59,4,17097.25,0.05
2168,861,73,1,29426.0,0.1
2169,861,40,3,54298.36,0.15
2170,861,92,2,50328.36,0.2
2171,861,90,1,62376.77,0.1
2172,862,81,4,6985.99,0.15
2173,862,100,3,56950.77,0.1
2174,862,40,4,54298.36,0.1
2175,862,12,4,43161.08,0.2
2176,863,49,4,1098.73,0.2
2177,864,75,3,44857.53,0.05
2178,864,78,3,61027.77,0.2
2179,864,39,3,21356.09,0.1
2180,864,30,2,59827.04,0.15
2181,865,45,1,16072.3,0.1
2182,865,81,2,6985.99,0.15
2183,865,7,2,47293.79,0.2
2184,865,33,1,67830.72,0.1
2185,866,23,4,78220.4,0.15
2186,866,81,4,6985.99,0.1
2187,866,47,2,66318.14,0.15
2188,867,9,2,57045.2,0.0
2189,867,27,4,45811.61,0.15
2190,867,5,2,55610.54,0.1
2191,867,48,3,18316.15,0.1
2192,868,100,3,56950.77,0.05
2193,868,57,2,74958.5,0.15
2194,868,87,4,3831.22,0.05
2195,868,75,1,44857.53,0.0
2196,869,89,1,41133.84,0.2
2197,869,32,3,58569.82,0.1
2198,870,96,3,57246.92,0.0
2199,871,24,4,35138.54,0.05
2200,871,44,3,29062.01,0.2
2201,872,69,1,38273.87,0.05
2202,873,29,4,26756.43,0.05
2203,874,27,2,45811.61,0.1
2204,875,14,1,112855.44,0.0
2205,875,1,3,17791.55,0.1
2206,875,51,1,90551.07,0.0
2207,876,99,2,9464.47,0.2
2208,876,23,2,78220.4,0.1
2209,876,45,1,16072.3,0.05
2210,877,94,4,24440.89,0.1
2211,877,78,3,61027.77,0.0
2212,877,1,4,17791.55,0.05
2213,878,51,2,90551.07,0.0
2214,878,15,3,45459.24,0.15
2215,878,25,4,48553.67,0.2
2216,879,25,1,48553.67,0.1
2217,879,62,4,77931.24,0.0
2218,879,20,1,65645.52,0.0
2219,880,26,4,40496.99,0.2
2220,880,23,3,78220.4,0.05
2221,880,36,3,94947.11,0.05
2222,881,66,1,75655.91,0.0
2223,882,40,3,54298.36,0.15
2224,882,33,3,67830.72,0.0
2225,882,52,4,88567.93,0.2
2226,882,62,4,77931.24,0.05
2227,883,2,2,9643.31,0.0
2228,883,90,2,62376.77,0.15
2229,884,92,2,50328.36,0.05
2230,885,61,2,59250.67,0.15
2231,885,58,1,16793.42,0.0
2232,885,70,1,8288.85,0.2
2233,885,45,4,16072.3,0.05
2234,886,37,2,32224.91,0.15
2235,886,36,2,94947.11,0.2
2236,886,16,3,64465.1,0.1
2237,887,85,3,33117.32,0.05
2238,888,33,2,67830.72,0.05
2239,889,29,4,26756.43,0.15
2240,890,97,1,57944.43,0.0
2241,890,51,2,90551.07,0.0
2242,891,63,1,74324.62,0.15
2243,892,25,3,48553.67,0.0
2244,892,28,1,24101.49,0.05
2245,892,73,4,29426.0,0.15
2246,893,46,3,83137.14,0.05
2247,893,15,1,45459.24,0.2
2248,893,84,3,20609.39,0.2
2249,894,41,2,34056.89,0.0
2250,894,67,3,28223.22,0.0
2251,894,35,1,64616.75,0.2
2252,894,57,3,74958.5,0.0
2253,895,78,1,61027.77,0.1
2254,895,89,1,41133.84,0.2
2255,895,21,3,33408.11,0.1
2256,896,68,3,54854.09,0.05
2257,896,92,2,50328.36,0.0
2258,896,65,1,11138.22,0.05
2259,897,15,2,45459.24,0.1
2260,897,19,4,73662.65,0.0
2261,897,21,3,33408.11,0.1
2262,898,11,1,29179.55,0.1
2263,899,76,4,61617.55,0.05
2264,900,97,2,57944.43,0.2
2265,900,52,3,88567.93,0.2
2266,900,60,1,48163.29,0.15
2267,901,78,2,61027.77,0.1
2268,902,42,4,32167.57,0.1
2269,903,48,2,18316.15,0.0
2270,904,59,1,17097.25,0.05
2271,904,31,1,58504.05,0.0
2272,904,7,4,47293.79,0.05
2273,904,57,4,74958.5,0.1
2274,905,83,1,70278.9,0.15
2275,905,8,4,77134.84,0.05
2276,906,22,4,101373.13,0.05
2277,906,27,2,45811.61,0.15
2278,906,81,3,6985.99,0.0
2279,907,51,2,90551.07,0.0
2280,907,54,1,47164.35,0.15
2281,908,65,3,11138.22,0.1
2282,909,28,1,24101.49,0.2
2283,909,72,2,18167.14,0.15
2284,910,4,2,41953.2,0.2
2285,911,12,1,43161.08,0.15
2286,911,82,4,75348.3,0.2
2287,911,66,3,75655.91,0.0
2288,911,18,4,25661.34,0.1
2289,912,44,3,29062.01,0.2
2290,913,6,1,11835.67,0.15
2291,913,68,2,54854.09,0.1
2292,914,76,2,61617.55,0.2
2293,914,28,4,24101.49,0.05
2294,914,36,1,94947.11,0.0
2295,914,24,3,35138.54,0.15
2296,915,39,1,21356.09,0.1
2297,915,28,4,24101.49,0.0
2298,915,25,3,48553.67,0.05
2299,916,44,2,29062.01,0.0
2300,916,86,2,36743.45,0.2
2301,917,77,2,78913.67,0.2
2302,917,30,1,59827.04,0.2
2303,917,95,3,74013.57,0.0
2304,918,22,4,101373.13,0.2
2305,918,92,1,50328.36,0.1
2306,918,31,3,58504.05,0.05
2307,918,55,3,11698.2,0.15
2308,919,21,4,33408.11,0.2
2309,919,77,4,78913.67,0.1
2310,920,32,1,58569.82,0.0
2311,920,88,1,44854.54,0.2
2312,920,9,4,57045.2,0.0
2313,921,51,1,90551.07,0.0
2314,921,16,3,64465.1,0.15
2315,921,89,4,41133.84,0.15
2316,921,42,3,32167.57,0.15
2317,922,68,1,54854.09,0.2
2318,922,88,1,44854.54,0.2
2319,922,54,3,47164.35,0.0
2320,923,6,4,11835.67,0.05
2321,923,23,2,78220.4,0.15
2322,924,22,3,101373.13,0.05
2323,925,92,4,50328.36,0.15
2324,926,91,4,68165.0,0.1
2325,926,48,3,18316.15,0.1
2326,926,90,3,62376.77,0.0
2327,926,25,4,48553.67,0.15
2328,927,68,4,54854.09,0.2
2329,927,40,2,54298.36,0.2
2330,927,25,3,48553.67,0.05
2331,928,26,2,40496.99,0.15
2332,928,42,4,32167.57,0.0
2333,929,34,1,84343.9,0.15
2334,929,22,1,101373.13,0.1
2335,930,34,2,84343.9,0.2
2336,930,13,1,21788.6,0.15
2337,930,97,3,57944.43,0.0
2338,931,38,3,46602.83,0.2
2339,931,11,4,29179.55,0.15
2340,931,58,3,16793.42,0.05
2341,932,89,3,41133.84,0.05
2342,932,36,3,94947.11,0.0
2343,932,85,1,33117.32,0.05
2344,933,62,3,77931.24,0.2
2345,933,74,1,65143.62,0.2
2346,934,30,3,59827.04,0.1
2347,934,4,4,41953.2,0.05
2348,934,35,4,64616.75,0.05
2349,935,93,3,34199.76,0.2
2350,935,80,2,50304.69,0.0
2351,936,79,4,71983.06,0.15
2352,936,88,4,44854.54,0.2
2353,936,38,2,46602.83,0.2
2354,936,33,1,67830.72,0.15
2355,937,93,3,34199.76,0.2
2356,938,58,3,16793.42,0.05
2357,939,30,4,59827.04,0.2
2358,939,28,4,24101.49,0.0
2359,940,88,1,44854.54,0.0
2360,940,6,2,11835.67,0.0
2361,940,7,4,47293.79,0.15
2362,941,74,2,65143.62,0.05
2363,941,1,2,17791.55,0.15
2364,941,18,2,25661.34,0.0
2365,942,100,2,56950.77,0.15
2366,942,43,3,68409.25,0.05
2367,943,73,2,29426.0,0.1
2368,943,49,2,1098.73,0.0
2369,943,10,2,62096.2,0.2
2370,943,19,1,73662.65,0.05
2371,944,77,4,78913.67,0.15
2372,944,10,4,62096.2,0.1
2373,945,60,2,48163.29,0.1
2374,946,35,1,64616.75,0.1
2375,947,38,3,46602.83,0.0
2376,947,96,3,57246.92,0.2
2377,947,61,3,59250.67,0.15
2378,947,62,3,77931.24,0.05
2379,948,36,3,94947.11,0.0
2380,949,39,1,21356.09,0.2
2381,949,69,1,38273.87,0.05
2382,949,4,1,41953.2,0.2
2383,949,24,1,35138.54,0.15
2384,950,61,4,59250.67,0.2
2385,950,63,3,74324.62,0.15
2386,951,10,3,62096.2,0.0
2387,952,79,3,71983.06,0.0
2388,952,55,1,11698.2,0.05
2389,953,24,1,35138.54,0.1
2390,953,76,4,61617.55,0.15
2391,953,100,2,56950.77,0.2
2392,954,43,3,68409.25,0.0
2393,954,29,4,26756.43,0.15
2394,955,30,1,59827.04,0.0
2395,955,60,4,48163.29,0.1
2396,955,5,3,55610.54,0.0
2397,955,49,2,1098.73,0.05
2398,956,3,2,26786.94,0.15
2399,956,4,1,41953.2,0.15
2400,956,44,1,29062.01,0.2
2401,957,75,1,44857.53,0.1
2402,957,89,4,41133.84,0.05
2403,958,9,1,57045.2,0.2
2404,958,25,2,48553.67,0.2
2405,958,43,1,68409.25,0.2
2406,959,58,2,16793.42,0.15
2407,959,99,1,9464.47,0.15
2408,959,69,2,38273.87,0.0
2409,959,54,3,47164.35,0.1
2410,960,7,4,47293.79,0.1
2411,960,9,2,57045.2,0.05
2412,961,16,3,64465.1,0.0
2413,962,67,3,28223.22,0.05
2414,962,34,4,84343.9,0.2
2415,963,25,4,48553.67,0.2
2416,963,68,1,54854.09,0.15
2417,963,82,3,75348.3,0.0
2418,963,44,4,29062.01,0.15
2419,964,89,2,41133.84,0.0
2420,965,74,3,65143.62,0.15
2421,965,72,2,18167.14,0.0
2422,965,87,2,3831.22,0.05
2423,965,19,1,73662.65,0.0
2424,966,76,1,61617.55,0.2
2425,966,96,3,57246.92,0.1
2426,966,100,4,56950.77,0.2
2427,967,58,3,16793.42,0.0
2428,967,76,1,61617.55,0.15
2429,967,89,1,41133.84,0.1
2430,968,86,3,36743.45,0.1
2431,968,90,1,62376.77,0.2
2432,969,84,3,20609.39,0.0
2433,969,39,4,21356.09,0.2
2434,969,74,1,65143.62,0.0
2435,969,42,3,32167.57,0.05
2436,970,81,4,6985.99,0.0
2437,971,82,2,75348.3,0.1
2438,971,94,4,24440.89,0.1
2439,972,59,4,17097.25,0.15
2440,972,48,2,18316.15,0.15
2441,973,17,2,3060.67,0.15
2442,973,64,3,6802.82,0.2
2443,974,57,3,74958.5,0.1
2444,974,52,2,88567.93,0.0
2445,975,68,1,54854.09,0.0
2446,976,86,3,36743.45,0.05
2447,977,15,1,45459.24,0.15
2448,978,44,1,29062.01,0.0
2449,978,73,1,29426.0,0.2
2450,978,82,2,75348.3,0.2
2451,979,78,1,61027.77,0.0
2452,979,80,2,50304.69,0.15
2453,980,86,1,36743.45,0.1
2454,980,97,2,57944.43,0.1
2455,980,61,4,59250.67,0.15
2456,981,25,2,48553.67,0.1
2457,981,57,3,74958.5,0.05
2458,981,71,1,98217.13,0.1
2459,982,11,1,29179.55,0.0
2460,982,76,4,61617.55,0.05
2461,982,55,3,11698.2,0.2
2462,983,94,1,24440.89,0.0
2463,983,22,3,101373.13,0.1
2464,983,91,1,68165.0,0.05
2465,984,45,1,16072.3,0.1
2466,984,58,2,16793.42,0.05
2467,984,67,3,28223.22,0.1
2468,985,58,3,16793.42,0.1
2469,985,91,4,68165.0,0.15
2470,985,17,1,3060.67,0.05
2471,986,73,1,29426.0,0.1
2472,986,98,3,107440.65,0.15
2473,986,23,4,78220.4,0.15
2474,987,26,3,40496.99,0.1
2475,987,48,3,18316.15,0.05
2476,987,73,1,29426.0,0.1
2477,988,96,4,57246.92,0.1
2478,988,80,4,50304.69,0.2
2479,989,80,3,50304.69,0.05
2480,990,45,2,16072.3,0.05
2481,990,65,3,11138.22,0.15
2482,990,22,3,101373.13,0.15
2483,990,47,4,66318.14,0.1
2484,991,19,1,73662.65,0.0
2485,991,3,3,26786.94,0.15
2486,992,86,3,36743.45,0.15
2487,992,81,2,6985.99,0.2
2488,992,52,4,88567.93,0.1
2489,993,2,1,9643.31,0.1
2490,994,10,1,62096.2,0.05
2491,994,12,4,43161.08,0.1
2492,995,72,1,18167.14,0.0
2493,995,21,2,33408.11,0.1
2494,995,26,2,40496.99,0.15
2495,996,87,3,3831.22,0.15
2496,996,88,1,44854.54,0.15
2497,996,77,2,78913.67,0.2
2498,997,31,4,58504.05,0.15
2499,997,58,2,16793.42,0.15
2500,997,21,3,33408.11,0.1
2501,998,86,4,36743.45,0.15
2502,998,9,3,57045.2,0.15
2503,999,75,4,44857.53,0.1
2504,999,52,4,88567.93,0.1
2505,999,76,3,61617.55,0.15
2506,999,46,4,83137.14,0.05
2507,1000,16,3,64465.1,0.05
2508,1000,76,4,61617.55,0.1
2509,1000,64,3,6802.82,0.15
2510,1001,47,2,66318.14,0.1
2511,1001,38,3,46602.83,0.0
2512,1001,35,2,64616.75,0.2
2513,1001,49,2,1098.73,0.1
2514,1002,27,2,45811.61,0.1
2515,1002,29,2,26756.43,0.2
2516,1002,28,2,24101.49,0.1
2517,1003,2,3,9643.31,0.0
2518,1003,93,2,34199.76,0.2
2519,1003,24,2,35138.54,0.05
2520,1004,17,1,3060.67,0.2
2521,1004,16,2,64465.1,0.1
2522,1004,99,2,9464.47,0.05
2523,1004,48,4,18316.15,0.05
2524,1005,33,2,67830.72,0.2
2525,1006,41,1,34056.89,0.2
2526,1006,9,2,57045.2,0.0
2527,1006,32,3,58569.82,0.2
2528,1006,25,1,48553.67,0.2
2529,1007,81,1,6985.99,0.15
2530,1007,6,2,11835.67,0.0
2531,1007,43,2,68409.25,0.1
2532,1007,80,2,50304.69,0.1
2533,1008,84,1,20609.39,0.0
2534,1008,52,3,88567.93,0.2
2535,1008,23,1,78220.4,0.15
2536,1009,34,3,84343.9,0.0
2537,1009,23,3,78220.4,0.05
2538,1009,67,1,28223.22,0.2
2539,1010,30,2,59827.04,0.1
2540,1010,64,1,6802.82,0.1
2541,1010,66,3,75655.91,0.0
2542,1011,94,2,24440.89,0.0
2543,1011,38,2,46602.83,0.2
2544,1012,97,1,57944.43,0.2
2545,1012,41,2,34056.89,0.0
2546,1012,69,2,38273.87,0.1
2547,1012,67,1,28223.22,0.15
2548,1013,82,4,75348.3,0.2
2549,1014,47,2,66318.14,0.1
2550,1014,80,1,50304.69,0.2
2551,1015,36,3,94947.11,0.0
2552,1015,50,2,32078.35,0.0
2553,1015,50,2,32078.35,0.1
2554,1016,71,3,98217.13,0.05
2555,1016,62,1,77931.24,0.15
2556,1016,8,3,77134.84,0.05
2557,1016,81,1,6985.99,0.1
2558,1017,76,1,61617.55,0.1
2559,1017,11,1,29179.55,0.2
2560,1018,97,1,57944.43,0.0
2561,1018,67,2,28223.22,0.1
2562,1019,9,4,57045.2,0.05
2563,1020,50,4,32078.35,0.0
2564,1021,84,1,20609.39,0.2
2565,1022,28,4,24101.49,0.2
2566,1023,94,3,24440.89,0.0
2567,1023,42,3,32167.57,0.15
2568,1023,23,4,78220.4,0.15
2569,1023,36,2,94947.11,0.15
2570,1024,53,2,8406.45,0.1
2571,1024,69,3,38273.87,0.05
2572,1024,93,3,34199.76,0.0
2573,1024,20,3,65645.52,0.0
2574,1025,97,1,57944.43,0.0
2575,1025,53,4,8406.45,0.1
2576,1025,13,2,21788.6,0.0
2577,1025,93,4,34199.76,0.15
2578,1026,35,2,64616.75,0.15
2579,1027,63,1,74324.62,0.05
2580,1028,70,4,8288.85,0.0
2581,1028,2,3,9643.31,0.1
2582,1029,23,1,78220.4,0.2
2583,1029,69,1,38273.87,0.05
2584,1029,33,1,67830.72,0.2
2585,1030,1,1,17791.55,0.05
2586,1030,3,4,26786.94,0.0
2587,1031,83,1,70278.9,0.15
2588,1031,16,1,64465.1,0.2
2589,1032,11,4,29179.55,0.2
2590,1033,57,4,74958.5,0.2
2591,1033,12,1,43161.08,0.0
2592,1033,66,3,75655.91,0.0
2593,1034,55,3,11698.2,0.1
2594,1034,65,3,11138.22,0.2
2595,1035,50,2,32078.35,0.2
2596,1036,78,4,61027.77,0.05
2597,1036,65,4,11138.22,0.05
2598,1036,42,3,32167.57,0.15
2599,1037,2,4,9643.31,0.2
2600,1037,28,1,24101.49,0.0
2601,1037,14,3,112855.44,0.2
2602,1037,2,4,9643.31,0.2
2603,1038,28,3,24101.49,0.0
2604,1039,21,4,33408.11,0.2
2605,1039,8,2,77134.84,0.15
2606,1040,32,4,58569.82,0.2
2607,1040,51,4,90551.07,0.05
2608,1040,18,3,25661.34,0.2
2609,1040,28,3,24101.49,0.0
2610,1041,3,3,26786.94,0.0
2611,1041,6,2,11835.67,0.1
2612,1041,16,3,64465.1,0.15
2613,1042,46,4,83137.14,0.0
2614,1042,67,1,28223.22,0.05
2615,1042,79,1,71983.06,0.05
2616,1042,63,2,74324.62,0.0
2617,1043,62,2,77931.24,0.0
2618,1043,94,3,24440.89,0.0
2619,1044,26,2,40496.99,0.2
2620,1044,80,3,50304.69,0.2
2621,1045,94,1,24440.89,0.15
2622,1045,57,2,74958.5,0.15
2623,1045,85,3,33117.32,0.0
2624,1046,14,2,112855.44,0.0
2625,1047,88,3,44854.54,0.05
2626,1048,57,3,74958.5,0.2
2627,1048,23,2,78220.4,0.1
2628,1048,7,2,47293.79,0.2
2629,1049,72,4,18167.14,0.05
2630,1049,44,4,29062.01,0.05
2631,1049,32,1,58569.82,0.2
2632,1050,40,3,54298.36,0.1
2633,1051,100,2,56950.77,0.15
2634,1051,43,1,68409.25,0.15
2635,1051,8,3,77134.84,0.15
2636,1052,28,1,24101.49,0.15
2637,1052,15,2,45459.24,0.2
2638,1053,69,3,38273.87,0.1
2639,1053,81,4,6985.99,0.05
2640,1053,85,2,33117.32,0.1
2641,1054,64,4,6802.82,0.05
2642,1054,77,4,78913.67,0.0
2643,1054,42,2,32167.57,0.05
2644,1054,63,1,74324.62,0.1
2645,1055,11,3,29179.55,0.1
2646,1056,54,1,47164.35,0.05
2647,1056,56,4,35450.02,0.15
2648,1056,4,2,41953.2,0.05
2649,1056,55,4,11698.2,0.15
2650,1057,73,3,29426.0,0.05
2651,1057,37,2,32224.91,0.2
2652,1058,55,4,11698.2,0.15
2653,1058,29,4,26756.43,0.1
2654,1058,28,4,24101.49,0.1
2655,1058,13,1,21788.6,0.15
2656,1059,33,2,67830.72,0.1
2657,1059,81,4,6985.99,0.2
2658,1060,94,4,24440.89,0.0
2659,1060,64,2,6802.82,0.2
2660,1061,63,1,74324.62,0.2
2661,1061,62,2,77931.24,0.05
2662,1061,48,3,18316.15,0.05
2663,1061,43,3,68409.25,0.2
2664,1062,63,4,74324.62,0.1
2665,1062,79,1,71983.06,0.15
2666,1062,42,2,32167.57,0.0
2667,1063,57,2,74958.5,0.1
2668,1064,48,4,18316.15,0.15
2669,1064,29,1,26756.43,0.2
2670,1064,30,1,59827.04,0.1
2671,1065,8,2,77134.84,0.0
2672,1065,44,1,29062.01,0.1
2673,1065,72,3,18167.14,0.15
2674,1065,69,3,38273.87,0.2
2675,1066,99,3,9464.47,0.2
2676,1066,4,4,41953.2,0.15
2677,1067,77,2,78913.67,0.0
2678,1067,80,2,50304.69,0.1
2679,1067,44,2,29062.01,0.1
2680,1067,29,4,26756.43,0.1
2681,1068,36,3,94947.11,0.2
2682,1068,69,1,38273.87,0.2
2683,1068,87,3,3831.22,0.05
2684,1069,65,3,11138.22,0.2
2685,1069,52,1,88567.93,0.2
2686,1070,66,3,75655.91,0.15
2687,1071,8,3,77134.84,0.05
2688,1071,61,1,59250.67,0.15
2689,1071,5,1,55610.54,0.1
2690,1072,96,3,57246.92,0.2
2691,1073,89,3,41133.84,0.15
2692,1073,51,3,90551.07,0.2
2693,1073,38,2,46602.83,0.1
2694,1073,74,3,65143.62,0.0
2695,1074,64,4,6802.82,0.1
2696,1074,71,1,98217.13,0.2
2697,1074,52,3,88567.93,0.15
2698,1075,24,1,35138.54,0.15
2699,1075,8,1,77134.84,0.15
2700,1076,29,4,26756.43,0.1
2701,1077,53,1,8406.45,0.0
2702,1077,43,3,68409.25,0.1
2703,1077,51,3,90551.07,0.0
2704,1078,28,4,24101.49,0.05
2705,1079,94,3,24440.89,0.15
2706,1079,37,3,32224.91,0.2
2707,1080,85,4,33117.32,0.05
2708,1080,40,4,54298.36,0.15
2709,1080,45,3,16072.3,0.05
2710,1080,61,1,59250.67,0.05
2711,1081,27,1,45811.61,0.2
2712,1081,22,2,101373.13,0.15
2713,1081,38,3,46602.83,0.0
2714,1081,81,3,6985.99,0.0
2715,1082,15,4,45459.24,0.0
2716,1082,44,1,29062.01,0.1
2717,1082,68,1,54854.09,0.0
2718,1082,71,1,98217.13,0.1
2719,1083,44,3,29062.01,0.1
2720,1083,9,3,57045.2,0.15
2721,1083,2,1,9643.31,0.05
2722,1083,47,4,66318.14,0.0
2723,1084,82,2,75348.3,0.0
2724,1084,3,3,26786.94,0.0
2725,1084,89,4,41133.84,0.0
2726,1085,68,1,54854.09,0.05
2727,1086,1,4,17791.55,0.2
2728,1086,35,4,64616.75,0.15
2729,1086,23,4,78220.4,0.05
2730,1086,95,1,74013.57,0.2
2731,1087,56,2,35450.02,0.15
2732,1087,33,1,67830.72,0.15
2733,1087,28,2,24101.49,0.2
2734,1087,57,4,74958.5,0.15
2735,1088,1,4,17791.55,0.2
2736,1088,26,4,40496.99,0.05
2737,1088,17,2,3060.67,0.2
2738,1088,63,4,74324.62,0.0
2739,1089,67,4,28223.22,0.05
2740,1089,47,4,66318.14,0.2
2741,1089,15,4,45459.24,0.0
2742,1090,38,3,46602.83,0.1
2743,1091,85,1,33117.32,0.05
2744,1091,21,2,33408.11,0.0
2745,1091,17,4,3060.67,0.05
2746,1092,12,2,43161.08,0.1
2747,1092,82,1,75348.3,0.15
2748,1093,12,4,43161.08,0.15
2749,1093,59,2,17097.25,0.0
2750,1093,100,4,56950.77,0.05
2751,1093,65,2,11138.22,0.0
2752,1094,42,2,32167.57,0.0
2753,1094,21,2,33408.11,0.05
2754,1095,1,2,17791.55,0.15
2755,1095,16,2,64465.1,0.05
2756,1096,96,2,57246.92,0.0
2757,1097,15,4,45459.24,0.05
2758,1097,2,2,9643.31,0.1
2759,1097,82,2,75348.3,0.05
2760,1097,42,4,32167.57,0.2
2761,1098,36,2,94947.11,0.1
2762,1098,72,1,18167.14,0.2
2763,1098,53,1,8406.45,0.0
2764,1098,92,2,50328.36,0.05
2765,1099,47,3,66318.14,0.0
2766,1100,72,4,18167.14,0.0
2767,1100,88,1,44854.54,0.2
2768,1101,47,3,66318.14,0.1
2769,1101,29,2,26756.43,0.15
2770,1102,98,2,107440.65,0.05
2771,1102,23,2,78220.4,0.0
2772,1103,4,2,41953.2,0.2
2773,1103,58,1,16793.42,0.15
2774,1103,99,1,9464.47,0.15
2775,1103,9,3,57045.2,0.1
2776,1104,85,1,33117.32,0.1
2777,1105,84,2,20609.39,0.1
2778,1105,93,1,34199.76,0.15
2779,1106,43,1,68409.25,0.05
2780,1107,26,1,40496.99,0.05
2781,1108,52,2,88567.93,0.05
2782,1108,15,1,45459.24,0.1
2783,1108,85,1,33117.32,0.2
2784,1108,67,2,28223.22,0.2
2785,1109,49,2,1098.73,0.1
2786,1109,52,1,88567.93,0.05
2787,1109,72,1,18167.14,0.2
2788,1109,53,4,8406.45,0.05
2789,1110,84,3,20609.39,0.05
2790,1111,93,1,34199.76,0.2
2791,1111,95,2,74013.57,0.05
2792,1111,63,2,74324.62,0.1
2793,1112,75,4,44857.53,0.2
2794,1113,32,4,58569.82,0.05
2795,1114,4,4,41953.2,0.15
2796,1114,41,1,34056.89,0.0
2797,1115,88,2,44854.54,0.2
2798,1116,14,2,112855.44,0.1
2799,1116,55,3,11698.2,0.15
2800,1117,20,4,65645.52,0.1
2801,1117,43,2,68409.25,0.1
2802,1117,15,3,45459.24,0.1
2803,1117,74,2,65143.62,0.0
2804,1118,82,1,75348.3,0.05
2805,1118,76,2,61617.55,0.05
2806,1118,71,3,98217.13,0.05
2807,1119,24,2,35138.54,0.05
2808,1119,54,3,47164.35,0.15
2809,1119,11,3,29179.55,0.2
2810,1120,38,2,46602.83,0.2
2811,1120,51,4,90551.07,0.2
2812,1121,67,1,28223.22,0.15
2813,1122,10,4,62096.2,0.1
2814,1123,82,1,75348.3,0.15
2815,1123,46,2,83137.14,0.0
2816,1124,89,4,41133.84,0.2
2817,1125,53,3,8406.45,0.1
2818,1125,55,2,11698.2,0.0
2819,1125,70,4,8288.85,0.1
2820,1125,82,1,75348.3,0.05
2821,1126,16,3,64465.1,0.05
2822,1126,52,3,88567.93,0.0
2823,1126,3,1,26786.94,0.0
2824,1126,48,4,18316.15,0.05
2825,1127,82,4,75348.3,0.05
2826,1127,87,1,3831.22,0.2
2827,1127,29,1,26756.43,0.05
2828,1127,39,1,21356.09,0.05
2829,1128,56,2,35450.02,0.2
2830,1128,40,2,54298.36,0.2
2831,1128,18,3,25661.34,0.0
2832,1129,31,3,58504.05,0.0
2833,1129,41,1,34056.89,0.0
2834,1129,52,2,88567.93,0.1
2835,1130,93,4,34199.76,0.1
2836,1130,55,4,11698.2,0.05
2837,1130,39,2,21356.09,0.0
2838,1131,67,1,28223.22,0.05
2839,1131,78,1,61027.77,0.15
2840,1132,44,2,29062.01,0.05
2841,1132,49,2,1098.73,0.0
2842,1132,22,2,101373.13,0.15
2843,1133,87,1,3831.22,0.15
2844,1133,87,2,3831.22,0.1
2845,1133,18,2,25661.34,0.2
2846,1133,35,2,64616.75,0.2
2847,1134,28,1,24101.49,0.0
2848,1134,93,4,34199.76,0.2
2849,1134,7,2,47293.79,0.0
2850,1134,21,2,33408.11,0.1
2851,1135,32,4,58569.82,0.2
2852,1135,57,3,74958.5,0.2
2853,1135,25,1,48553.67,0.0
2854,1136,54,1,47164.35,0.0
2855,1137,75,1,44857.53,0.05
2856,1137,83,3,70278.9,0.05
2857,1137,10,2,62096.2,0.05
2858,1138,14,2,112855.44,0.1
2859,1138,10,3,62096.2,0.05
2860,1139,91,3,68165.0,0.1
2861,1139,66,1,75655.91,0.2
2862,1139,54,1,47164.35,0.1
2863,1140,80,4,50304.69,0.05
2864,1140,59,4,17097.25,0.1
2865,1140,24,4,35138.54,0.15
2866,1141,52,4,88567.93,0.2
2867,1141,71,2,98217.13,0.2
2868,1141,4,4,41953.2,0.05
2869,1141,61,4,59250.67,0.2
2870,1142,50,4,32078.35,0.2
2871,1142,7,1,47293.79,0.0
2872,1143,27,1,45811.61,0.1
2873,1143,45,2,16072.3,0.0
2874,1143,35,3,64616.75,0.1
2875,1143,30,4,59827.04,0.0
2876,1144,65,2,11138.22,0.05
2877,1144,41,4,34056.89,0.1
2878,1144,50,4,32078.35,0.05
2879,1144,80,4,50304.69,0.0
2880,1145,10,1,62096.2,0.05
2881,1145,36,1,94947.11,0.1
2882,1146,8,1,77134.84,0.15
2883,1146,93,3,34199.76,0.0
2884,1147,19,3,73662.65,0.1
2885,1147,82,2,75348.3,0.0
2886,1147,20,1,65645.52,0.0
2887,1148,33,3,67830.72,0.0
2888,1148,61,3,59250.67,0.15
2889,1148,84,2,20609.39,0.2
2890,1148,18,2,25661.34,0.15
2891,1149,22,3,101373.13,0.05
2892,1149,89,3,41133.84,0.2
2893,1149,33,3,67830.72,0.1
2894,1150,21,4,33408.11,0.1
2895,1150,75,2,44857.53,0.15
2896,1150,10,3,62096.2,0.15
2897,1150,87,4,3831.22,0.1
2898,1151,88,1,44854.54,0.1
2899,1151,86,2,36743.45,0.05
2900,1152,30,1,59827.04,0.15
2901,1152,12,2,43161.08,0.15
2902,1152,43,1,68409.25,0.1
2903,1153,34,3,84343.9,0.15
2904,1153,96,1,57246.92,0.0
2905,1154,64,3,6802.82,0.1
2906,1154,95,3,74013.57,0.2
2907,1154,76,4,61617.55,0.15
2908,1154,72,2,18167.14,0.15
2909,1155,12,2,43161.08,0.2
2910,1155,7,1,47293.79,0.15
2911,1156,5,3,55610.54,0.15
2912,1156,60,1,48163.29,0.1
2913,1156,21,1,33408.11,0.2
2914,1157,99,4,9464.47,0.15
2915,1158,14,3,112855.44,0.1
2916,1158,95,1,74013.57,0.0
2917,1158,67,3,28223.22,0.2
2918,1158,11,2,29179.55,0.05
2919,1159,6,1,11835.67,0.05
2920,1159,40,2,54298.36,0.0
2921,1160,34,4,84343.9,0.05
2922,1160,32,1,58569.82,0.0
2923,1161,53,2,8406.45,0.0
2924,1161,13,4,21788.6,0.0
2925,1161,13,2,21788.6,0.05
2926,1162,70,1,8288.85,0.15
2927,1162,100,2,56950.77,0.2
2928,1163,28,3,24101.49,0.05
2929,1163,94,4,24440.89,0.1
2930,1163,35,3,64616.75,0.2
2931,1163,34,1,84343.9,0.15
2932,1164,10,4,62096.2,0.2
2933,1164,43,4,68409.25,0.1
2934,1164,50,3,32078.35,0.0
2935,1165,67,4,28223.22,0.0
2936,1165,16,4,64465.1,0.15
2937,1165,19,1,73662.65,0.0
2938,1166,44,2,29062.01,0.1
2939,1167,7,3,47293.79,0.05
2940,1168,15,2,45459.24,0.2
2941,1168,63,3,74324.62,0.2
2942,1169,96,3,57246.92,0.1
2943,1169,58,1,16793.42,0.1
2944,1169,15,3,45459.24,0.05
2945,1169,100,1,56950.77,0.15
2946,1170,53,3,8406.45,0.05
2947,1170,72,2,18167.14,0.15
2948,1170,20,1,65645.52,0.2
2949,1170,58,4,16793.42,0.0
2950,1171,8,2,77134.84,0.05
2951,1171,63,1,74324.62,0.05
2952,1171,21,2,33408.11,0.2
2953,1172,91,4,68165.0,0.15
2954,1172,6,1,11835.67,0.0
2955,1172,66,2,75655.91,0.05
2956,1173,14,2,112855.44,0.15
2957,1173,69,4,38273.87,0.2
2958,1174,50,1,32078.35,0.1
2959,1175,97,1,57944.43,0.0
2960,1176,66,3,75655.91,0.0
2961,1176,38,1,46602.83,0.0
2962,1177,9,3,57045.2,0.0
2963,1177,60,2,48163.29,0.1
2964,1178,45,3,16072.3,0.05
2965,1179,6,1,11835.67,0.05
2966,1179,59,3,17097.25,0.15
2967,1180,21,3,33408.11,0.1
2968,1181,24,1,35138.54,0.15
2969,1181,1,2,17791.55,0.1
2970,1181,38,1,46602.83,0.05
2971,1182,22,1,101373.13,0.2
2972,1182,8,3,77134.84,0.1
2973,1182,44,2,29062.01,0.2
2974,1182,23,4,78220.4,0.0
2975,1183,14,2,112855.44,0.2
2976,1183,47,3,66318.14,0.15
2977,1183,7,3,47293.79,0.05
2978,1184,100,3,56950.77,0.15
2979,1184,48,4,18316.15,0.15
2980,1185,100,3,56950.77,0.2
2981,1185,89,3,41133.84,0.05
2982,1186,98,3,107440.65,0.2
2983,1186,55,2,11698.2,0.15
2984,1187,43,3,68409.25,0.05
2985,1188,72,4,18167.14,0.05
2986,1188,9,3,57045.2,0.05
2987,1188,85,3,33117.32,0.1
2988,1189,33,1,67830.72,0.2
2989,1189,1,2,17791.55,0.2
2990,1189,24,1,35138.54,0.0
2991,1190,25,1,48553.67,0.0
2992,1191,2,2,9643.31,0.0
2993,1191,67,2,28223.22,0.15
2994,1192,10,3,62096.2,0.05
2995,1192,85,4,33117.32,0.15
2996,1193,46,4,83137.14,0.15
2997,1194,72,2,18167.14,0.0
2998,1194,34,2,84343.9,0.15
2999,1194,14,3,112855.44,0.15
3000,1195,19,2,73662.65,0.2
3001,1195,65,4,11138.22,0.15
3002,1195,72,4,18167.14,0.05
3003,1196,27,3,45811.61,0.2
3004,1196,36,1,94947.11,0.05
3005,1196,95,3,74013.57,0.2
3006,1197,86,4,36743.45,0.05
3007,1197,42,1,32167.57,0.2
3008,1197,25,1,48553.67,0.15
3009,1198,31,3,58504.05,0.1
3010,1198,54,2,47164.35,0.05
3011,1198,57,3,74958.5,0.0
3012,1198,19,2,73662.65,0.2
3013,1199,7,4,47293.79,0.2
3014,1199,50,2,32078.35,0.1
3015,1199,80,2,50304.69,0.2
3016,1199,16,1,64465.1,0.15
3017,1200,41,1,34056.89,0.05
3018,1200,17,1,3060.67,0.2
3019,1200,25,4,48553.67,0.15
3020,1201,62,2,77931.24,0.1
3021,1201,29,1,26756.43,0.0
3022,1201,27,2,45811.61,0.15
3023,1201,100,3,56950.77,0.05
3024,1202,18,4,25661.34,0.05
3025,1202,19,4,73662.65,0.15
3026,1203,93,1,34199.76,0.2
3027,1203,56,4,35450.02,0.0
3028,1203,5,2,55610.54,0.2
3029,1203,43,4,68409.25,0.05
3030,1204,57,1,74958.5,0.1
3031,1204,26,3,40496.99,0.2
3032,1204,55,4,11698.2,0.05
3033,1204,65,1,11138.22,0.05
3034,1205,26,4,40496.99,0.2
3035,1205,82,1,75348.3,0.05
3036,1205,46,4,83137.14,0.2
3037,1206,97,3,57944.43,0.05
3038,1206,9,4,57045.2,0.15
3039,1206,33,4,67830.72,0.1
3040,1206,73,2,29426.0,0.2
3041,1207,90,2,62376.77,0.1
3042,1207,23,3,78220.4,0.1
3043,1207,99,1,9464.47,0.1
3044,1208,20,2,65645.52,0.05
3045,1208,42,1,32167.57,0.1
3046,1208,32,4,58569.82,0.1
3047,1209,43,1,68409.25,0.15
3048,1209,91,2,68165.0,0.0
3049,1210,74,2,65143.62,0.1
3050,1210,80,2,50304.69,0.1
3051,1210,26,4,40496.99,0.15
3052,1210,95,4,74013.57,0.15
3053,1211,44,3,29062.01,0.1
3054,1211,66,4,75655.91,0.0
3055,1211,70,1,8288.85,0.05
3056,1212,67,4,28223.22,0.05
3057,1212,61,1,59250.67,0.05
3058,1212,49,1,1098.73,0.15
3059,1212,65,1,11138.22,0.1
3060,1213,91,1,68165.0,0.15
3061,1213,39,4,21356.09,0.0
3062,1214,52,2,88567.93,0.2
3063,1214,19,4,73662.65,0.1
3064,1214,36,2,94947.11,0.05
3065,1214,78,1,61027.77,0.05
3066,1215,65,2,11138.22,0.2
3067,1216,22,1,101373.13,0.15
3068,1217,55,2,11698.2,0.0
3069,1217,82,3,75348.3,0.2
3070,1217,13,4,21788.6,0.0
3071,1218,7,3,47293.79,0.05
3072,1218,40,1,54298.36,0.15
3073,1218,66,3,75655.91,0.1
3074,1219,32,3,58569.82,0.1
3075,1219,83,1,70278.9,0.2
3076,1219,85,4,33117.32,0.15
3077,1219,54,4,47164.35,0.2
3078,1220,38,3,46602.83,0.05
3079,1220,5,2,55610.54,0.2
3080,1221,83,2,70278.9,0.05
3081,1221,90,2,62376.77,0.2
3082,1221,45,1,16072.3,0.1
3083,1222,52,2,88567.93,0.1
3084,1222,76,1,61617.55,0.0
3085,1222,70,1,8288.85,0.2
3086,1223,14,3,112855.44,0.05
3087,1223,68,1,54854.09,0.1
3088,1223,93,2,34199.76,0.0
3089,1223,76,2,61617.55,0.2
3090,1224,49,1,1098.73,0.05
3091,1224,53,4,8406.45,0.15
3092,1224,26,4,40496.99,0.15
3093,1225,67,3,28223.22,0.1
3094,1225,25,3,48553.67,0.0
3095,1226,35,1,64616.75,0.05
3096,1226,27,4,45811.61,0.15
3097,1226,34,4,84343.9,0.1
3098,1226,37,2,32224.91,0.1
3099,1227,9,3,57045.2,0.05
3100,1228,72,4,18167.14,0.1
3101,1228,45,3,16072.3,0.0
3102,1228,95,1,74013.57,0.1
3103,1228,19,2,73662.65,0.0
3104,1229,67,1,28223.22,0.15
3105,1230,18,2,25661.34,0.1
3106,1230,55,4,11698.2,0.2
3107,1231,50,1,32078.35,0.1
3108,1231,45,4,16072.3,0.0
3109,1231,66,2,75655.91,0.05
3110,1231,83,2,70278.9,0.2
3111,1232,32,3,58569.82,0.2
3112,1232,85,1,33117.32,0.0
3113,1232,19,1,73662.65,0.15
3114,1233,30,2,59827.04,0.1
3115,1233,32,1,58569.82,0.05
3116,1233,96,4,57246.92,0.1
3117,1233,12,3,43161.08,0.2
3118,1234,40,4,54298.36,0.0
3119,1234,43,4,68409.25,0.2
3120,1234,81,2,6985.99,0.0
3121,1235,49,4,1098.73,0.15
3122,1235,97,1,57944.43,0.0
3123,1235,75,2,44857.53,0.0
3124,1236,71,3,98217.13,0.0
3125,1236,76,2,61617.55,0.2
3126,1237,17,3,3060.67,0.1
3127,1238,45,4,16072.3,0.15
3128,1239,59,2,17097.25,0.0
3129,1239,21,2,33408.11,0.2
3130,1240,12,3,43161.08,0.2
3131,1241,14,4,112855.44,0.1
3132,1241,79,4,71983.06,0.2
3133,1241,66,4,75655.91,0.0
3134,1242,29,1,26756.43,0.05
3135,1242,74,1,65143.62,0.0
3136,1242,70,3,8288.85,0.0
3137,1242,82,2,75348.3,0.2
3138,1243,92,3,50328.36,0.1
3139,1243,89,4,41133.84,0.15
3140,1243,19,3,73662.65,0.2
3141,1243,77,2,78913.67,0.15
3142,1244,40,4,54298.36,0.05
3143,1244,41,2,34056.89,0.05
3144,1245,65,3,11138.22,0.0
3145,1245,61,1,59250.67,0.2
3146,1245,42,3,32167.57,0.2
3147,1245,100,2,56950.77,0.1
3148,1246,18,1,25661.34,0.1
3149,1246,10,1,62096.2,0.2
3150,1246,3,3,26786.94,0.05
3151,1246,82,1,75348.3,0.1
3152,1247,41,1,34056.89,0.2
3153,1247,44,1,29062.01,0.05
3154,1247,65,1,11138.22,0.2
3155,1247,44,2,29062.01,0.0
3156,1248,58,2,16793.42,0.1
3157,1248,6,3,11835.67,0.1
3158,1249,16,3,64465.1,0.05
3159,1249,94,3,24440.89,0.2
3160,1250,46,4,83137.14,0.1
3161,1250,17,1,3060.67,0.2
3162,1250,37,3,32224.91,0.05
3163,1250,34,1,84343.9,0.05
3164,1251,28,4,24101.49,0.1
3165,1252,30,2,59827.04,0.1
3166,1252,73,2,29426.0,0.05
3167,1253,11,1,29179.55,0.05
3168,1254,31,3,58504.05,0.15
3169,1254,47,2,66318.14,0.05
3170,1254,55,4,11698.2,0.15
3171,1254,89,1,41133.84,0.1
3172,1255,93,2,34199.76,0.2
3173,1255,30,4,59827.04,0.05
3174,1255,54,4,47164.35,0.2
3175,1256,3,4,26786.94,0.1
3176,1257,62,3,77931.24,0.0
3177,1258,16,4,64465.1,0.15
3178,1258,8,1,77134.84,0.05
3179,1258,68,4,54854.09,0.0
3180,1259,18,3,25661.34,0.1
3181,1259,48,2,18316.15,0.15
3182,1259,11,1,29179.55,0.05
3183,1260,75,3,44857.53,0.15
3184,1260,77,1,78913.67,0.0
3185,1260,58,3,16793.42,0.0
3186,1260,84,1,20609.39,0.15
3187,1261,44,2,29062.01,0.0
3188,1261,19,1,73662.65,0.05
3189,1262,16,2,64465.1,0.1
3190,1262,22,2,101373.13,0.0
3191,1262,21,1,33408.11,0.2
3192,1262,33,4,67830.72,0.1
3193,1263,22,4,101373.13,0.05
3194,1263,60,2,48163.29,0.2
3195,1264,15,1,45459.24,0.1
3196,1264,63,4,74324.62,0.15
3197,1264,34,3,84343.9,0.0
3198,1264,69,3,38273.87,0.0
3199,1265,52,3,88567.93,0.0
3200,1266,91,1,68165.0,0.1
3201,1267,44,2,29062.01,0.2
3202,1268,30,1,59827.04,0.2
3203,1268,59,3,17097.25,0.1
3204,1269,66,4,75655.91,0.0
3205,1269,44,3,29062.01,0.15
3206,1269,56,3,35450.02,0.15
3207,1269,48,3,18316.15,0.1
3208,1270,31,4,58504.05,0.15
3209,1271,32,1,58569.82,0.1
3210,1271,91,2,68165.0,0.15
3211,1272,68,2,54854.09,0.1
3212,1273,10,3,62096.2,0.0
3213,1273,97,2,57944.43,0.0
3214,1273,72,4,18167.14,0.2
3215,1273,6,2,11835.67,0.1
3216,1274,73,4,29426.0,0.05
3217,1274,59,4,17097.25,0.05
3218,1274,92,1,50328.36,0.0
3219,1275,49,4,1098.73,0.2
3220,1275,52,4,88567.93,0.0
3221,1275,32,1,58569.82,0.05
3222,1275,33,2,67830.72,0.1
3223,1276,62,4,77931.24,0.05
3224,1276,83,4,70278.9,0.0
3225,1276,90,2,62376.77,0.05
3226,1277,78,3,61027.77,0.15
3227,1277,61,1,59250.67,0.05
3228,1277,51,3,90551.07,0.2
3229,1278,34,3,84343.9,0.05
3230,1278,77,2,78913.67,0.0
3231,1278,32,2,58569.82,0.0
3232,1278,27,4,45811.61,0.2
3233,1279,87,2,3831.22,0.1
3234,1280,59,2,17097.25,0.2
3235,1280,36,2,94947.11,0.15
3236,1280,87,2,3831.22,0.0
3237,1280,97,2,57944.43,0.05
3238,1281,32,3,58569.82,0.15
3239,1281,53,4,8406.45,0.0
3240,1281,49,3,1098.73,0.2
3241,1282,71,1,98217.13,0.0
3242,1282,96,2,57246.92,0.15
3243,1282,55,3,11698.2,0.2
3244,1283,80,3,50304.69,0.1
3245,1283,60,4,48163.29,0.2
3246,1284,89,2,41133.84,0.2
3247,1284,41,2,34056.89,0.15
3248,1284,39,3,21356.09,0.15
3249,1284,43,1,68409.25,0.05
3250,1285,100,3,56950.77,0.05
3251,1285,62,4,77931.24,0.2
3252,1286,16,3,64465.1,0.05
3253,1287,5,2,55610.54,0.1
3254,1287,52,4,88567.93,0.1
3255,1287,81,3,6985.99,0.05
3256,1287,48,3,18316.15,0.05
3257,1288,57,4,74958.5,0.1
3258,1289,80,1,50304.69,0.05
3259,1290,52,4,88567.93,0.2
3260,1290,91,3,68165.0,0.0
3261,1290,64,3,6802.82,0.05
3262,1291,74,1,65143.62,0.2
3263,1292,79,4,71983.06,0.1
3264,1292,63,1,74324.62,0.15
3265,1292,6,4,11835.67,0.15
3266,1292,43,4,68409.25,0.05
3267,1293,15,2,45459.24,0.15
3268,1293,52,2,88567.93,0.05
3269,1294,15,1,45459.24,0.15
3270,1295,51,2,90551.07,0.0
3271,1295,35,1,64616.75,0.15
3272,1295,3,4,26786.94,0.0
3273,1295,13,3,21788.6,0.2
3274,1296,51,1,90551.07,0.15
3275,1296,8,4,77134.84,0.0
3276,1296,86,1,36743.45,0.0
3277,1297,76,3,61617.55,0.0
3278,1297,71,1,98217.13,0.2
3279,1298,18,1,25661.34,0.1
3280,1298,80,1,50304.69,0.05
3281,1298,64,2,6802.82,0.05
3282,1299,40,3,54298.36,0.0
3283,1299,1,4,17791.55,0.05
3284,1299,53,4,8406.45,0.2
3285,1300,80,3,50304.69,0.1
3286,1301,4,3,41953.2,0.05
3287,1301,6,2,11835.67,0.0
3288,1301,39,2,21356.09,0.05
3289,1301,52,4,88567.93,0.05
3290,1302,48,3,18316.15,0.0
3291,1302,43,3,68409.25,0.15
3292,1303,26,1,40496.99,0.15
3293,1303,6,2,11835.67,0.2
3294,1303,4,3,41953.2,0.05
3295,1304,10,2,62096.2,0.05
3296,1304,70,3,8288.85,0.2
3297,1304,79,4,71983.06,0.05
3298,1304,44,1,29062.01,0.15
3299,1305,8,4,77134.84,0.15
3300,1305,42,4,32167.57,0.2
3301,1305,99,2,9464.47,0.05
3302,1306,25,4,48553.67,0.15
3303,1306,50,1,32078.35,0.0
3304,1306,54,2,47164.35,0.15
3305,1307,33,1,67830.72,0.0
3306,1307,44,3,29062.01,0.15
3307,1308,48,4,18316.15,0.05
3308,1309,48,3,18316.15,0.1
3309,1309,72,3,18167.14,0.0
3310,1310,59,1,17097.25,0.15
3311,1310,6,4,11835.67,0.1
3312,1310,1,1,17791.55,0.15
3313,1310,42,3,32167.57,0.05
3314,1311,91,3,68165.0,0.0
3315,1311,4,4,41953.2,0.1
3316,1311,8,4,77134.84,0.15
3317,1312,68,3,54854.09,0.15
3318,1312,46,3,83137.14,0.05
3319,1313,24,2,35138.54,0.15
3320,1313,21,3,33408.11,0.1
3321,1313,67,3,28223.22,0.05
3322,1313,53,3,8406.45,0.0
3323,1314,64,3,6802.82,0.05
3324,1314,29,2,26756.43,0.0
3325,1314,53,1,8406.45,0.15
3326,1314,87,1,3831.22,0.0
3327,1315,32,2,58569.82,0.0
3328,1315,40,2,54298.36,0.0
3329,1315,17,3,3060.67,0.05
3330,1315,64,4,6802.82,0.0
3331,1316,4,3,41953.2,0.15
3332,1316,25,4,48553.67,0.0
3333,1317,72,3,18167.14,0.2
3334,1317,2,4,9643.31,0.1
3335,1317,99,4,9464.47,0.0
3336,1318,41,1,34056.89,0.1
3337,1318,40,3,54298.36,0.0
3338,1318,54,3,47164.35,0.2
3339,1319,64,4,6802.82,0.1
3340,1319,46,3,83137.14,0.2
3341,1320,89,1,41133.84,0.05
3342,1320,97,1,57944.43,0.0
3343,1321,21,1,33408.11,0.05
3344,1322,71,1,98217.13,0.1
3345,1322,31,1,58504.05,0.15
3346,1323,100,4,56950.77,0.1
3347,1323,26,2,40496.99,0.2
3348,1323,30,3,59827.04,0.05
3349,1324,72,4,18167.14,0.05
3350,1324,79,3,71983.06,0.1
3351,1324,13,2,21788.6,0.0
3352,1324,56,2,35450.02,0.15
3353,1325,35,4,64616.75,0.0
3354,1325,62,3,77931.24,0.15
3355,1325,56,4,35450.02,0.05
3356,1325,99,1,9464.47,0.05
3357,1326,94,1,24440.89,0.15
3358,1327,66,1,75655.91,0.15
3359,1327,68,3,54854.09,0.2
3360,1327,90,3,62376.77,0.05
3361,1328,19,2,73662.65,0.2
3362,1329,73,2,29426.0,0.2
3363,1329,78,3,61027.77,0.2
3364,1329,13,4,21788.6,0.2
3365,1330,89,4,41133.84,0.15
3366,1330,70,2,8288.85,0.05
3367,1331,35,3,64616.75,0.15
3368,1331,49,1,1098.73,0.15
3369,1332,49,4,1098.73,0.05
3370,1332,92,1,50328.36,0.2
3371,1332,97,2,57944.43,0.15
3372,1333,81,3,6985.99,0.1
3373,1333,66,4,75655.91,0.2
3374,1334,11,1,29179.55,0.0
3375,1334,92,3,50328.36,0.15
3376,1334,14,1,112855.44,0.15
3377,1334,17,1,3060.67,0.0
3378,1335,7,2,47293.79,0.1
3379,1335,95,3,74013.57,0.1
3380,1335,50,2,32078.35,0.05
3381,1336,24,4,35138.54,0.2
3382,1336,9,3,57045.2,0.15
3383,1336,42,2,32167.57,0.05
3384,1336,73,2,29426.0,0.1
3385,1337,100,2,56950.77,0.0
3386,1337,56,1,35450.02,0.0
3387,1337,61,3,59250.67,0.15
3388,1338,84,4,20609.39,0.2
3389,1338,91,2,68165.0,0.05
3390,1339,28,2,24101.49,0.05
3391,1339,100,4,56950.77,0.15
3392,1339,52,3,88567.93,0.1
3393,1339,94,2,24440.89,0.0
3394,1340,12,1,43161.08,0.15
3395,1340,10,4,62096.2,0.05
3396,1341,89,3,41133.84,0.0
3397,1341,68,3,54854.09,0.1
3398,1341,18,2,25661.34,0.15
3399,1342,90,1,62376.77,0.1
3400,1343,11,2,29179.55,0.15
3401,1344,69,4,38273.87,0.05
3402,1344,21,2,33408.11,0.1
3403,1344,8,3,77134.84,0.15
3404,1345,81,4,6985.99,0.1
3405,1346,85,1,33117.32,0.05
3406,1346,11,1,29179.55,0.2
3407,1346,10,1,62096.2,0.0
3408,1346,62,4,77931.24,0.2
3409,1347,3,3,26786.94,0.15
3410,1347,75,4,44857.53,0.0
3411,1347,92,4,50328.36,0.05
3412,1347,76,2,61617.55,0.05
3413,1348,24,1,35138.54,0.2
3414,1348,20,2,65645.52,0.1
3415,1348,69,3,38273.87,0.05
3416,1349,7,2,47293.79,0.2
3417,1349,54,1,47164.35,0.0
3418,1349,45,4,16072.3,0.2
3419,1350,75,2,44857.53,0.2
3420,1350,21,3,33408.11,0.05
3421,1350,77,4,78913.67,0.0
3422,1351,70,3,8288.85,0.2
3423,1352,24,3,35138.54,0.2
3424,1352,36,1,94947.11,0.05
3425,1353,7,3,47293.79,0.0
3426,1353,45,4,16072.3,0.05
3427,1354,27,4,45811.61,0.0
3428,1354,12,1,43161.08,0.15
3429,1354,56,1,35450.02,0.1
3430,1354,57,1,74958.5,0.05
3431,1355,9,4,57045.2,0.15
3432,1356,19,2,73662.65,0.15
3433,1356,9,3,57045.2,0.0
3434,1357,68,2,54854.09,0.1
3435,1357,34,3,84343.9,0.2
3436,1358,8,4,77134.84,0.15
3437,1359,20,2,65645.52,0.2
3438,1360,98,4,107440.65,0.2
3439,1360,26,2,40496.99,0.0
3440,1361,69,1,38273.87,0.05
3441,1362,47,1,66318.14,0.1
3442,1363,19,2,73662.65,0.1
3443,1363,31,3,58504.05,0.15
3444,1364,2,4,9643.31,0.15
3445,1365,75,4,44857.53,0.15
3446,1365,34,3,84343.9,0.0
3447,1365,50,2,32078.35,0.15
3448,1366,16,1,64465.1,0.15
3449,1367,83,4,70278.9,0.15
3450,1367,22,2,101373.13,0.1
3451,1368,57,4,74958.5,0.0
3452,1368,88,3,44854.54,0.0
3453,1369,72,4,18167.14,0.15
3454,1369,61,4,59250.67,0.2
3455,1369,89,3,41133.84,0.2
3456,1369,18,3,25661.34,0.1
3457,1370,97,1,57944.43,0.1
3458,1370,56,1,35450.02,0.0
3459,1370,41,3,34056.89,0.1
3460,1371,26,3,40496.99,0.0
3461,1371,75,3,44857.53,0.15
3462,1371,98,2,107440.65,0.15
3463,1371,70,3,8288.85,0.0
3464,1372,4,4,41953.2,0.2
3465,1372,47,1,66318.14,0.15
3466,1373,74,2,65143.62,0.05
3467,1373,40,4,54298.36,0.1
3468,1374,78,1,61027.77,0.0
3469,1374,71,2,98217.13,0.2
3470,1375,7,2,47293.79,0.0
3471,1375,56,3,35450.02,0.2
3472,1375,18,2,25661.34,0.15
3473,1375,49,4,1098.73,0.2
3474,1376,39,1,21356.09,0.05
3475,1376,81,2,6985.99,0.2
3476,1376,87,3,3831.22,0.1
3477,1376,47,1,66318.14,0.05
3478,1377,54,4,47164.35,0.05
3479,1377,63,3,74324.62,0.2
3480,1377,66,4,75655.91,0.1
3481,1377,64,2,6802.82,0.1
3482,1378,79,2,71983.06,0.15
3483,1378,99,4,9464.47,0.1
3484,1378,83,1,70278.9,0.1
3485,1378,14,2,112855.44,0.05
3486,1379,48,2,18316.15,0.0
3487,1379,47,2,66318.14,0.2
3488,1379,51,2,90551.07,0.1
3489,1380,53,3,8406.45,0.2
3490,1380,72,1,18167.14,0.1
3491,1380,43,4,68409.25,0.1
3492,1381,27,4,45811.61,0.1
3493,1381,46,1,83137.14,0.2
3494,1381,86,4,36743.45,0.0
3495,1381,32,2,58569.82,0.1
3496,1382,3,1,26786.94,0.0
3497,1382,98,2,107440.65,0.2
3498,1383,20,4,65645.52,0.1
3499,1383,61,4,59250.67,0.2
3500,1384,81,3,6985.99,0.05
3501,1384,28,4,24101.49,0.0
3502,1384,35,2,64616.75,0.15
3503,1384,29,4,26756.43,0.0
3504,1385,15,3,45459.24,0.05
3505,1385,16,1,64465.1,0.05
3506,1386,19,1,73662.65,0.05
3507,1387,46,2,83137.14,0.0
3508,1387,54,1,47164.35,0.15
3509,1387,2,2,9643.31,0.15
3510,1388,85,4,33117.32,0.05
3511,1388,68,1,54854.09,0.05
3512,1389,8,3,77134.84,0.0
3513,1389,85,4,33117.32,0.15
3514,1389,4,2,41953.2,0.2
3515,1389,57,3,74958.5,0.1
3516,1390,47,2,66318.14,0.1
3517,1390,51,2,90551.07,0.15
3518,1390,96,4,57246.92,0.2
3519,1390,93,3,34199.76,0.2
3520,1391,28,2,24101.49,0.0
3521,1391,58,4,16793.42,0.1
3522,1392,96,4,57246.92,0.2
3523,1392,73,4,29426.0,0.15
3524,1392,89,4,41133.84,0.2
3525,1393,44,2,29062.01,0.2
3526,1393,29,2,26756.43,0.0
3527,1393,52,1,88567.93,0.15
3528,1393,82,3,75348.3,0.1
3529,1394,93,4,34199.76,0.05
3530,1394,69,3,38273.87,0.15
3531,1394,71,3,98217.13,0.0
3532,1395,52,4,88567.93,0.1
3533,1396,32,1,58569.82,0.1
3534,1396,43,2,68409.25,0.05
3535,1396,50,3,32078.35,0.15
3536,1397,82,1,75348.3,0.2
3537,1397,56,4,35450.02,0.2
3538,1397,80,1,50304.69,0.15
3539,1398,3,4,26786.94,0.05
3540,1398,76,3,61617.55,0.2
3541,1398,51,4,90551.07,0.2
3542,1399,100,4,56950.77,0.2
3543,1400,48,3,18316.15,0.2
3544,1400,48,4,18316.15,0.2
3545,1401,13,2,21788.6,0.15
3546,1401,81,3,6985.99,0.15
3547,1401,71,4,98217.13,0.15
3548,1401,87,1,3831.22,0.15
3549,1402,10,2,62096.2,0.05
3550,1403,22,1,101373.13,0.2
3551,1403,88,3,44854.54,0.15
3552,1404,5,4,55610.54,0.15
3553,1404,51,1,90551.07,0.15
3554,1405,41,3,34056.89,0.0
3555,1406,94,2,24440.89,0.2
3556,1407,86,4,36743.45,0.1
3557,1407,90,1,62376.77,0.2
3558,1408,29,1,26756.43,0.0
3559,1408,59,1,17097.25,0.05
3560,1408,71,2,98217.13,0.2
3561,1408,97,2,57944.43,0.15
3562,1409,1,4,17791.55,0.15
3563,1410,98,2,107440.65,0.1
3564,1410,36,1,94947.11,0.1
3565,1411,13,3,21788.6,0.1
3566,1412,62,1,77931.24,0.0
3567,1412,79,2,71983.06,0.1
3568,1412,13,3,21788.6,0.1
3569,1413,5,2,55610.54,0.05
3570,1413,90,3,62376.77,0.05
3571,1414,94,2,24440.89,0.15
3572,1414,16,4,64465.1,0.15
3573,1414,91,2,68165.0,0.1
3574,1414,91,4,68165.0,0.15
3575,1415,100,3,56950.77,0.05
3576,1415,22,3,101373.13,0.1
3577,1415,58,1,16793.42,0.1
3578,1416,100,1,56950.77,0.05
3579,1416,91,3,68165.0,0.0
3580,1416,61,2,59250.67,0.1
3581,1416,20,2,65645.52,0.2
3582,1417,9,4,57045.2,0.1
3583,1417,26,2,40496.99,0.2
3584,1417,7,2,47293.79,0.2
3585,1418,20,3,65645.52,0.15
3586,1418,8,4,77134.84,0.2
3587,1419,77,4,78913.67,0.1
3588,1419,59,3,17097.25,0.15
3589,1419,52,1,88567.93,0.0
3590,1419,81,1,6985.99,0.05
3591,1420,42,3,32167.57,0.1
3592,1420,41,3,34056.89,0.0
3593,1421,21,1,33408.11,0.15
3594,1421,45,3,16072.3,0.2
3595,1421,18,4,25661.34,0.0
3596,1421,59,1,17097.25,0.2
3597,1422,100,4,56950.77,0.0
3598,1422,54,2,47164.35,0.0
3599,1422,30,2,59827.04,0.15
3600,1422,69,3,38273.87,0.15
3601,1423,83,1,70278.9,0.2
3602,1423,48,1,18316.15,0.1
3603,1423,26,4,40496.99,0.1
3604,1424,72,2,18167.14,0.0
3605,1424,19,1,73662.65,0.15
3606,1424,100,3,56950.77,0.2
3607,1425,32,1,58569.82,0.1
3608,1425,36,4,94947.11,0.2
3609,1426,73,1,29426.0,0.05
3610,1426,2,3,9643.31,0.2
3611,1426,21,2,33408.11,0.1
3612,1426,13,4,21788.6,0.0
3613,1427,40,3,54298.36,0.05
3614,1427,56,4,35450.02,0.1
3615,1427,18,1,25661.34,0.0
3616,1428,35,2,64616.75,0.2
3617,1428,78,4,61027.77,0.05
3618,1428,94,1,24440.89,0.15
3619,1428,2,4,9643.31,0.2
3620,1429,63,4,74324.62,0.1
3621,1429,3,3,26786.94,0.15
3622,1430,53,1,8406.45,0.1
3623,1430,88,4,44854.54,0.15
3624,1430,80,4,50304.69,0.0
3625,1430,24,2,35138.54,0.05
3626,1431,26,3,40496.99,0.15
3627,1431,79,1,71983.06,0.0
3628,1432,82,2,75348.3,0.2
3629,1433,29,1,26756.43,0.15
3630,1434,1,3,17791.55,0.0
3631,1434,45,3,16072.3,0.0
3632,1434,62,3,77931.24,0.0
3633,1435,45,3,16072.3,0.15
3634,1435,94,4,24440.89,0.1
3635,1436,82,1,75348.3,0.1
3636,1437,79,1,71983.06,0.1
3637,1437,3,1,26786.94,0.1
3638,1438,86,4,36743.45,0.05
3639,1438,76,1,61617.55,0.0
3640,1438,40,1,54298.36,0.0
3641,1439,59,1,17097.25,0.15
3642,1439,83,4,70278.9,0.15
3643,1440,91,3,68165.0,0.05
3644,1440,56,4,35450.02,0.05
3645,1440,5,1,55610.54,0.1
3646,1440,62,2,77931.24,0.15
3647,1441,69,3,38273.87,0.1
3648,1441,6,1,11835.67,0.1
3649,1441,82,4,75348.3,0.0
3650,1441,21,4,33408.11,0.1
3651,1442,90,1,62376.77,0.15
3652,1442,56,4,35450.02,0.1
3653,1442,33,2,67830.72,0.2
3654,1443,6,2,11835.67,0.15
3655,1443,2,4,9643.31,0.2
3656,1443,75,3,44857.53,0.1
3657,1443,38,1,46602.83,0.1
3658,1444,85,4,33117.32,0.1
3659,1444,24,3,35138.54,0.05
3660,1445,93,1,34199.76,0.1
3661,1446,95,3,74013.57,0.0
3662,1447,11,3,29179.55,0.1
3663,1447,65,2,11138.22,0.0
3664,1447,94,2,24440.89,0.1
3665,1447,33,4,67830.72,0.2
3666,1448,7,1,47293.79,0.1
3667,1448,88,3,44854.54,0.15
3668,1448,48,4,18316.15,0.1
3669,1448,3,4,26786.94,0.2
3670,1449,85,2,33117.32,0.05
3671,1449,68,2,54854.09,0.2
3672,1449,8,4,77134.84,0.15
3673,1450,26,2,40496.99,0.2
3674,1451,2,3,9643.31,0.0
3675,1451,96,3,57246.92,0.2
3676,1452,3,3,26786.94,0.2
3677,1453,80,3,50304.69,0.05
3678,1454,52,2,88567.93,0.15
3679,1455,59,2,17097.25,0.1
3680,1455,82,2,75348.3,0.0
3681,1455,90,3,62376.77,0.1
3682,1456,13,4,21788.6,0.15
3683,1457,2,3,9643.31,0.05
3684,1457,13,3,21788.6,0.05
3685,1457,69,2,38273.87,0.1
3686,1457,57,4,74958.5,0.2
3687,1458,9,2,57045.2,0.0
3688,1458,24,2,35138.54,0.2
3689,1459,54,1,47164.35,0.2
3690,1459,74,2,65143.62,0.2
3691,1460,35,3,64616.75,0.0
3692,1460,95,1,74013.57,0.1
3693,1460,100,1,56950.77,0.05
3694,1461,77,4,78913.67,0.2
3695,1461,46,4,83137.14,0.15
3696,1461,88,2,44854.54,0.15
3697,1461,73,2,29426.0,0.0
3698,1462,52,3,88567.93,0.2
3699,1462,45,4,16072.3,0.1
3700,1463,84,2,20609.39,0.0
3701,1464,56,1,35450.02,0.2
3702,1465,19,2,73662.65,0.2
3703,1465,100,2,56950.77,0.1
3704,1465,7,3,47293.79,0.15
3705,1465,70,1,8288.85,0.15
3706,1466,66,3,75655.91,0.05
3707,1467,59,1,17097.25,0.15
3708,1467,6,4,11835.67,0.2
3709,1467,50,3,32078.35,0.2
3710,1468,90,1,62376.77,0.15
3711,1468,24,4,35138.54,0.05
3712,1469,70,3,8288.85,0.2
3713,1469,86,3,36743.45,0.2
3714,1469,96,1,57246.92,0.0
3715,1469,52,1,88567.93,0.05
3716,1470,32,4,58569.82,0.1
3717,1471,70,2,8288.85,0.1
3718,1471,49,3,1098.73,0.15
3719,1471,63,4,74324.62,0.1
3720,1471,75,2,44857.53,0.0
3721,1472,72,2,18167.14,0.0
3722,1472,25,4,48553.67,0.15
3723,1472,76,1,61617.55,0.15
3724,1473,55,2,11698.2,0.15
3725,1473,94,4,24440.89,0.1
3726,1474,66,1,75655.91,0.05
3727,1475,90,2,62376.77,0.05
3728,1475,98,2,107440.65,0.15
3729,1475,100,1,56950.77,0.1
3730,1475,75,1,44857.53,0.0
3731,1476,60,2,48163.29,0.05
3732,1476,12,4,43161.08,0.2
3733,1477,39,1,21356.09,0.1
3734,1477,48,3,18316.15,0.2
3735,1478,79,2,71983.06,0.1
3736,1478,59,4,17097.25,0.1
3737,1479,44,2,29062.01,0.2
3738,1480,15,4,45459.24,0.1
3739,1480,72,2,18167.14,0.0
3740,1481,44,4,29062.01,0.1
3741,1482,4,4,41953.2,0.15
3742,1483,29,2,26756.43,0.05
3743,1483,88,3,44854.54,0.1
3744,1484,12,1,43161.08,0.2
3745,1485,41,2,34056.89,0.1
3746,1485,52,2,88567.93,0.05
3747,1486,9,4,57045.2,0.0
3748,1486,17,4,3060.67,0.1
3749,1486,95,4,74013.57,0.15
3750,1486,60,4,48163.29,0.05
3751,1487,22,4,101373.13,0.1
3752,1488,17,4,3060.67,0.15
3753,1489,43,3,68409.25,0.2
3754,1490,73,1,29426.0,0.2
3755,1490,74,4,65143.62,0.05
3756,1490,20,1,65645.52,0.0
3757,1491,73,1,29426.0,0.15
3758,1491,90,4,62376.77,0.05
3759,1492,23,1,78220.4,0.05
3760,1492,3,1,26786.94,0.0
3761,1493,96,3,57246.92,0.15
3762,1494,53,3,8406.45,0.0
3763,1494,78,1,61027.77,0.05
3764,1495,33,2,67830.72,0.1
3765,1495,30,1,59827.04,0.0
3766,1496,23,2,78220.4,0.15
3767,1496,22,1,101373.13,0.15
3768,1497,48,3,18316.15,0.1
3769,1497,11,2,29179.55,0.0
3770,1497,85,4,33117.32,0.0
3771,1498,52,1,88567.93,0.0
3772,1498,92,4,50328.36,0.15
3773,1498,51,4,90551.07,0.15
3774,1498,31,2,58504.05,0.15
3775,1499,52,3,88567.93,0.2
3776,1499,16,2,64465.1,0.05
3777,1500,83,3,70278.9,0.0
3778,1500,73,4,29426.0,0.05
3779,1500,15,3,45459.24,0.15
3780,1500,59,3,17097.25,0.15
3781,1501,54,4,47164.35,0.1
3782,1501,21,2,33408.11,0.0
3783,1501,13,1,21788.6,0.15
3784,1502,77,3,78913.67,0.2
3785,1502,27,3,45811.61,0.05
3786,1503,52,1,88567.93,0.2
3787,1504,25,3,48553.67,0.15
3788,1504,66,1,75655.91,0.2
3789,1505,5,2,55610.54,0.15
3790,1505,36,4,94947.11,0.0
3791,1505,55,3,11698.2,0.15
3792,1506,44,3,29062.01,0.0
3793,1507,62,3,77931.24,0.05
3794,1507,19,1,73662.65,0.2
3795,1507,45,4,16072.3,0.2
3796,1507,76,2,61617.55,0.1
3797,1508,34,4,84343.9,0.05
3798,1508,16,4,64465.1,0.05
3799,1509,85,1,33117.32,0.05
3800,1509,78,3,61027.77,0.1
3801,1509,69,1,38273.87,0.1
3802,1509,80,3,50304.69,0.0
3803,1510,78,2,61027.77,0.15
3804,1510,75,1,44857.53,0.15
3805,1510,51,3,90551.07,0.15
3806,1511,2,4,9643.31,0.2
3807,1511,60,1,48163.29,0.15
3808,1512,28,4,24101.49,0.15
3809,1513,78,4,61027.77,0.05
3810,1513,47,3,66318.14,0.1
3811,1513,91,4,68165.0,0.1
3812,1514,60,2,48163.29,0.2
3813,1514,56,3,35450.02,0.1
3814,1515,92,3,50328.36,0.15
3815,1516,48,3,18316.15,0.1
3816,1516,38,4,46602.83,0.0
3817,1516,38,4,46602.83,0.2
3818,1516,88,4,44854.54,0.15
3819,1517,76,3,61617.55,0.05
3820,1517,17,4,3060.67,0.0
3821,1518,50,3,32078.35,0.2
3822,1519,38,3,46602.83,0.05
3823,1519,65,1,11138.22,0.0
3824,1520,6,2,11835.67,0.15
3825,1520,72,4,18167.14,0.0
3826,1521,75,2,44857.53,0.05
3827,1521,23,3,78220.4,0.2
3828,1521,16,4,64465.1,0.0
3829,1521,63,2,74324.62,0.15
3830,1522,26,2,40496.99,0.15
3831,1522,95,1,74013.57,0.05
3832,1522,78,1,61027.77,0.05
3833,1523,96,3,57246.92,0.1
3834,1524,54,3,47164.35,0.1
3835,1525,94,2,24440.89,0.2
3836,1525,2,2,9643.31,0.05
3837,1525,29,1,26756.43,0.1
3838,1526,1,4,17791.55,0.15
3839,1527,68,3,54854.09,0.0
3840,1527,52,1,88567.93,0.2
3841,1528,29,3,26756.43,0.2
3842,1529,31,2,58504.05,0.0
3843,1530,65,4,11138.22,0.05
3844,1530,19,2,73662.65,0.15
3845,1530,52,4,88567.93,0.2
3846,1530,62,3,77931.24,0.0
3847,1531,24,1,35138.54,0.2
3848,1532,23,4,78220.4,0.05
3849,1533,36,3,94947.11,0.05
3850,1533,60,2,48163.29,0.05
3851,1533,26,1,40496.99,0.15
3852,1533,38,2,46602.83,0.05
3853,1534,55,3,11698.2,0.1
3854,1535,19,1,73662.65,0.0
3855,1535,57,2,74958.5,0.0
3856,1535,14,3,112855.44,0.15
3857,1535,15,3,45459.24,0.05
3858,1536,24,4,35138.54,0.15
3859,1537,29,1,26756.43,0.15
3860,1538,3,4,26786.94,0.2
3861,1539,97,2,57944.43,0.0
3862,1539,31,1,58504.05,0.2
3863,1539,81,4,6985.99,0.2
3864,1540,91,3,68165.0,0.1
3865,1540,81,3,6985.99,0.0
3866,1540,84,2,20609.39,0.0
3867,1541,11,4,29179.55,0.1
3868,1541,38,1,46602.83,0.0
3869,1542,75,1,44857.53,0.0
3870,1543,58,1,16793.42,0.1
3871,1544,1,3,17791.55,0.1
3872,1544,57,1,74958.5,0.2
3873,1544,81,4,6985.99,0.2
3874,1545,83,1,70278.9,0.05
3875,1546,39,3,21356.09,0.05
3876,1546,24,4,35138.54,0.0
3877,1546,31,4,58504.05,0.05
3878,1547,30,2,59827.04,0.1
3879,1547,35,1,64616.75,0.2
3880,1547,31,4,58504.05,0.2
3881,1548,46,2,83137.14,0.2
3882,1548,5,4,55610.54,0.1
3883,1548,28,1,24101.49,0.15
3884,1548,32,3,58569.82,0.15
3885,1549,16,1,64465.1,0.05
3886,1549,88,2,44854.54,0.1
3887,1550,68,1,54854.09,0.1
3888,1551,92,4,50328.36,0.05
3889,1551,57,3,74958.5,0.1
3890,1552,11,1,29179.55,0.1
3891,1552,91,2,68165.0,0.0
3892,1552,46,2,83137.14,0.15
3893,1552,69,3,38273.87,0.2
3894,1553,39,2,21356.09,0.15
3895,1553,50,2,32078.35,0.2
3896,1553,49,4,1098.73,0.1
3897,1554,29,3,26756.43,0.0
3898,1554,56,4,35450.02,0.05
3899,1554,74,4,65143.62,0.2
3900,1555,3,4,26786.94,0.0
3901,1555,14,4,112855.44,0.1
3902,1556,85,3,33117.32,0.0
3903,1557,57,3,74958.5,0.05
3904,1557,98,3,107440.65,0.0
3905,1557,61,1,59250.67,0.0
3906,1557,66,4,75655.91,0.0
3907,1558,90,3,62376.77,0.1
3908,1558,67,4,28223.22,0.15
3909,1558,33,3,67830.72,0.05
3910,1558,53,2,8406.45,0.2
3911,1559,24,2,35138.54,0.05
3912,1559,34,4,84343.9,0.15
3913,1559,69,3,38273.87,0.1
3914,1559,15,4,45459.24,0.15
3915,1560,68,3,54854.09,0.2
3916,1560,59,3,17097.25,0.2
3917,1560,31,1,58504.05,0.1
3918,1560,5,1,55610.54,0.2
3919,1561,71,3,98217.13,0.15
3920,1561,83,1,70278.9,0.05
3921,1562,74,1,65143.62,0.2
3922,1562,43,4,68409.25,0.0
3923,1563,66,3,75655.91,0.1
3924,1564,42,1,32167.57,0.0
3925,1564,36,2,94947.11,0.15
3926,1564,33,2,67830.72,0.2
3927,1564,22,1,101373.13,0.2
3928,1565,97,3,57944.43,0.0
3929,1565,67,2,28223.22,0.05
3930,1565,18,4,25661.34,0.05
3931,1566,87,1,3831.22,0.0
3932,1566,16,4,64465.1,0.1
3933,1567,60,1,48163.29,0.0
3934,1567,17,4,3060.67,0.15
3935,1567,37,4,32224.91,0.1
3936,1567,66,2,75655.91,0.1
3937,1568,100,2,56950.77,0.2
3938,1568,100,1,56950.77,0.15
3939,1568,90,2,62376.77,0.05
3940,1569,24,3,35138.54,0.1
3941,1569,10,3,62096.2,0.2
3942,1569,91,1,68165.0,0.2
3943,1569,93,1,34199.76,0.15
3944,1570,28,3,24101.49,0.0
3945,1570,2,3,9643.31,0.1
3946,1570,65,4,11138.22,0.2
3947,1570,8,4,77134.84,0.0
3948,1571,5,3,55610.54,0.1
3949,1572,94,3,24440.89,0.1
3950,1572,50,3,32078.35,0.05
3951,1573,12,2,43161.08,0.05
3952,1573,66,3,75655.91,0.2
3953,1573,37,1,32224.91,0.1
3954,1574,54,4,47164.35,0.2
3955,1574,90,4,62376.77,0.1
3956,1574,24,2,35138.54,0.2
3957,1574,65,2,11138.22,0.15
3958,1575,83,2,70278.9,0.2
3959,1576,43,4,68409.25,0.05
3960,1576,98,1,107440.65,0.05
3961,1577,45,2,16072.3,0.0
3962,1577,46,3,83137.14,0.05
3963,1577,89,3,41133.84,0.0
3964,1578,64,2,6802.82,0.0
3965,1578,87,1,3831.22,0.05
3966,1578,80,3,50304.69,0.2
3967,1578,72,3,18167.14,0.05
3968,1579,25,4,48553.67,0.2
3969,1580,40,1,54298.36,0.2
3970,1580,87,1,3831.22,0.2
3971,1580,62,2,77931.24,0.1
3972,1581,29,3,26756.43,0.2
3973,1581,33,1,67830.72,0.1
3974,1582,78,1,61027.77,0.15
3975,1583,18,2,25661.34,0.2
3976,1583,12,2,43161.08,0.0
3977,1583,77,3,78913.67,0.0
3978,1584,29,1,26756.43,0.0
3979,1584,77,4,78913.67,0.15
3980,1585,54,1,47164.35,0.1
3981,1585,100,2,56950.77,0.05
3982,1585,53,4,8406.45,0.15
3983,1586,87,3,3831.22,0.0
3984,1586,86,4,36743.45,0.0
3985,1587,22,1,101373.13,0.1
3986,1587,100,3,56950.77,0.2
3987,1587,75,1,44857.53,0.15
3988,1587,11,3,29179.55,0.15
3989,1588,1,2,17791.55,0.15
3990,1589,28,4,24101.49,0.05
3991,1589,2,1,9643.31,0.1
3992,1589,36,4,94947.11,0.2
3993,1589,100,2,56950.77,0.15
3994,1590,48,3,18316.15,0.1
3995,1591,3,3,26786.94,0.0
3996,1591,50,1,32078.35,0.15
3997,1591,22,2,101373.13,0.05
3998,1592,86,3,36743.45,0.05
3999,1592,10,4,62096.2,0.15
4000,1593,78,4,61027.77,0.05
4001,1593,45,3,16072.3,0.1
4002,1594,2,2,9643.31,0.0
4003,1595,68,2,54854.09,0.0
4004,1595,46,2,83137.14,0.1
4005,1595,78,2,61027.77,0.2
4006,1596,62,2,77931.24,0.15
4007,1597,79,4,71983.06,0.1
4008,1597,47,2,66318.14,0.2
4009,1597,1,1,17791.55,0.05
4010,1598,14,3,112855.44,0.2
4011,1598,46,3,83137.14,0.1
4012,1598,40,2,54298.36,0.0
4013,1599,80,3,50304.69,0.0
4014,1599,42,4,32167.57,0.2
4015,1599,87,4,3831.22,0.15
4016,1599,19,4,73662.65,0.0
4017,1600,39,3,21356.09,0.2
4018,1600,76,1,61617.55,0.0
4019,1600,13,3,21788.6,0.05
4020,1601,33,4,67830.72,0.15
4021,1601,76,4,61617.55,0.0
4022,1602,59,4,17097.25,0.2
4023,1602,78,4,61027.77,0.15
4024,1602,52,3,88567.93,0.2
4025,1603,86,1,36743.45,0.2
4026,1603,88,2,44854.54,0.2
4027,1603,98,2,107440.65,0.05
4028,1603,13,4,21788.6,0.05
4029,1604,60,4,48163.29,0.05
4030,1604,12,2,43161.08,0.0
4031,1605,23,2,78220.4,0.15
4032,1606,31,1,58504.05,0.0
4033,1606,65,1,11138.22,0.1
4034,1606,44,2,29062.01,0.1
4035,1606,87,1,3831.22,0.1
4036,1607,30,2,59827.04,0.1
4037,1608,62,4,77931.24,0.05
4038,1608,77,3,78913.67,0.0
4039,1608,99,3,9464.47,0.2
4040,1609,25,1,48553.67,0.1
4041,1610,74,4,65143.62,0.1
4042,1611,9,3,57045.2,0.1
4043,1611,55,3,11698.2,0.05
4044,1611,42,2,32167.57,0.15
4045,1611,96,3,57246.92,0.05
4046,1612,78,4,61027.77,0.1
4047,1613,93,3,34199.76,0.2
4048,1613,86,2,36743.45,0.05
4049,1613,42,3,32167.57,0.15
4050,1614,74,4,65143.62,0.15
4051,1614,4,2,41953.2,0.0
4052,1614,56,4,35450.02,0.15
4053,1615,5,3,55610.54,0.2
4054,1616,73,1,29426.0,0.05
4055,1617,97,4,57944.43,0.2
4056,1617,69,3,38273.87,0.0
4057,1617,84,2,20609.39,0.0
4058,1617,24,1,35138.54,0.2
4059,1618,100,4,56950.77,0.2
4060,1618,56,4,35450.02,0.15
4061,1618,68,1,54854.09,0.15
4062,1619,78,3,61027.77,0.05
4063,1620,64,1,6802.82,0.1
4064,1620,32,2,58569.82,0.1
4065,1620,62,3,77931.24,0.0
4066,1620,66,1,75655.91,0.1
4067,1621,86,3,36743.45,0.0
4068,1621,49,2,1098.73,0.0
4069,1622,51,3,90551.07,0.0
4070,1623,51,4,90551.07,0.0
4071,1623,12,1,43161.08,0.0
4072,1623,10,4,62096.2,0.2
4073,1623,3,1,26786.94,0.2
4074,1624,67,1,28223.22,0.1
4075,1625,42,2,32167.57,0.05
4076,1625,87,2,3831.22,0.0
4077,1625,71,1,98217.13,0.2
4078,1626,15,2,45459.24,0.15
4079,1626,11,4,29179.55,0.15
4080,1626,37,3,32224.91,0.1
4081,1626,93,3,34199.76,0.0
4082,1627,5,1,55610.54,0.15
4083,1627,19,1,73662.65,0.1
4084,1627,3,2,26786.94,0.05
4085,1628,42,4,32167.57,0.05
4086,1628,99,4,9464.47,0.0
4087,1628,69,1,38273.87,0.2
4088,1629,50,2,32078.35,0.0
4089,1629,15,2,45459.24,0.2
4090,1630,36,3,94947.11,0.2
4091,1631,53,1,8406.45,0.0
4092,1631,28,2,24101.49,0.15
4093,1631,71,4,98217.13,0.0
4094,1632,99,2,9464.47,0.2
4095,1632,21,4,33408.11,0.1
4096,1632,26,3,40496.99,0.0
4097,1632,13,3,21788.6,0.15
4098,1633,73,2,29426.0,0.15
4099,1634,47,4,66318.14,0.2
4100,1634,29,1,26756.43,0.1
4101,1634,22,4,101373.13,0.2
4102,1634,8,4,77134.84,0.15
4103,1635,48,3,18316.15,0.1
4104,1635,69,4,38273.87,0.05
4105,1636,24,3,35138.54,0.05
4106,1636,1,3,17791.55,0.15
4107,1636,48,1,18316.15,0.15
4108,1637,68,1,54854.09,0.0
4109,1638,35,1,64616.75,0.1
4110,1638,26,1,40496.99,0.0
4111,1638,16,4,64465.1,0.05
4112,1639,75,1,44857.53,0.15
4113,1640,87,1,3831.22,0.15
4114,1640,77,4,78913.67,0.0
4115,1641,52,2,88567.93,0.15
4116,1641,73,4,29426.0,0.0
4117,1641,40,4,54298.36,0.0
4118,1642,3,3,26786.94,0.2
4119,1643,37,4,32224.91,0.0
4120,1643,71,4,98217.13,0.05
4121,1644,65,1,11138.22,0.0
4122,1644,100,1,56950.77,0.1
4123,1644,100,2,56950.77,0.1
4124,1645,25,3,48553.67,0.2
4125,1646,1,4,17791.55,0.2
4126,1646,28,1,24101.49,0.15
4127,1647,88,1,44854.54,0.1
4128,1647,82,2,75348.3,0.0
4129,1648,10,2,62096.2,0.2
4130,1648,17,4,3060.67,0.1
4131,1648,57,2,74958.5,0.05
4132,1649,67,4,28223.22,0.1
4133,1649,99,1,9464.47,0.05
4134,1649,76,1,61617.55,0.05
4135,1649,22,4,101373.13,0.1
4136,1650,4,1,41953.2,0.15
4137,1650,64,1,6802.82,0.0
4138,1650,56,3,35450.02,0.2
4139,1650,93,1,34199.76,0.0
4140,1651,58,1,16793.42,0.0
4141,1652,51,2,90551.07,0.15
4142,1653,31,3,58504.05,0.0
4143,1654,9,3,57045.2,0.15
4144,1654,88,3,44854.54,0.15
4145,1654,83,1,70278.9,0.1
4146,1655,17,2,3060.67,0.1
4147,1656,71,2,98217.13,0.2
4148,1657,37,2,32224.91,0.15
4149,1657,44,3,29062.01,0.15
4150,1657,85,1,33117.32,0.0
4151,1657,85,3,33117.32,0.1
4152,1658,20,4,65645.52,0.0
4153,1658,31,3,58504.05,0.05
4154,1658,83,2,70278.9,0.15
4155,1658,92,2,50328.36,0.1
4156,1659,8,3,77134.84,0.2
4157,1659,84,3,20609.39,0.2
4158,1659,49,2,1098.73,0.0
4159,1659,60,1,48163.29,0.2
4160,1660,8,3,77134.84,0.2
4161,1660,69,3,38273.87,0.0
4162,1661,68,1,54854.09,0.05
4163,1661,67,3,28223.22,0.2
4164,1661,80,1,50304.69,0.0
4165,1662,95,3,74013.57,0.0
4166,1662,85,3,33117.32,0.1
4167,1662,75,1,44857.53,0.2
4168,1663,99,3,9464.47,0.05
4169,1664,68,1,54854.09,0.15
4170,1664,68,2,54854.09,0.15
4171,1664,55,3,11698.2,0.0
4172,1665,77,2,78913.67,0.05
4173,1665,8,4,77134.84,0.15
4174,1665,51,4,90551.07,0.1
4175,1666,43,4,68409.25,0.05
4176,1666,92,1,50328.36,0.05
4177,1667,8,1,77134.84,0.1
4178,1667,65,1,11138.22,0.2
4179,1667,19,3,73662.65,0.1
4180,1667,89,2,41133.84,0.2
4181,1668,86,3,36743.45,0.15
4182,1668,24,2,35138.54,0.1
4183,1668,88,1,44854.54,0.15
4184,1669,50,3,32078.35,0.1
4185,1669,98,3,107440.65,0.15
4186,1669,73,3,29426.0,0.2
4187,1670,4,2,41953.2,0.15
4188,1670,21,3,33408.11,0.0
4189,1670,41,4,34056.89,0.0
4190,1671,22,3,101373.13,0.2
4191,1671,14,4,112855.44,0.2
4192,1671,98,2,107440.65,0.1
4193,1671,87,1,3831.22,0.05
4194,1672,44,4,29062.01,0.2
4195,1672,22,2,101373.13,0.1
4196,1672,19,1,73662.65,0.05
4197,1673,92,1,50328.36,0.05
4198,1673,34,2,84343.9,0.05
4199,1674,2,1,9643.31,0.05
4200,1674,40,3,54298.36,0.05
4201,1674,46,3,83137.14,0.15
4202,1674,63,2,74324.62,0.0
4203,1675,34,1,84343.9,0.05
4204,1675,93,1,34199.76,0.0
4205,1675,65,4,11138.22,0.15
4206,1676,99,2,9464.47,0.2
4207,1676,37,1,32224.91,0.15
4208,1676,66,3,75655.91,0.05
4209,1676,37,4,32224.91,0.1
4210,1677,70,1,8288.85,0.0
4211,1678,75,4,44857.53,0.1
4212,1678,33,3,67830.72,0.05
4213,1679,94,2,24440.89,0.1
4214,1679,86,4,36743.45,0.1
4215,1679,90,2,62376.77,0.15
4216,1679,22,3,101373.13,0.1
4217,1680,72,1,18167.14,0.2
4218,1680,11,1,29179.55,0.0
4219,1680,11,4,29179.55,0.2
4220,1681,98,4,107440.65,0.15
4221,1681,16,1,64465.1,0.15
4222,1681,87,1,3831.22,0.2
4223,1681,44,3,29062.01,0.0
4224,1682,31,4,58504.05,0.05
4225,1683,8,3,77134.84,0.0
4226,1684,68,3,54854.09,0.15
4227,1684,73,2,29426.0,0.05
4228,1684,47,1,66318.14,0.05
4229,1684,81,4,6985.99,0.15
4230,1685,33,4,67830.72,0.1
4231,1685,56,2,35450.02,0.15
4232,1686,29,3,26756.43,0.2
4233,1686,59,1,17097.25,0.05
4234,1686,14,2,112855.44,0.2
4235,1687,48,1,18316.15,0.1
4236,1687,55,2,11698.2,0.05
4237,1688,56,1,35450.02,0.2
4238,1688,45,3,16072.3,0.1
4239,1689,65,1,11138.22,0.0
4240,1689,52,3,88567.93,0.05
4241,1689,29,3,26756.43,0.2
4242,1689,22,4,101373.13,0.1
4243,1690,65,1,11138.22,0.1
4244,1691,94,2,24440.89,0.15
4245,1691,76,1,61617.55,0.0
4246,1691,64,3,6802.82,0.0
4247,1691,93,1,34199.76,0.1
4248,1692,90,3,62376.77,0.2
4249,1692,51,4,90551.07,0.0
4250,1692,11,3,29179.55,0.15
4251,1692,64,1,6802.82,0.2
4252,1693,63,2,74324.62,0.0
4253,1693,28,3,24101.49,0.0
4254,1693,85,2,33117.32,0.2
4255,1694,87,2,3831.22,0.0
4256,1694,34,4,84343.9,0.15
4257,1695,48,4,18316.15,0.15
4258,1696,20,2,65645.52,0.05
4259,1696,18,2,25661.34,0.05
4260,1696,27,1,45811.61,0.1
4261,1697,37,2,32224.91,0.1
4262,1697,28,3,24101.49,0.2
4263,1698,16,3,64465.1,0.1
4264,1699,45,2,16072.3,0.2
4265,1699,63,1,74324.62,0.05
4266,1700,33,1,67830.72,0.05
4267,1700,54,1,47164.35,0.05
4268,1700,28,1,24101.49,0.15
4269,1700,71,1,98217.13,0.0
4270,1701,65,3,11138.22,0.2
4271,1701,97,4,57944.43,0.15
4272,1702,6,4,11835.67,0.2
4273,1703,86,3,36743.45,0.2
4274,1703,35,2,64616.75,0.0
4275,1703,7,4,47293.79,0.15
4276,1704,69,1,38273.87,0.1
4277,1705,18,3,25661.34,0.15
4278,1705,18,4,25661.34,0.2
4279,1705,98,3,107440.65,0.1
4280,1705,23,2,78220.4,0.0
4281,1706,55,3,11698.2,0.2
4282,1706,21,4,33408.11,0.1
4283,1706,13,1,21788.6,0.1
4284,1706,1,3,17791.55,0.1
4285,1707,2,1,9643.31,0.2
4286,1707,48,1,18316.15,0.1
4287,1707,44,4,29062.01,0.05
4288,1707,4,2,41953.2,0.15
4289,1708,35,1,64616.75,0.15
4290,1708,28,2,24101.49,0.0
4291,1708,58,1,16793.42,0.1
4292,1708,100,4,56950.77,0.15
4293,1709,70,4,8288.85,0.2
4294,1710,92,1,50328.36,0.05
4295,1711,20,1,65645.52,0.1
4296,1711,22,4,101373.13,0.2
4297,1712,76,4,61617.55,0.1
4298,1712,32,4,58569.82,0.1
4299,1713,85,3,33117.32,0.0
4300,1713,47,4,66318.14,0.0
4301,1713,21,2,33408.11,0.15
4302,1713,85,4,33117.32,0.2
4303,1714,56,4,35450.02,0.15
4304,1714,81,1,6985.99,0.15
4305,1714,46,1,83137.14,0.15
4306,1715,13,3,21788.6,0.05
4307,1715,69,4,38273.87,0.1
4308,1715,13,4,21788.6,0.05
4309,1716,67,1,28223.22,0.05
4310,1716,42,2,32167.57,0.1
4311,1716,80,4,50304.69,0.15
4312,1716,88,1,44854.54,0.2
4313,1717,41,3,34056.89,0.05
4314,1717,89,2,41133.84,0.05
4315,1717,12,1,43161.08,0.0
4316,1718,11,1,29179.55,0.2
4317,1718,100,3,56950.77,0.15
4318,1719,58,4,16793.42,0.05
4319,1719,46,1,83137.14,0.2
4320,1720,16,2,64465.1,0.15
4321,1720,29,1,26756.43,0.1
4322,1720,69,3,38273.87,0.05
4323,1721,83,4,70278.9,0.1
4324,1722,92,4,50328.36,0.0
4325,1722,41,2,34056.89,0.0
4326,1722,46,2,83137.14,0.2
4327,1723,17,2,3060.67,0.05
4328,1723,9,4,57045.2,0.0
4329,1723,44,2,29062.01,0.2
4330,1724,58,1,16793.42,0.2
4331,1724,11,4,29179.55,0.2
4332,1724,41,1,34056.89,0.0
4333,1725,65,4,11138.22,0.2
4334,1725,82,1,75348.3,0.05
4335,1725,94,3,24440.89,0.0
4336,1726,35,2,64616.75,0.2
4337,1726,40,3,54298.36,0.05
4338,1726,88,2,44854.54,0.15
4339,1726,70,2,8288.85,0.0
4340,1727,28,2,24101.49,0.0
4341,1727,69,4,38273.87,0.2
4342,1727,16,1,64465.1,0.1
4343,1727,45,1,16072.3,0.2
4344,1728,31,1,58504.05,0.0
4345,1728,100,3,56950.77,0.2
4346,1728,4,3,41953.2,0.2
4347,1729,86,3,36743.45,0.2
4348,1729,29,1,26756.43,0.0
4349,1730,4,4,41953.2,0.0
4350,1731,67,4,28223.22,0.1
4351,1731,68,4,54854.09,0.0
4352,1731,15,4,45459.24,0.0
4353,1731,4,2,41953.2,0.2
4354,1732,12,3,43161.08,0.15
4355,1732,41,2,34056.89,0.2
4356,1732,14,3,112855.44,0.2
4357,1732,71,2,98217.13,0.0
4358,1733,8,3,77134.84,0.2
4359,1733,79,4,71983.06,0.0
4360,1733,88,3,44854.54,0.05
4361,1734,72,4,18167.14,0.05
4362,1734,95,4,74013.57,0.05
4363,1734,94,1,24440.89,0.15
4364,1734,5,4,55610.54,0.0
4365,1735,35,4,64616.75,0.2
4366,1735,77,2,78913.67,0.2
4367,1735,34,3,84343.9,0.15
4368,1735,74,3,65143.62,0.0
4369,1736,78,4,61027.77,0.1
4370,1736,100,4,56950.77,0.15
4371,1736,33,1,67830.72,0.05
4372,1736,35,1,64616.75,0.05
4373,1737,3,1,26786.94,0.1
4374,1737,29,3,26756.43,0.2
4375,1737,29,4,26756.43,0.0
4376,1738,46,3,83137.14,0.1
4377,1739,43,1,68409.25,0.05
4378,1740,86,3,36743.45,0.1
4379,1741,78,2,61027.77,0.0
4380,1741,73,2,29426.0,0.2
4381,1742,1,4,17791.55,0.1
4382,1742,48,2,18316.15,0.2
4383,1742,73,3,29426.0,0.0
4384,1743,25,1,48553.67,0.1
4385,1743,43,2,68409.25,0.15
4386,1744,73,3,29426.0,0.15
4387,1745,80,3,50304.69,0.0
4388,1746,86,4,36743.45,0.15
4389,1746,43,2,68409.25,0.0
4390,1746,40,4,54298.36,0.1
4391,1746,39,4,21356.09,0.0
4392,1747,67,2,28223.22,0.0
4393,1747,42,1,32167.57,0.15
4394,1747,41,2,34056.89,0.15
4395,1747,17,3,3060.67,0.2
4396,1748,48,4,18316.15,0.15
4397,1748,24,3,35138.54,0.1
4398,1749,53,3,8406.45,0.0
4399,1749,89,1,41133.84,0.15
4400,1749,78,3,61027.77,0.05
4401,1749,48,4,18316.15,0.0
4402,1750,98,2,107440.65,0.15
4403,1750,99,4,9464.47,0.1
4404,1750,45,1,16072.3,0.0
4405,1751,77,4,78913.67,0.1
4406,1751,35,4,64616.75,0.15
4407,1751,88,3,44854.54,0.1
4408,1751,38,3,46602.83,0.15
4409,1752,26,4,40496.99,0.1
4410,1752,14,2,112855.44,0.05
4411,1752,85,1,33117.32,0.05
4412,1752,30,4,59827.04,0.05
4413,1753,82,1,75348.3,0.2
4414,1753,9,3,57045.2,0.05
4415,1753,51,2,90551.07,0.15
4416,1754,43,4,68409.25,0.05
4417,1754,44,4,29062.01,0.1
4418,1755,17,2,3060.67,0.15
4419,1755,8,3,77134.84,0.1
4420,1755,35,2,64616.75,0.15
4421,1756,48,2,18316.15,0.2
4422,1756,80,4,50304.69,0.2
4423,1757,47,2,66318.14,0.2
4424,1757,25,4,48553.67,0.0
4425,1758,27,3,45811.61,0.15
4426,1758,62,4,77931.24,0.15
4427,1758,44,3,29062.01,0.1
4428,1759,91,4,68165.0,0.05
4429,1759,44,2,29062.01,0.0
4430,1759,57,2,74958.5,0.2
4431,1760,7,2,47293.79,0.2
4432,1760,20,1,65645.52,0.0
4433,1760,86,1,36743.45,0.1
4434,1761,35,2,64616.75,0.1
4435,1761,43,4,68409.25,0.0
4436,1762,60,4,48163.29,0.1
4437,1762,6,3,11835.67,0.2
4438,1763,51,2,90551.07,0.05
4439,1764,35,3,64616.75,0.15
4440,1764,15,4,45459.24,0.2
4441,1764,42,1,32167.57,0.1
4442,1765,45,4,16072.3,0.0
4443,1765,19,4,73662.65,0.05
4444,1765,55,4,11698.2,0.0
4445,1766,75,1,44857.53,0.05
4446,1766,27,4,45811.61,0.15
4447,1766,97,3,57944.43,0.05
4448,1766,62,3,77931.24,0.1
4449,1767,78,1,61027.77,0.2
4450,1767,8,2,77134.84,0.05
4451,1767,77,2,78913.67,0.2
4452,1768,34,4,84343.9,0.05
4453,1768,72,2,18167.14,0.15
4454,1769,81,1,6985.99,0.0
4455,1770,26,4,40496.99,0.05
4456,1771,26,1,40496.99,0.2
4457,1771,6,4,11835.67,0.1
4458,1772,61,4,59250.67,0.1
4459,1772,78,2,61027.77,0.1
4460,1773,42,3,32167.57,0.05
4461,1773,17,4,3060.67,0.2
4462,1774,32,3,58569.82,0.05
4463,1774,41,3,34056.89,0.0
4464,1775,92,1,50328.36,0.2
4465,1775,13,3,21788.6,0.0
4466,1775,35,3,64616.75,0.2
4467,1775,64,3,6802.82,0.05
4468,1776,24,4,35138.54,0.0
4469,1777,89,4,41133.84,0.05
4470,1777,91,3,68165.0,0.15
4471,1778,39,2,21356.09,0.1
4472,1779,75,2,44857.53,0.0
4473,1779,76,1,61617.55,0.05
4474,1780,69,3,38273.87,0.05
4475,1780,19,2,73662.65,0.15
4476,1780,5,4,55610.54,0.2
4477,1781,35,4,64616.75,0.05
4478,1782,14,4,112855.44,0.2
4479,1782,30,4,59827.04,0.1
4480,1783,64,2,6802.82,0.0
4481,1784,59,2,17097.25,0.05
4482,1784,21,3,33408.11,0.2
4483,1784,2,2,9643.31,0.2
4484,1784,23,2,78220.4,0.15
4485,1785,46,3,83137.14,0.05
4486,1785,78,2,61027.77,0.15
4487,1785,37,4,32224.91,0.15
4488,1786,29,1,26756.43,0.15
4489,1787,56,2,35450.02,0.1
4490,1788,8,3,77134.84,0.1
4491,1789,23,4,78220.4,0.2
4492,1789,4,3,41953.2,0.2
4493,1790,53,1,8406.45,0.1
4494,1790,45,2,16072.3,0.05
4495,1790,59,4,17097.25,0.1
4496,1790,62,2,77931.24,0.1
4497,1791,40,2,54298.36,0.15
4498,1791,87,1,3831.22,0.05
4499,1791,92,3,50328.36,0.0
4500,1792,12,1,43161.08,0.2
4501,1792,93,2,34199.76,0.2
4502,1792,20,3,65645.52,0.0
4503,1792,25,4,48553.67,0.05
4504,1793,53,1,8406.45,0.1
4505,1793,3,2,26786.94,0.15
4506,1794,37,1,32224.91,0.15
4507,1794,20,2,65645.52,0.05
4508,1795,49,4,1098.73,0.05
4509,1795,82,2,75348.3,0.1
4510,1796,93,2,34199.76,0.05
4511,1797,22,2,101373.13,0.1
4512,1797,55,4,11698.2,0.05
4513,1797,48,3,18316.15,0.0
4514,1797,42,3,32167.57,0.15
4515,1798,64,4,6802.82,0.15
4516,1799,99,3,9464.47,0.05
4517,1799,41,3,34056.89,0.1
4518,1800,7,3,47293.79,0.1
4519,1800,92,3,50328.36,0.0
4520,1800,94,1,24440.89,0.1
4521,1801,33,2,67830.72,0.1
4522,1802,51,4,90551.07,0.2
4523,1802,87,1,3831.22,0.05
4524,1803,51,4,90551.07,0.15
4525,1803,49,3,1098.73,0.05
4526,1804,93,2,34199.76,0.0
4527,1804,83,1,70278.9,0.05
4528,1805,51,4,90551.07,0.2
4529,1806,17,1,3060.67,0.05
4530,1807,44,3,29062.01,0.2
4531,1808,68,1,54854.09,0.15
4532,1808,28,4,24101.49,0.15
4533,1809,54,1,47164.35,0.15
4534,1810,66,4,75655.91,0.1
4535,1810,9,3,57045.2,0.15
4536,1810,57,1,74958.5,0.0
4537,1810,74,3,65143.62,0.15
4538,1811,22,4,101373.13,0.15
4539,1812,55,1,11698.2,0.0
4540,1812,71,4,98217.13,0.1
4541,1812,5,4,55610.54,0.1
4542,1813,65,3,11138.22,0.05
4543,1813,26,2,40496.99,0.0
4544,1813,40,1,54298.36,0.0
4545,1814,65,2,11138.22,0.05
4546,1814,1,4,17791.55,0.05
4547,1815,2,3,9643.31,0.05
4548,1815,45,3,16072.3,0.15
4549,1815,95,4,74013.57,0.1
4550,1815,1,2,17791.55,0.0
4551,1816,79,1,71983.06,0.0
4552,1817,8,4,77134.84,0.15
4553,1818,49,3,1098.73,0.2
4554,1818,44,3,29062.01,0.2
4555,1819,47,3,66318.14,0.15
4556,1820,9,4,57045.2,0.05
4557,1820,76,4,61617.55,0.15
4558,1821,28,3,24101.49,0.0
4559,1821,78,4,61027.77,0.0
4560,1822,66,2,75655.91,0.0
4561,1822,56,3,35450.02,0.0
4562,1822,31,4,58504.05,0.05
4563,1822,66,1,75655.91,0.0
4564,1823,100,3,56950.77,0.2
4565,1823,93,3,34199.76,0.15
4566,1824,92,3,50328.36,0.15
4567,1824,22,4,101373.13,0.0
4568,1824,59,2,17097.25,0.2
4569,1824,40,1,54298.36,0.0
4570,1825,97,1,57944.43,0.2
4571,1825,96,4,57246.92,0.15
4572,1825,87,3,3831.22,0.05
4573,1825,17,3,3060.67,0.0
4574,1826,32,2,58569.82,0.15
4575,1826,72,2,18167.14,0.2
4576,1826,75,4,44857.53,0.1
4577,1826,36,3,94947.11,0.0
4578,1827,14,4,112855.44,0.1
4579,1828,14,4,112855.44,0.1
4580,1828,69,4,38273.87,0.05
4581,1828,46,3,83137.14,0.2
4582,1828,50,1,32078.35,0.05
4583,1829,82,3,75348.3,0.05
4584,1829,2,3,9643.31,0.15
4585,1829,76,3,61617.55,0.15
4586,1830,28,1,24101.49,0.15
4587,1830,94,4,24440.89,0.1
4588,1830,96,4,57246.92,0.05
4589,1830,51,2,90551.07,0.05
4590,1831,32,2,58569.82,0.0
4591,1831,24,1,35138.54,0.0
4592,1832,19,4,73662.65,0.1
4593,1832,100,1,56950.77,0.1
4594,1832,19,2,73662.65,0.15
4595,1832,45,2,16072.3,0.2
4596,1833,48,2,18316.15,0.1
4597,1833,68,3,54854.09,0.0
4598,1833,85,4,33117.32,0.0
4599,1834,56,4,35450.02,0.05
4600,1835,76,3,61617.55,0.05
4601,1835,57,1,74958.5,0.0
4602,1836,44,4,29062.01,0.15
4603,1837,16,2,64465.1,0.05
4604,1837,21,4,33408.11,0.15
4605,1837,44,2,29062.01,0.05
4606,1837,5,3,55610.54,0.0
4607,1838,32,2,58569.82,0.0
4608,1838,47,2,66318.14,0.1
4609,1839,48,1,18316.15,0.1
4610,1840,82,3,75348.3,0.1
4611,1840,97,2,57944.43,0.2
4612,1840,73,4,29426.0,0.15
4613,1841,8,2,77134.84,0.15
4614,1841,41,4,34056.89,0.0
4615,1842,73,2,29426.0,0.1
4616,1843,60,2,48163.29,0.15
4617,1843,46,1,83137.14,0.1
4618,1843,44,3,29062.01,0.2
4619,1843,41,1,34056.89,0.1
4620,1844,58,2,16793.42,0.05
4621,1844,18,4,25661.34,0.2
4622,1844,52,3,88567.93,0.05
4623,1844,21,3,33408.11,0.1
4624,1845,69,4,38273.87,0.0
4625,1845,87,4,3831.22,0.0
4626,1845,51,4,90551.07,0.0
4627,1846,39,3,21356.09,0.1
4628,1846,95,2,74013.57,0.2
4629,1846,66,1,75655.91,0.0
4630,1847,43,2,68409.25,0.2
4631,1847,3,3,26786.94,0.2
4632,1848,2,2,9643.31,0.0
4633,1848,23,3,78220.4,0.0
4634,1848,24,1,35138.54,0.2
4635,1849,73,1,29426.0,0.1
4636,1849,51,2,90551.07,0.0
4637,1849,100,1,56950.77,0.2
4638,1850,55,4,11698.2,0.1
4639,1851,91,2,68165.0,0.15
4640,1852,56,2,35450.02,0.15
4641,1852,36,2,94947.11,0.05
4642,1853,72,2,18167.14,0.05
4643,1853,45,4,16072.3,0.0
4644,1854,28,3,24101.49,0.1
4645,1855,48,1,18316.15,0.2
4646,1856,67,1,28223.22,0.15
4647,1856,38,1,46602.83,0.15
4648,1856,71,2,98217.13,0.0
4649,1856,99,3,9464.47,0.1
4650,1857,42,4,32167.57,0.2
4651,1857,30,2,59827.04,0.0
4652,1858,41,1,34056.89,0.05
4653,1858,84,1,20609.39,0.15
4654,1858,18,2,25661.34,0.0
4655,1859,98,2,107440.65,0.05
4656,1859,42,3,32167.57,0.2
4657,1859,85,1,33117.32,0.0
4658,1860,79,1,71983.06,0.1
4659,1860,79,3,71983.06,0.05
4660,1860,91,2,68165.0,0.05
4661,1861,19,2,73662.65,0.05
4662,1861,60,1,48163.29,0.05
4663,1861,10,1,62096.2,0.15
4664,1862,30,2,59827.04,0.0
4665,1862,5,2,55610.54,0.0
4666,1863,69,4,38273.87,0.05
4667,1863,61,4,59250.67,0.2
4668,1863,75,2,44857.53,0.05
4669,1863,18,2,25661.34,0.0
4670,1864,34,2,84343.9,0.1
4671,1864,68,3,54854.09,0.15
4672,1865,83,2,70278.9,0.1
4673,1865,89,4,41133.84,0.0
4674,1865,8,4,77134.84,0.2
4675,1865,41,2,34056.89,0.2
4676,1866,2,1,9643.31,0.2
4677,1866,82,1,75348.3,0.2
4678,1867,13,4,21788.6,0.05
4679,1868,83,2,70278.9,0.1
4680,1868,16,2,64465.1,0.2
4681,1868,2,3,9643.31,0.1
4682,1868,88,4,44854.54,0.2
4683,1869,44,2,29062.01,0.15
4684,1870,43,2,68409.25,0.2
4685,1870,65,4,11138.22,0.0
4686,1870,28,1,24101.49,0.15
4687,1870,70,4,8288.85,0.2
4688,1871,43,3,68409.25,0.0
4689,1872,28,1,24101.49,0.15
4690,1873,40,1,54298.36,0.0
4691,1873,1,3,17791.55,0.2
4692,1873,31,4,58504.05,0.2
4693,1874,60,1,48163.29,0.0
4694,1874,14,3,112855.44,0.1
4695,1874,12,4,43161.08,0.05
4696,1874,66,3,75655.91,0.2
4697,1875,43,3,68409.25,0.05
4698,1875,14,1,112855.44,0.15
4699,1876,75,3,44857.53,0.0
4700,1877,78,3,61027.77,0.05
4701,1878,4,1,41953.2,0.2
4702,1878,21,2,33408.11,0.05
4703,1878,38,4,46602.83,0.15
4704,1878,74,4,65143.62,0.2
4705,1879,8,1,77134.84,0.2
4706,1879,81,3,6985.99,0.0
4707,1879,32,3,58569.82,0.05
4708,1880,13,3,21788.6,0.15
4709,1881,87,3,3831.22,0.2
4710,1881,9,4,57045.2,0.2
4711,1882,13,2,21788.6,0.15
4712,1882,95,3,74013.57,0.0
4713,1883,52,3,88567.93,0.15
4714,1884,47,3,66318.14,0.05
4715,1884,69,4,38273.87,0.2
4716,1884,64,1,6802.82,0.1
4717,1884,62,4,77931.24,0.0
4718,1885,3,3,26786.94,0.2
4719,1885,56,4,35450.02,0.2
4720,1885,28,2,24101.49,0.1
4721,1886,81,2,6985.99,0.2
4722,1887,51,1,90551.07,0.0
4723,1887,13,4,21788.6,0.05
4724,1887,89,4,41133.84,0.0
4725,1888,29,2,26756.43,0.05
4726,1888,28,1,24101.49,0.05
4727,1889,94,3,24440.89,0.1
4728,1890,78,3,61027.77,0.05
4729,1890,86,3,36743.45,0.1
4730,1891,67,1,28223.22,0.05
4731,1892,92,4,50328.36,0.05
4732,1893,12,2,43161.08,0.2
4733,1893,60,3,48163.29,0.1
4734,1893,30,4,59827.04,0.0
4735,1893,40,3,54298.36,0.05
4736,1894,24,1,35138.54,0.2
4737,1894,21,4,33408.11,0.0
4738,1894,45,3,16072.3,0.2
4739,1895,92,4,50328.36,0.05
4740,1896,64,3,6802.82,0.15
4741,1896,35,4,64616.75,0.1
4742,1896,44,4,29062.01,0.15
4743,1896,53,1,8406.45,0.15
4744,1897,25,1,48553.67,0.0
4745,1897,53,1,8406.45,0.05
4746,1897,70,4,8288.85,0.1
4747,1898,25,1,48553.67,0.05
4748,1898,59,2,17097.25,0.05
4749,1898,71,4,98217.13,0.2
4750,1898,52,2,88567.93,0.05
4751,1899,30,1,59827.04,0.0
4752,1899,56,2,35450.02,0.1
4753,1899,80,1,50304.69,0.0
4754,1900,23,2,78220.4,0.0
4755,1900,58,3,16793.42,0.2
4756,1901,69,3,38273.87,0.05
4757,1901,33,3,67830.72,0.0
4758,1901,39,1,21356.09,0.15
4759,1902,89,4,41133.84,0.1
4760,1902,37,2,32224.91,0.1
4761,1902,60,2,48163.29,0.1
4762,1903,15,3,45459.24,0.0
4763,1903,93,1,34199.76,0.2
4764,1903,60,2,48163.29,0.0
4765,1904,77,2,78913.67,0.1
4766,1905,61,1,59250.67,0.05
4767,1905,36,4,94947.11,0.15
4768,1906,35,2,64616.75,0.1
4769,1907,71,1,98217.13,0.05
4770,1907,86,2,36743.45,0.1
4771,1908,13,4,21788.6,0.05
4772,1909,85,3,33117.32,0.0
4773,1910,84,3,20609.39,0.2
4774,1910,11,4,29179.55,0.15
4775,1910,11,1,29179.55,0.15
4776,1910,70,3,8288.85,0.2
4777,1911,85,2,33117.32,0.2
4778,1912,40,3,54298.36,0.1
4779,1912,65,4,11138.22,0.15
4780,1912,100,1,56950.77,0.1
4781,1912,33,1,67830.72,0.05
4782,1913,23,4,78220.4,0.15
4783,1914,100,2,56950.77,0.2
4784,1914,29,2,26756.43,0.2
4785,1914,48,1,18316.15,0.1
4786,1914,45,2,16072.3,0.2
4787,1915,53,1,8406.45,0.0
4788,1915,27,1,45811.61,0.0
4789,1916,68,1,54854.09,0.1
4790,1916,70,1,8288.85,0.05
4791,1916,21,4,33408.11,0.2
4792,1917,49,4,1098.73,0.0
4793,1917,6,4,11835.67,0.1
4794,1918,23,1,78220.4,0.15
4795,1918,99,2,9464.47,0.0
4796,1919,51,2,90551.07,0.0
4797,1919,63,3,74324.62,0.1
4798,1920,89,1,41133.84,0.2
4799,1920,72,1,18167.14,0.0
4800,1920,80,4,50304.69,0.0
4801,1921,72,2,18167.14,0.2
4802,1921,50,4,32078.35,0.15
4803,1922,64,1,6802.82,0.15
4804,1922,29,4,26756.43,0.05
4805,1922,90,3,62376.77,0.05
4806,1923,18,4,25661.34,0.1
4807,1923,89,3,41133.84,0.05
4808,1923,88,4,44854.54,0.1
4809,1923,15,2,45459.24,0.2
4810,1924,72,2,18167.14,0.15
4811,1924,99,1,9464.47,0.2
4812,1925,58,1,16793.42,0.1
4813,1925,35,4,64616.75,0.15
4814,1926,88,2,44854.54,0.1
4815,1927,52,1,88567.93,0.15
4816,1927,13,2,21788.6,0.15
4817,1928,25,2,48553.67,0.2
4818,1929,69,3,38273.87,0.2
4819,1930,46,1,83137.14,0.0
4820,1930,22,1,101373.13,0.15
4821,1930,80,3,50304.69,0.15
4822,1930,13,1,21788.6,0.15
4823,1931,22,2,101373.13,0.0
4824,1932,47,3,66318.14,0.1
4825,1932,4,3,41953.2,0.2
4826,1933,39,1,21356.09,0.2
4827,1933,91,3,68165.0,0.05
4828,1933,95,1,74013.57,0.1
4829,1933,88,1,44854.54,0.2
4830,1934,33,1,67830.72,0.2
4831,1934,7,3,47293.79,0.05
4832,1934,82,3,75348.3,0.2
4833,1934,38,3,46602.83,0.2
4834,1935,75,1,44857.53,0.0
4835,1936,12,2,43161.08,0.0
4836,1937,67,1,28223.22,0.0
4837,1937,59,2,17097.25,0.0
4838,1938,93,1,34199.76,0.15
4839,1938,11,3,29179.55,0.05
4840,1938,41,4,34056.89,0.15
4841,1939,99,4,9464.47,0.0
4842,1939,39,1,21356.09,0.15
4843,1939,66,1,75655.91,0.15
4844,1939,17,1,3060.67,0.2
4845,1940,73,4,29426.0,0.05
4846,1941,28,4,24101.49,0.1
4847,1942,58,1,16793.42,0.1
4848,1942,88,4,44854.54,0.05
4849,1943,67,3,28223.22,0.15
4850,1943,48,1,18316.15,0.1
4851,1943,20,2,65645.52,0.2
4852,1943,35,2,64616.75,0.0
4853,1944,85,4,33117.32,0.05
4854,1945,22,1,101373.13,0.1
4855,1945,66,1,75655.91,0.1
4856,1946,49,3,1098.73,0.2
4857,1947,33,2,67830.72,0.15
4858,1948,72,2,18167.14,0.0
4859,1948,37,4,32224.91,0.1
4860,1948,29,4,26756.43,0.2
4861,1948,53,3,8406.45,0.2
4862,1949,76,4,61617.55,0.2
4863,1950,87,4,3831.22,0.1
4864,1950,63,3,74324.62,0.0
4865,1951,67,4,28223.22,0.05
4866,1951,79,1,71983.06,0.2
4867,1951,27,1,45811.61,0.05
4868,1951,26,4,40496.99,0.15
4869,1952,49,1,1098.73,0.0
4870,1952,64,3,6802.82,0.1
4871,1952,65,2,11138.22,0.2
4872,1953,16,4,64465.1,0.05
4873,1954,79,3,71983.06,0.0
4874,1954,37,1,32224.91,0.05
4875,1955,88,2,44854.54,0.0
4876,1955,73,3,29426.0,0.15
4877,1955,99,4,9464.47,0.0
4878,1955,64,4,6802.82,0.05
4879,1956,53,4,8406.45,0.1
4880,1956,19,4,73662.65,0.05
4881,1957,40,4,54298.36,0.15
4882,1957,86,3,36743.45,0.2
4883,1957,39,2,21356.09,0.2
4884,1958,6,3,11835.67,0.15
4885,1958,25,4,48553.67,0.2
4886,1958,60,2,48163.29,0.15
4887,1959,63,4,74324.62,0.0
4888,1959,99,3,9464.47,0.2
4889,1959,94,1,24440.89,0.1
4890,1960,54,4,47164.35,0.0
4891,1961,56,4,35450.02,0.15
4892,1961,81,3,6985.99,0.05
4893,1961,5,1,55610.54,0.1
4894,1961,60,1,48163.29,0.15
4895,1962,48,4,18316.15,0.0
4896,1962,79,1,71983.06,0.1
4897,1962,81,2,6985.99,0.0
4898,1962,66,3,75655.91,0.0
4899,1963,66,1,75655.91,0.05
4900,1964,70,4,8288.85,0.15
4901,1964,59,3,17097.25,0.1
4902,1964,23,1,78220.4,0.0
4903,1964,29,2,26756.43,0.15
4904,1965,75,2,44857.53,0.1
4905,1965,62,1,77931.24,0.0
4906,1965,24,4,35138.54,0.1
4907,1965,88,2,44854.54,0.05
4908,1966,99,3,9464.47,0.15
4909,1966,63,3,74324.62,0.2
4910,1966,23,1,78220.4,0.05
4911,1967,94,3,24440.89,0.15
4912,1967,24,2,35138.54,0.0
4913,1968,44,1,29062.01,0.1
4914,1968,86,2,36743.45,0.2
4915,1969,53,3,8406.45,0.0
4916,1969,25,1,48553.67,0.2
4917,1969,9,4,57045.2,0.0
4918,1969,37,3,32224.91,0.1
4919,1970,68,2,54854.09,0.0
4920,1971,72,3,18167.14,0.0
4921,1971,23,2,78220.4,0.05
4922,1971,16,3,64465.1,0.1
4923,1971,71,1,98217.13,0.15
4924,1972,16,3,64465.1,0.05
4925,1972,7,1,47293.79,0.1
4926,1972,49,1,1098.73,0.0
4927,1972,58,2,16793.42,0.15
4928,1973,25,1,48553.67,0.0
4929,1973,22,2,101373.13,0.2
4930,1973,24,1,35138.54,0.0
4931,1974,35,1,64616.75,0.15
4932,1974,1,1,17791.55,0.05
4933,1975,2,4,9643.31,0.2
4934,1975,38,3,46602.83,0.05
4935,1975,2,1,9643.31,0.2
4936,1976,32,1,58569.82,0.2
4937,1977,59,4,17097.25,0.1
4938,1977,4,3,41953.2,0.1
4939,1977,62,4,77931.24,0.05
4940,1977,63,1,74324.62,0.1
4941,1978,58,2,16793.42,0.1
4942,1978,63,1,74324.62,0.0
4943,1979,81,2,6985.99,0.05
4944,1980,8,1,77134.84,0.2
4945,1980,17,1,3060.67,0.2
4946,1980,32,3,58569.82,0.0
4947,1980,69,4,38273.87,0.15
4948,1981,88,3,44854.54,0.05
4949,1981,92,4,50328.36,0.15
4950,1981,59,4,17097.25,0.15
4951,1982,42,4,32167.57,0.2
4952,1982,42,1,32167.57,0.15
4953,1982,6,2,11835.67,0.2
4954,1983,47,3,66318.14,0.2
4955,1984,52,4,88567.93,0.15
4956,1984,21,4,33408.11,0.1
4957,1984,77,3,78913.67,0.05
4958,1984,82,2,75348.3,0.05
4959,1985,31,2,58504.05,0.05
4960,1985,92,1,50328.36,0.05
4961,1985,11,2,29179.55,0.05
4962,1986,92,1,50328.36,0.1
4963,1986,77,4,78913.67,0.05
4964,1986,23,1,78220.4,0.05
4965,1986,66,2,75655.91,0.15
4966,1987,32,4,58569.82,0.05
4967,1987,80,4,50304.69,0.0
4968,1987,17,2,3060.67,0.0
4969,1987,25,2,48553.67,0.15
4970,1988,31,3,58504.05,0.2
4971,1989,20,4,65645.52,0.15
4972,1990,34,4,84343.9,0.0
4973,1990,61,3,59250.67,0.1
4974,1990,64,2,6802.82,0.05
4975,1990,56,2,35450.02,0.05
4976,1991,19,3,73662.65,0.2
4977,1991,21,4,33408.11,0.2
4978,1991,92,1,50328.36,0.15
4979,1992,26,4,40496.99,0.1
4980,1992,11,2,29179.55,0.1
4981,1993,46,1,83137.14,0.2
4982,1993,1,1,17791.55,0.15
4983,1994,35,2,64616.75,0.1
4984,1994,86,1,36743.45,0.0
4985,1994,27,1,45811.61,0.2
4986,1995,71,2,98217.13,0.2
4987,1995,49,4,1098.73,0.05
4988,1995,36,3,94947.11,0.05
4989,1995,67,1,28223.22,0.2
4990,1996,60,3,48163.29,0.2
4991,1997,32,2,58569.82,0.1
4992,1997,23,3,78220.4,0.05
4993,1997,92,1,50328.36,0.15
4994,1998,17,1,3060.67,0.15
4995,1998,96,2,57246.92,0.2
4996,1998,48,4,18316.15,0.1
4997,1998,100,3,56950.77,0.1
4998,1999,36,1,94947.11,0.0
4999,1999,57,4,74958.5,0.15
5000,2000,62,4,77931.24,0.05
5001,2000,34,3,84343.9,0.05
5002,2001,22,3,101373.13,0.15
5003,2001,53,1,8406.45,0.05
5004,2001,67,3,28223.22,0.05
5005,2001,27,4,45811.61,0.2
5006,2002,77,2,78913.67,0.2
5007,2003,64,1,6802.82,0.1
5008,2003,17,4,3060.67,0.05
5009,2004,94,3,24440.89,0.0
5010,2004,5,3,55610.54,0.15
5011,2005,66,3,75655.91,0.15
5012,2005,44,1,29062.01,0.15
5013,2005,66,1,75655.91,0.15
5014,2005,78,4,61027.77,0.1
5015,2006,69,4,38273.87,0.15
5016,2007,66,1,75655.91,0.15
5017,2007,85,3,33117.32,0.15
5018,2008,71,3,98217.13,0.15
5019,2009,82,2,75348.3,0.0
5020,2009,41,3,34056.89,0.15
5021,2009,21,4,33408.11,0.2
5022,2009,24,4,35138.54,0.1
5023,2010,62,1,77931.24,0.1
5024,2010,54,2,47164.35,0.15
5025,2010,8,4,77134.84,0.1
5026,2011,21,1,33408.11,0.1
5027,2011,97,4,57944.43,0.2
5028,2012,73,2,29426.0,0.0
5029,2012,76,3,61617.55,0.2
5030,2013,20,2,65645.52,0.0
5031,2014,7,4,47293.79,0.05
5032,2014,30,3,59827.04,0.15
5033,2014,86,3,36743.45,0.15
5034,2014,51,2,90551.07,0.2
5035,2015,79,1,71983.06,0.05
5036,2015,49,4,1098.73,0.0
5037,2015,50,2,32078.35,0.05
5038,2016,61,1,59250.67,0.1
5039,2016,96,4,57246.92,0.05
5040,2017,44,1,29062.01,0.05
5041,2017,60,3,48163.29,0.2
5042,2018,92,2,50328.36,0.1
5043,2018,38,4,46602.83,0.15
5044,2018,84,1,20609.39,0.15
5045,2019,54,4,47164.35,0.1
5046,2019,88,1,44854.54,0.15
5047,2019,47,4,66318.14,0.2
5048,2020,63,2,74324.62,0.15
5049,2020,33,1,67830.72,0.05
5050,2021,64,2,6802.82,0.15
5051,2021,33,1,67830.72,0.05
5052,2022,61,2,59250.67,0.0
5053,2022,79,3,71983.06,0.1
5054,2022,44,3,29062.01,0.1
5055,2023,43,3,68409.25,0.1
5056,2023,33,4,67830.72,0.05
5057,2023,74,2,65143.62,0.05
5058,2024,60,3,48163.29,0.2
5059,2024,52,1,88567.93,0.05
5060,2024,3,2,26786.94,0.15
5061,2025,12,3,43161.08,0.05
5062,2026,1,1,17791.55,0.0
5063,2026,86,2,36743.45,0.0
5064,2027,86,1,36743.45,0.05
5065,2027,7,4,47293.79,0.2
5066,2027,5,3,55610.54,0.1
5067,2028,79,3,71983.06,0.15
5068,2028,53,3,8406.45,0.2
5069,2028,31,1,58504.05,0.0
5070,2028,62,1,77931.24,0.0
5071,2029,24,2,35138.54,0.2
5072,2029,20,1,65645.52,0.1
5073,2029,37,2,32224.91,0.15
5074,2030,90,2,62376.77,0.05
5075,2030,77,4,78913.67,0.2
5076,2031,20,2,65645.52,0.15
5077,2031,57,1,74958.5,0.05
5078,2031,89,4,41133.84,0.15
5079,2032,96,1,57246.92,0.0
5080,2033,77,1,78913.67,0.05
5081,2034,13,2,21788.6,0.05
5082,2034,25,1,48553.67,0.15
5083,2034,22,4,101373.13,0.15
5084,2035,16,2,64465.1,0.0
5085,2035,18,4,25661.34,0.2
5086,2035,32,1,58569.82,0.2
5087,2035,56,3,35450.02,0.1
5088,2036,40,1,54298.36,0.05
5089,2036,43,1,68409.25,0.1
5090,2036,25,2,48553.67,0.1
5091,2036,16,4,64465.1,0.15
5092,2037,100,2,56950.77,0.05
5093,2037,60,4,48163.29,0.0
5094,2037,23,1,78220.4,0.15
5095,2038,81,2,6985.99,0.15
5096,2039,84,3,20609.39,0.05
5097,2039,97,2,57944.43,0.15
5098,2039,16,3,64465.1,0.1
5099,2039,64,3,6802.82,0.1
5100,2040,99,1,9464.47,0.0
5101,2040,81,3,6985.99,0.05
5102,2041,23,4,78220.4,0.05
5103,2041,90,4,62376.77,0.2
5104,2042,43,2,68409.25,0.2
5105,2042,49,2,1098.73,0.2
5106,2042,56,4,35450.02,0.1
5107,2042,78,4,61027.77,0.05
5108,2043,13,4,21788.6,0.1
5109,2043,54,4,47164.35,0.15
5110,2043,82,2,75348.3,0.15
5111,2044,55,1,11698.2,0.15
5112,2044,28,1,24101.49,0.1
5113,2044,6,2,11835.67,0.15
5114,2045,55,4,11698.2,0.2
5115,2045,71,2,98217.13,0.15
5116,2046,55,2,11698.2,0.1
5117,2046,98,4,107440.65,0.2
5118,2046,61,1,59250.67,0.2
5119,2046,51,3,90551.07,0.15
5120,2047,6,3,11835.67,0.2
5121,2047,56,4,35450.02,0.05
5122,2048,17,2,3060.67,0.1
5123,2048,73,3,29426.0,0.05
5124,2048,17,4,3060.67,0.05
5125,2049,91,4,68165.0,0.15
5126,2049,31,3,58504.05,0.15
5127,2049,44,3,29062.01,0.0
5128,2049,15,4,45459.24,0.15
5129,2050,22,4,101373.13,0.0
5130,2050,93,3,34199.76,0.0
5131,2050,29,2,26756.43,0.1
5132,2051,52,3,88567.93,0.05
5133,2052,99,1,9464.47,0.2
5134,2052,63,3,74324.62,0.0
5135,2053,5,2,55610.54,0.0
5136,2053,36,4,94947.11,0.15
5137,2054,39,3,21356.09,0.05
5138,2054,28,4,24101.49,0.15
5139,2054,25,4,48553.67,0.15
5140,2054,51,4,90551.07,0.0
5141,2055,38,1,46602.83,0.1
5142,2055,30,4,59827.04,0.1
5143,2055,42,2,32167.57,0.0
5144,2056,35,3,64616.75,0.15
5145,2056,23,2,78220.4,0.2
5146,2057,46,2,83137.14,0.2
5147,2057,95,4,74013.57,0.0
5148,2057,51,4,90551.07,0.0
5149,2058,60,3,48163.29,0.2
5150,2058,99,1,9464.47,0.05
5151,2058,62,1,77931.24,0.15
5152,2059,23,1,78220.4,0.05
5153,2059,40,4,54298.36,0.05
5154,2060,49,2,1098.73,0.15
5155,2060,48,1,18316.15,0.05
5156,2061,15,3,45459.24,0.0
5157,2061,11,4,29179.55,0.1
5158,2061,35,3,64616.75,0.0
5159,2061,92,2,50328.36,0.0
5160,2062,72,1,18167.14,0.15
5161,2062,85,4,33117.32,0.1
5162,2062,18,1,25661.34,0.1
5163,2063,42,4,32167.57,0.0
5164,2064,59,1,17097.25,0.0
5165,2064,44,1,29062.01,0.05
5166,2064,42,2,32167.57,0.05
5167,2065,36,1,94947.11,0.1
5168,2065,6,1,11835.67,0.0
5169,2065,86,1,36743.45,0.2
5170,2066,94,3,24440.89,0.05
5171,2066,9,4,57045.2,0.2
5172,2066,42,1,32167.57,0.1
5173,2067,52,3,88567.93,0.1
5174,2067,79,2,71983.06,0.0
5175,2067,99,2,9464.47,0.15
5176,2068,42,2,32167.57,0.0
5177,2068,75,4,44857.53,0.15
5178,2068,94,3,24440.89,0.2
5179,2068,84,3,20609.39,0.05
5180,2069,30,4,59827.04,0.2
5181,2069,82,3,75348.3,0.15
5182,2070,42,1,32167.57,0.0
5183,2070,2,1,9643.31,0.05
5184,2071,76,2,61617.55,0.15
5185,2072,84,1,20609.39,0.15
5186,2072,35,3,64616.75,0.0
5187,2072,46,2,83137.14,0.15
5188,2073,37,1,32224.91,0.2
5189,2073,12,2,43161.08,0.0
5190,2074,100,4,56950.77,0.2
5191,2074,3,4,26786.94,0.1
5192,2075,56,4,35450.02,0.15
5193,2075,2,4,9643.31,0.0
5194,2075,69,3,38273.87,0.15
5195,2076,91,4,68165.0,0.1
5196,2076,65,4,11138.22,0.05
5197,2077,61,3,59250.67,0.15
5198,2077,83,2,70278.9,0.05
5199,2078,98,4,107440.65,0.0
5200,2078,87,2,3831.22,0.1
5201,2079,24,1,35138.54,0.15
5202,2079,57,1,74958.5,0.0
5203,2080,82,3,75348.3,0.2
5204,2081,30,1,59827.04,0.15
5205,2081,68,1,54854.09,0.2
5206,2081,3,1,26786.94,0.1
5207,2081,88,3,44854.54,0.0
5208,2082,62,2,77931.24,0.0
5209,2083,75,3,44857.53,0.1
5210,2083,83,3,70278.9,0.1
5211,2084,22,4,101373.13,0.15
5212,2084,46,1,83137.14,0.15
5213,2084,86,2,36743.45,0.15
5214,2085,17,3,3060.67,0.1
5215,2086,83,2,70278.9,0.0
5216,2086,29,1,26756.43,0.1
5217,2086,58,1,16793.42,0.2
5218,2087,51,2,90551.07,0.2
5219,2087,69,2,38273.87,0.2
5220,2087,84,1,20609.39,0.0
5221,2088,35,2,64616.75,0.1
5222,2088,18,3,25661.34,0.15
5223,2088,43,4,68409.25,0.05
5224,2089,62,3,77931.24,0.1
5225,2089,76,1,61617.55,0.0
5226,2090,76,3,61617.55,0.0
5227,2091,34,1,84343.9,0.0
5228,2091,94,1,24440.89,0.2
5229,2091,9,3,57045.2,0.2
5230,2091,12,2,43161.08,0.1
5231,2092,3,2,26786.94,0.0
5232,2092,93,4,34199.76,0.05
5233,2093,19,1,73662.65,0.1
5234,2093,61,1,59250.67,0.0
5235,2093,82,3,75348.3,0.15
5236,2093,77,2,78913.67,0.2
5237,2094,95,4,74013.57,0.2
5238,2095,6,1,11835.67,0.2
5239,2096,41,2,34056.89,0.2
5240,2096,51,1,90551.07,0.0
5241,2096,70,1,8288.85,0.1
5242,2096,63,2,74324.62,0.1
5243,2097,56,3,35450.02,0.0
5244,2097,31,1,58504.05,0.0
5245,2097,11,4,29179.55,0.1
5246,2097,44,3,29062.01,0.15
5247,2098,26,2,40496.99,0.05
5248,2098,56,4,35450.02,0.1
5249,2098,80,2,50304.69,0.0
5250,2098,56,1,35450.02,0.0
5251,2099,59,4,17097.25,0.1
5252,2099,5,1,55610.54,0.1
5253,2099,65,4,11138.22,0.15
5254,2099,44,4,29062.01,0.2
5255,2100,13,4,21788.6,0.0
5256,2101,22,2,101373.13,0.05
5257,2101,79,3,71983.06,0.2
5258,2101,92,4,50328.36,0.0
5259,2101,51,1,90551.07,0.2
5260,2102,98,2,107440.65,0.2
5261,2102,19,2,73662.65,0.0
5262,2102,30,3,59827.04,0.0
5263,2103,94,3,24440.89,0.15
5264,2104,18,4,25661.34,0.1
5265,2105,66,2,75655.91,0.2
5266,2105,22,1,101373.13,0.1
5267,2105,34,1,84343.9,0.15
5268,2105,48,4,18316.15,0.05
5269,2106,36,2,94947.11,0.05
5270,2106,88,3,44854.54,0.0
5271,2107,98,3,107440.65,0.0
5272,2107,51,4,90551.07,0.0
5273,2107,53,1,8406.45,0.2
5274,2107,6,1,11835.67,0.0
5275,2108,24,3,35138.54,0.1
5276,2109,4,2,41953.2,0.1
5277,2109,86,4,36743.45,0.0
5278,2110,23,1,78220.4,0.2
5279,2110,35,2,64616.75,0.1
5280,2111,85,4,33117.32,0.0
5281,2111,72,4,18167.14,0.0
5282,2112,63,1,74324.62,0.15
5283,2112,4,4,41953.2,0.15
5284,2112,57,1,74958.5,0.1
5285,2113,57,1,74958.5,0.1
5286,2113,32,4,58569.82,0.0
5287,2113,75,1,44857.53,0.0
5288,2113,93,2,34199.76,0.1
5289,2114,26,1,40496.99,0.05
5290,2114,34,3,84343.9,0.05
5291,2114,33,1,67830.72,0.05
5292,2114,84,2,20609.39,0.15
5293,2115,8,2,77134.84,0.05
5294,2115,90,3,62376.77,0.05
5295,2115,78,2,61027.77,0.05
5296,2116,49,1,1098.73,0.15
5297,2117,59,2,17097.25,0.0
5298,2117,90,2,62376.77,0.2
5299,2117,77,2,78913.67,0.1
5300,2117,28,3,24101.49,0.05
5301,2118,6,2,11835.67,0.15
5302,2118,66,2,75655.91,0.2
5303,2118,15,4,45459.24,0.0
5304,2119,9,2,57045.2,0.05
5305,2119,99,2,9464.47,0.0
5306,2119,48,1,18316.15,0.0
5307,2120,66,3,75655.91,0.15
5308,2120,22,3,101373.13,0.0
5309,2120,11,3,29179.55,0.05
5310,2121,7,1,47293.79,0.2
5311,2121,36,2,94947.11,0.15
5312,2121,1,2,17791.55,0.15
5313,2121,43,4,68409.25,0.0
5314,2122,33,2,67830.72,0.2
5315,2122,53,2,8406.45,0.0
5316,2122,59,2,17097.25,0.15
5317,2122,31,4,58504.05,0.15
5318,2123,46,3,83137.14,0.1
5319,2123,8,4,77134.84,0.2
5320,2123,31,2,58504.05,0.2
5321,2124,98,4,107440.65,0.0
5322,2124,100,4,56950.77,0.2
5323,2124,49,3,1098.73,0.05
5324,2125,94,3,24440.89,0.15
5325,2125,51,4,90551.07,0.2
5326,2125,13,4,21788.6,0.1
5327,2126,87,2,3831.22,0.2
5328,2126,42,3,32167.57,0.2
5329,2127,62,2,77931.24,0.1
5330,2127,65,1,11138.22,0.0
5331,2128,31,2,58504.05,0.1
5332,2128,74,4,65143.62,0.2
5333,2128,51,4,90551.07,0.05
5334,2129,37,4,32224.91,0.2
5335,2130,30,4,59827.04,0.0
5336,2130,75,3,44857.53,0.15
5337,2131,25,4,48553.67,0.15
5338,2131,13,1,21788.6,0.0
5339,2131,89,2,41133.84,0.1
5340,2132,34,1,84343.9,0.0
5341,2132,65,4,11138.22,0.05
5342,2132,72,3,18167.14,0.2
5343,2132,84,4,20609.39,0.0
5344,2133,63,2,74324.62,0.2
5345,2133,71,2,98217.13,0.15
5346,2133,84,3,20609.39,0.15
5347,2134,95,3,74013.57,0.05
5348,2134,5,2,55610.54,0.2
5349,2135,75,2,44857.53,0.05
5350,2135,18,3,25661.34,0.1
5351,2136,90,1,62376.77,0.0
5352,2136,5,1,55610.54,0.2
5353,2136,25,1,48553.67,0.15
5354,2137,20,1,65645.52,0.0
5355,2137,61,1,59250.67,0.15
5356,2137,1,1,17791.55,0.0
5357,2138,2,1,9643.31,0.1
5358,2139,51,4,90551.07,0.1
5359,2139,98,1,107440.65,0.2
5360,2139,53,3,8406.45,0.05
5361,2140,45,1,16072.3,0.0
5362,2140,66,4,75655.91,0.1
5363,2141,56,1,35450.02,0.2
5364,2141,39,3,21356.09,0.15
5365,2141,59,3,17097.25,0.0
5366,2142,1,4,17791.55,0.0
5367,2142,25,3,48553.67,0.15
5368,2142,68,3,54854.09,0.15
5369,2142,35,4,64616.75,0.1
5370,2143,6,4,11835.67,0.0
5371,2143,13,2,21788.6,0.05
5372,2143,87,4,3831.22,0.2
5373,2143,33,4,67830.72,0.0
5374,2144,3,3,26786.94,0.05
5375,2144,73,4,29426.0,0.1
5376,2144,54,1,47164.35,0.15
5377,2145,46,3,83137.14,0.2
5378,2145,90,3,62376.77,0.1
5379,2146,32,4,58569.82,0.1
5380,2146,58,1,16793.42,0.05
5381,2147,75,4,44857.53,0.0
5382,2148,61,1,59250.67,0.05
5383,2148,21,2,33408.11,0.05
5384,2148,69,3,38273.87,0.0
5385,2148,75,2,44857.53,0.15
5386,2149,13,4,21788.6,0.05
5387,2149,17,4,3060.67,0.1
5388,2149,68,1,54854.09,0.05
5389,2149,12,2,43161.08,0.1
5390,2150,89,1,41133.84,0.0
5391,2150,11,3,29179.55,0.15
5392,2150,98,4,107440.65,0.15
5393,2150,68,3,54854.09,0.05
5394,2151,45,1,16072.3,0.05
5395,2151,27,1,45811.61,0.15
5396,2152,35,1,64616.75,0.05
5397,2152,75,2,44857.53,0.0
5398,2153,76,3,61617.55,0.05
5399,2153,21,1,33408.11,0.2
5400,2153,55,4,11698.2,0.1
5401,2153,100,2,56950.77,0.05
5402,2154,26,3,40496.99,0.1
5403,2154,70,3,8288.85,0.05
5404,2154,18,3,25661.34,0.15
5405,2155,84,2,20609.39,0.1
5406,2155,18,2,25661.34,0.1
5407,2155,30,2,59827.04,0.1
5408,2156,46,1,83137.14,0.1
5409,2156,38,2,46602.83,0.1
5410,2157,18,4,25661.34,0.05
5411,2157,65,4,11138.22,0.2
5412,2158,2,4,9643.31,0.05
5413,2158,99,2,9464.47,0.2
5414,2158,6,2,11835.67,0.15
5415,2159,34,1,84343.9,0.1
5416,2159,93,2,34199.76,0.05
5417,2159,16,3,64465.1,0.1
5418,2159,8,2,77134.84,0.2
5419,2160,75,3,44857.53,0.0
5420,2160,8,1,77134.84,0.1
5421,2161,90,2,62376.77,0.15
5422,2161,46,2,83137.14,0.15
5423,2161,87,2,3831.22,0.0
5424,2161,25,1,48553.67,0.1
5425,2162,15,2,45459.24,0.0
5426,2163,97,4,57944.43,0.2
5427,2163,77,4,78913.67,0.05
5428,2164,92,2,50328.36,0.1
5429,2164,32,2,58569.82,0.2
5430,2164,41,3,34056.89,0.1
5431,2164,58,2,16793.42,0.0
5432,2165,45,3,16072.3,0.2
5433,2165,25,2,48553.67,0.15
5434,2165,38,4,46602.83,0.15
5435,2165,61,3,59250.67,0.0
5436,2166,4,4,41953.2,0.1
5437,2166,34,4,84343.9,0.1
5438,2166,30,2,59827.04,0.05
5439,2166,8,2,77134.84,0.1
5440,2167,13,1,21788.6,0.05
5441,2167,50,3,32078.35,0.1
5442,2168,11,3,29179.55,0.2
5443,2168,35,2,64616.75,0.15
5444,2168,57,1,74958.5,0.05
5445,2168,88,4,44854.54,0.05
5446,2169,10,1,62096.2,0.0
5447,2169,44,3,29062.01,0.05
5448,2169,11,1,29179.55,0.0
5449,2169,43,1,68409.25,0.0
5450,2170,49,4,1098.73,0.2
5451,2170,80,3,50304.69,0.2
5452,2170,45,1,16072.3,0.1
5453,2170,94,1,24440.89,0.15
5454,2171,14,2,112855.44,0.1
5455,2172,6,3,11835.67,0.15
5456,2172,1,2,17791.55,0.2
5457,2172,36,4,94947.11,0.0
5458,2173,20,3,65645.52,0.05
5459,2173,10,3,62096.2,0.0
5460,2173,24,2,35138.54,0.15
5461,2173,98,3,107440.65,0.2
5462,2174,81,4,6985.99,0.15
5463,2174,2,1,9643.31,0.15
5464,2174,92,3,50328.36,0.1
5465,2174,21,4,33408.11,0.0
5466,2175,41,2,34056.89,0.15
5467,2176,33,4,67830.72,0.2
5468,2176,41,2,34056.89,0.2
5469,2176,77,1,78913.67,0.05
5470,2176,72,4,18167.14,0.05
5471,2177,60,2,48163.29,0.15
5472,2178,63,4,74324.62,0.0
5473,2178,73,2,29426.0,0.0
5474,2179,19,2,73662.65,0.2
5475,2179,40,3,54298.36,0.2
5476,2179,11,2,29179.55,0.1
5477,2180,71,4,98217.13,0.1
5478,2180,44,1,29062.01,0.1
5479,2181,64,1,6802.82,0.0
5480,2181,57,1,74958.5,0.05
5481,2181,28,2,24101.49,0.05
5482,2182,14,1,112855.44,0.2
5483,2183,98,2,107440.65,0.1
5484,2183,30,1,59827.04,0.15
5485,2183,11,4,29179.55,0.0
5486,2184,31,1,58504.05,0.2
5487,2184,91,4,68165.0,0.2
5488,2184,27,4,45811.61,0.1
5489,2185,99,3,9464.47,0.05
5490,2185,47,4,66318.14,0.2
5491,2185,87,4,3831.22,0.2
5492,2186,66,4,75655.91,0.1
5493,2186,5,3,55610.54,0.05
5494,2187,51,3,90551.07,0.15
5495,2187,42,2,32167.57,0.05
5496,2188,21,3,33408.11,0.15
5497,2188,55,2,11698.2,0.2
5498,2189,11,1,29179.55,0.1
5499,2189,70,4,8288.85,0.0
5500,2190,83,3,70278.9,0.1
5501,2190,10,3,62096.2,0.2
5502,2190,48,2,18316.15,0.05
5503,2191,66,4,75655.91,0.2
5504,2191,7,3,47293.79,0.05
5505,2192,39,1,21356.09,0.15
5506,2192,26,4,40496.99,0.15
5507,2193,4,4,41953.2,0.0
5508,2193,81,4,6985.99,0.0
5509,2194,45,2,16072.3,0.2
5510,2195,76,1,61617.55,0.15
5511,2195,59,1,17097.25,0.15
5512,2195,88,3,44854.54,0.05
5513,2196,100,4,56950.77,0.0
5514,2196,61,1,59250.67,0.05
5515,2196,36,3,94947.11,0.1
5516,2196,43,1,68409.25,0.15
5517,2197,83,4,70278.9,0.05
5518,2197,43,1,68409.25,0.05
5519,2198,52,4,88567.93,0.05
5520,2198,20,1,65645.52,0.2
5521,2198,100,2,56950.77,0.15
5522,2198,66,3,75655.91,0.2
5523,2199,34,4,84343.9,0.0
5524,2199,59,2,17097.25,0.1
5525,2199,41,4,34056.89,0.1
5526,2200,16,1,64465.1,0.1
5527,2201,88,2,44854.54,0.05
5528,2201,89,4,41133.84,0.0
5529,2202,84,2,20609.39,0.0
5530,2203,37,3,32224.91,0.15
5531,2204,26,2,40496.99,0.1
5532,2204,5,2,55610.54,0.0
5533,2205,74,4,65143.62,0.05
5534,2205,33,3,67830.72,0.2
5535,2206,90,3,62376.77,0.1
5536,2206,87,3,3831.22,0.2
5537,2206,13,4,21788.6,0.0
5538,2206,92,2,50328.36,0.0
5539,2207,15,4,45459.24,0.1
5540,2208,50,3,32078.35,0.15
5541,2208,48,4,18316.15,0.2
5542,2208,96,4,57246.92,0.1
5543,2208,66,1,75655.91,0.05
5544,2209,88,2,44854.54,0.1
5545,2210,60,2,48163.29,0.05
5546,2211,83,2,70278.9,0.0
5547,2211,86,2,36743.45,0.0
5548,2211,86,1,36743.45,0.15
5549,2212,42,4,32167.57,0.15
5550,2212,39,4,21356.09,0.0
5551,2212,99,3,9464.47,0.1
5552,2212,76,2,61617.55,0.2
5553,2213,92,4,50328.36,0.2
5554,2213,58,2,16793.42,0.1
5555,2213,93,2,34199.76,0.0
5556,2214,72,4,18167.14,0.15
5557,2215,75,4,44857.53,0.1
5558,2216,18,3,25661.34,0.2
5559,2216,57,1,74958.5,0.1
5560,2217,74,1,65143.62,0.15
5561,2217,77,4,78913.67,0.1
5562,2218,96,2,57246.92,0.1
5563,2218,33,3,67830.72,0.05
5564,2218,31,2,58504.05,0.1
5565,2218,97,2,57944.43,0.05
5566,2219,99,4,9464.47,0.1
5567,2219,18,3,25661.34,0.2
5568,2220,38,2,46602.83,0.05
5569,2221,95,2,74013.57,0.1
5570,2221,20,1,65645.52,0.2
5571,2221,79,3,71983.06,0.0
5572,2221,12,3,43161.08,0.05
5573,2222,18,1,25661.34,0.1
5574,2223,79,2,71983.06,0.1
5575,2224,61,3,59250.67,0.05
5576,2224,56,1,35450.02,0.15
5577,2225,86,4,36743.45,0.1
5578,2225,31,4,58504.05,0.05
5579,2226,51,3,90551.07,0.1
5580,2226,61,1,59250.67,0.2
5581,2226,74,3,65143.62,0.2
5582,2227,34,4,84343.9,0.05
5583,2227,64,1,6802.82,0.0
5584,2227,45,4,16072.3,0.0
5585,2227,55,4,11698.2,0.1
5586,2228,87,1,3831.22,0.15
5587,2228,40,1,54298.36,0.0
5588,2228,67,3,28223.22,0.1
5589,2228,95,4,74013.57,0.05
5590,2229,77,4,78913.67,0.2
5591,2229,99,3,9464.47,0.15
5592,2230,59,3,17097.25,0.1
5593,2230,29,3,26756.43,0.1
5594,2230,100,3,56950.77,0.0
5595,2230,65,4,11138.22,0.1
5596,2231,25,1,48553.67,0.05
5597,2231,32,1,58569.82,0.0
5598,2231,27,1,45811.61,0.05
5599,2232,84,4,20609.39,0.15
5600,2233,10,3,62096.2,0.1
5601,2233,74,1,65143.62,0.2
5602,2233,56,1,35450.02,0.05
5603,2233,8,2,77134.84,0.15
5604,2234,62,1,77931.24,0.1
5605,2235,76,3,61617.55,0.2
5606,2235,73,2,29426.0,0.2
5607,2235,53,2,8406.45,0.15
5608,2236,34,1,84343.9,0.1
5609,2236,17,3,3060.67,0.1
5610,2236,2,4,9643.31,0.15
5611,2236,36,3,94947.11,0.2
5612,2237,64,4,6802.82,0.05
5613,2238,4,4,41953.2,0.2
5614,2238,100,4,56950.77,0.2
5615,2239,59,3,17097.25,0.0
5616,2239,30,1,59827.04,0.05
5617,2240,97,2,57944.43,0.05
5618,2240,19,2,73662.65,0.1
5619,2240,96,3,57246.92,0.05
5620,2240,29,4,26756.43,0.05
5621,2241,38,3,46602.83,0.0
5622,2242,43,2,68409.25,0.0
5623,2242,100,4,56950.77,0.1
5624,2242,26,3,40496.99,0.05
5625,2243,98,4,107440.65,0.1
5626,2243,35,3,64616.75,0.05
5627,2244,29,3,26756.43,0.05
5628,2245,64,2,6802.82,0.2
5629,2245,70,2,8288.85,0.2
5630,2245,35,2,64616.75,0.05
5631,2246,14,2,112855.44,0.0
5632,2246,40,3,54298.36,0.2
5633,2246,55,2,11698.2,0.15
5634,2246,5,1,55610.54,0.1
5635,2247,8,1,77134.84,0.15
5636,2247,92,4,50328.36,0.05
5637,2247,4,2,41953.2,0.1
5638,2248,41,3,34056.89,0.05
5639,2249,77,4,78913.67,0.15
5640,2250,33,1,67830.72,0.0
5641,2250,50,4,32078.35,0.1
5642,2251,9,3,57045.2,0.2
5643,2251,80,3,50304.69,0.0
5644,2251,64,2,6802.82,0.0
5645,2252,86,3,36743.45,0.2
5646,2252,87,1,3831.22,0.2
5647,2252,36,2,94947.11,0.1
5648,2253,5,4,55610.54,0.0
5649,2254,35,2,64616.75,0.1
5650,2254,15,3,45459.24,0.05
5651,2254,54,4,47164.35,0.1
5652,2255,15,3,45459.24,0.0
5653,2255,93,2,34199.76,0.2
5654,2256,61,4,59250.67,0.15
5655,2256,26,4,40496.99,0.15
5656,2256,93,3,34199.76,0.1
5657,2257,77,1,78913.67,0.05
5658,2257,44,2,29062.01,0.2
5659,2257,15,2,45459.24,0.05
5660,2257,35,1,64616.75,0.05
5661,2258,59,2,17097.25,0.2
5662,2258,77,1,78913.67,0.0
5663,2258,27,3,45811.61,0.0
5664,2259,75,2,44857.53,0.15
5665,2260,29,3,26756.43,0.05
5666,2260,25,2,48553.67,0.1
5667,2260,45,3,16072.3,0.1
5668,2260,17,3,3060.67,0.2
5669,2261,41,1,34056.89,0.15
5670,2262,36,2,94947.11,0.1
5671,2262,29,3,26756.43,0.1
5672,2262,78,3,61027.77,0.15
5673,2262,34,1,84343.9,0.05
5674,2263,70,4,8288.85,0.0
5675,2264,73,1,29426.0,0.1
5676,2264,67,4,28223.22,0.2
5677,2264,27,3,45811.61,0.0
5678,2265,83,2,70278.9,0.0
5679,2266,24,1,35138.54,0.2
5680,2267,28,4,24101.49,0.2
5681,2267,88,3,44854.54,0.0
5682,2267,34,4,84343.9,0.05
5683,2268,70,4,8288.85,0.15
5684,2268,5,1,55610.54,0.15
5685,2268,62,3,77931.24,0.15
5686,2269,87,2,3831.22,0.2
5687,2270,71,4,98217.13,0.1
5688,2270,59,1,17097.25,0.2
5689,2270,85,1,33117.32,0.1
5690,2270,30,3,59827.04,0.1
5691,2271,38,3,46602.83,0.15
5692,2271,7,3,47293.79,0.1
5693,2272,70,2,8288.85,0.15
5694,2272,73,2,29426.0,0.2
5695,2273,76,4,61617.55,0.2
5696,2273,75,4,44857.53,0.1
5697,2274,13,4,21788.6,0.0
5698,2274,67,2,28223.22,0.15
5699,2275,77,4,78913.67,0.05
5700,2276,21,2,33408.11,0.05
5701,2276,48,4,18316.15,0.2
5702,2277,92,4,50328.36,0.1
5703,2278,42,1,32167.57,0.15
5704,2279,76,4,61617.55,0.05
5705,2279,54,3,47164.35,0.15
5706,2280,66,4,75655.91,0.15
5707,2280,63,3,74324.62,0.2
5708,2280,66,1,75655.91,0.0
5709,2281,78,4,61027.77,0.1
5710,2281,91,1,68165.0,0.1
5711,2281,30,4,59827.04,0.1
5712,2281,93,1,34199.76,0.2
5713,2282,63,4,74324.62,0.0
5714,2282,60,2,48163.29,0.1
5715,2283,33,1,67830.72,0.05
5716,2283,42,1,32167.57,0.2
5717,2284,66,2,75655.91,0.05
5718,2284,37,4,32224.91,0.05
5719,2284,29,4,26756.43,0.0
5720,2284,82,3,75348.3,0.1
5721,2285,42,3,32167.57,0.0
5722,2285,65,2,11138.22,0.1
5723,2285,4,4,41953.2,0.05
5724,2286,8,2,77134.84,0.1
5725,2286,85,4,33117.32,0.15
5726,2286,15,2,45459.24,0.15
5727,2286,80,2,50304.69,0.0
5728,2287,91,2,68165.0,0.0
5729,2287,49,3,1098.73,0.05
5730,2287,89,3,41133.84,0.1
5731,2287,43,4,68409.25,0.2
5732,2288,96,1,57246.92,0.0
5733,2288,24,1,35138.54,0.0
5734,2288,43,4,68409.25,0.15
5735,2288,39,4,21356.09,0.2
5736,2289,79,1,71983.06,0.2
5737,2289,5,4,55610.54,0.1
5738,2289,83,2,70278.9,0.0
5739,2289,3,4,26786.94,0.1
5740,2290,32,4,58569.82,0.1
5741,2290,60,3,48163.29,0.1
5742,2291,15,1,45459.24,0.1
5743,2291,50,4,32078.35,0.1
5744,2292,100,1,56950.77,0.15
5745,2292,83,2,70278.9,0.0
5746,2293,4,3,41953.2,0.0
5747,2294,60,1,48163.29,0.0
5748,2294,60,2,48163.29,0.1
5749,2294,7,4,47293.79,0.1
5750,2295,66,1,75655.91,0.15
5751,2295,53,2,8406.45,0.1
5752,2295,69,1,38273.87,0.1
5753,2296,30,3,59827.04,0.2
5754,2296,26,1,40496.99,0.15
5755,2296,74,2,65143.62,0.15
5756,2296,73,3,29426.0,0.05
5757,2297,17,1,3060.67,0.0
5758,2298,22,1,101373.13,0.2
5759,2298,59,4,17097.25,0.1
5760,2299,83,4,70278.9,0.0
5761,2300,21,1,33408.11,0.1
5762,2300,22,4,101373.13,0.0
5763,2300,81,2,6985.99,0.2
5764,2300,70,1,8288.85,0.1
5765,2301,91,4,68165.0,0.15
5766,2301,79,2,71983.06,0.1
5767,2302,96,2,57246.92,0.0
5768,2303,19,1,73662.65,0.15
5769,2303,28,4,24101.49,0.15
5770,2303,24,2,35138.54,0.05
5771,2304,6,3,11835.67,0.15
5772,2304,78,1,61027.77,0.05
5773,2304,67,4,28223.22,0.15
5774,2304,9,4,57045.2,0.15
5775,2305,20,3,65645.52,0.0
5776,2305,20,2,65645.52,0.05
5777,2305,41,3,34056.89,0.0
5778,2305,46,2,83137.14,0.15
5779,2306,29,4,26756.43,0.05
5780,2307,94,3,24440.89,0.15
5781,2307,22,1,101373.13,0.1
5782,2308,57,4,74958.5,0.0
5783,2309,44,1,29062.01,0.2
5784,2309,39,2,21356.09,0.15
5785,2310,83,2,70278.9,0.05
5786,2310,98,1,107440.65,0.2
5787,2310,1,4,17791.55,0.15
5788,2311,47,4,66318.14,0.2
5789,2311,12,1,43161.08,0.0
5790,2312,44,2,29062.01,0.0
5791,2313,62,2,77931.24,0.0
5792,2313,42,3,32167.57,0.1
5793,2313,31,3,58504.05,0.15
5794,2314,32,3,58569.82,0.2
5795,2315,30,1,59827.04,0.2
5796,2316,33,3,67830.72,0.1
5797,2317,38,1,46602.83,0.15
5798,2318,69,1,38273.87,0.05
5799,2318,10,4,62096.2,0.0
5800,2319,5,1,55610.54,0.0
5801,2319,52,1,88567.93,0.0
5802,2319,69,2,38273.87,0.15
5803,2319,26,3,40496.99,0.1
5804,2320,21,3,33408.11,0.15
5805,2320,63,1,74324.62,0.0
5806,2320,39,4,21356.09,0.2
5807,2320,74,2,65143.62,0.15
5808,2321,15,3,45459.24,0.2
5809,2322,13,1,21788.6,0.15
5810,2323,56,4,35450.02,0.05
5811,2323,40,2,54298.36,0.15
5812,2324,73,4,29426.0,0.15
5813,2324,51,2,90551.07,0.0
5814,2324,36,3,94947.11,0.0
5815,2325,16,3,64465.1,0.15
5816,2325,17,1,3060.67,0.0
5817,2325,76,1,61617.55,0.0
5818,2326,23,2,78220.4,0.0
5819,2326,51,1,90551.07,0.15
5820,2326,82,3,75348.3,0.2
5821,2326,90,1,62376.77,0.1
5822,2327,27,3,45811.61,0.0
5823,2327,11,1,29179.55,0.1
5824,2328,78,1,61027.77,0.1
5825,2329,69,2,38273.87,0.1
5826,2330,34,3,84343.9,0.1
5827,2331,60,2,48163.29,0.1
5828,2332,19,2,73662.65,0.05
5829,2332,71,2,98217.13,0.2
5830,2332,73,2,29426.0,0.1
5831,2332,30,2,59827.04,0.05
5832,2333,47,4,66318.14,0.0
5833,2333,34,3,84343.9,0.15
5834,2334,4,2,41953.2,0.05
5835,2334,13,3,21788.6,0.05
5836,2334,96,3,57246.92,0.1
5837,2334,46,4,83137.14,0.1
5838,2335,15,3,45459.24,0.2
5839,2335,5,1,55610.54,0.1
5840,2335,36,3,94947.11,0.15
5841,2336,99,4,9464.47,0.15
5842,2336,39,1,21356.09,0.2
5843,2336,100,1,56950.77,0.0
5844,2337,49,3,1098.73,0.05
5845,2337,77,4,78913.67,0.15
5846,2338,79,2,71983.06,0.0
5847,2338,3,3,26786.94,0.1
5848,2338,1,3,17791.55,0.1
5849,2338,93,3,34199.76,0.2
5850,2339,94,1,24440.89,0.2
5851,2340,14,2,112855.44,0.0
5852,2341,65,4,11138.22,0.05
5853,2341,93,4,34199.76,0.15
5854,2342,96,4,57246.92,0.0
5855,2342,30,1,59827.04,0.1
5856,2343,82,2,75348.3,0.2
5857,2343,65,1,11138.22,0.2
5858,2343,93,2,34199.76,0.2
5859,2344,15,4,45459.24,0.0
5860,2344,61,2,59250.67,0.0
5861,2344,3,1,26786.94,0.0
5862,2345,36,3,94947.11,0.15
5863,2345,2,4,9643.31,0.0
5864,2345,45,3,16072.3,0.1
5865,2346,82,4,75348.3,0.2
5866,2346,66,3,75655.91,0.1
5867,2347,32,3,58569.82,0.2
5868,2347,43,4,68409.25,0.1
5869,2348,37,2,32224.91,0.05
5870,2348,74,2,65143.62,0.2
5871,2348,27,3,45811.61,0.1
5872,2348,10,3,62096.2,0.0
5873,2349,51,2,90551.07,0.15
5874,2350,83,2,70278.9,0.15
5875,2350,48,1,18316.15,0.2
5876,2350,21,3,33408.11,0.0
5877,2351,5,1,55610.54,0.0
5878,2351,95,2,74013.57,0.15
5879,2351,77,2,78913.67,0.15
5880,2352,16,4,64465.1,0.15
5881,2352,8,2,77134.84,0.05
5882,2352,13,1,21788.6,0.15
5883,2352,38,3,46602.83,0.1
5884,2353,82,1,75348.3,0.2
5885,2353,16,2,64465.1,0.05
5886,2353,82,2,75348.3,0.15
5887,2354,1,1,17791.55,0.0
5888,2354,74,4,65143.62,0.15
5889,2355,29,2,26756.43,0.15
5890,2355,97,3,57944.43,0.05
5891,2356,48,4,18316.15,0.0
5892,2356,28,2,24101.49,0.2
5893,2357,25,4,48553.67,0.0
5894,2357,83,2,70278.9,0.1
5895,2358,41,4,34056.89,0.0
5896,2359,36,2,94947.11,0.1
5897,2359,74,1,65143.62,0.2
5898,2359,54,4,47164.35,0.1
5899,2360,67,4,28223.22,0.05
5900,2361,45,4,16072.3,0.05
5901,2361,7,1,47293.79,0.0
5902,2361,1,4,17791.55,0.1
5903,2362,4,2,41953.2,0.0
5904,2362,58,4,16793.42,0.05
5905,2362,52,4,88567.93,0.0
5906,2362,75,1,44857.53,0.05
5907,2363,90,2,62376.77,0.0
5908,2363,18,2,25661.34,0.2
5909,2363,96,2,57246.92,0.15
5910,2363,94,3,24440.89,0.2
5911,2364,62,2,77931.24,0.15
5912,2365,54,3,47164.35,0.1
5913,2365,18,3,25661.34,0.0
5914,2365,18,1,25661.34,0.2
5915,2365,2,1,9643.31,0.2
5916,2366,65,3,11138.22,0.1
5917,2367,44,1,29062.01,0.05
5918,2367,20,1,65645.52,0.05
5919,2368,14,3,112855.44,0.05
5920,2369,7,2,47293.79,0.2
5921,2370,65,1,11138.22,0.0
5922,2371,69,2,38273.87,0.15
5923,2372,64,3,6802.82,0.15
5924,2372,12,4,43161.08,0.15
5925,2372,5,4,55610.54,0.0
5926,2372,11,3,29179.55,0.1
5927,2373,76,4,61617.55,0.05
5928,2374,74,3,65143.62,0.1
5929,2374,30,2,59827.04,0.0
5930,2375,6,4,11835.67,0.0
5931,2375,32,2,58569.82,0.0
5932,2375,81,4,6985.99,0.2
5933,2376,15,4,45459.24,0.1
5934,2376,80,2,50304.69,0.05
5935,2376,47,3,66318.14,0.15
5936,2376,15,4,45459.24,0.1
5937,2377,94,4,24440.89,0.05
5938,2377,52,1,88567.93,0.0
5939,2377,68,4,54854.09,0.05
5940,2377,10,3,62096.2,0.15
5941,2378,38,1,46602.83,0.15
5942,2379,64,1,6802.82,0.05
5943,2379,65,3,11138.22,0.15
5944,2379,7,2,47293.79,0.15
5945,2379,61,1,59250.67,0.2
5946,2380,95,3,74013.57,0.1
5947,2380,79,3,71983.06,0.05
5948,2380,21,1,33408.11,0.0
5949,2381,92,2,50328.36,0.0
5950,2382,69,2,38273.87,0.0
5951,2382,6,4,11835.67,0.1
5952,2383,13,3,21788.6,0.05
5953,2383,93,1,34199.76,0.05
5954,2383,21,3,33408.11,0.15
5955,2383,10,4,62096.2,0.05
5956,2384,46,1,83137.14,0.2
5957,2384,53,4,8406.45,0.0
5958,2385,58,1,16793.42,0.05
5959,2386,66,3,75655.91,0.0
5960,2386,100,2,56950.77,0.1
5961,2386,76,3,61617.55,0.0
5962,2386,3,4,26786.94,0.05
5963,2387,9,4,57045.2,0.15
5964,2387,1,4,17791.55,0.2
5965,2387,40,4,54298.36,0.1
5966,2387,36,2,94947.11,0.2
5967,2388,94,2,24440.89,0.15
5968,2388,37,3,32224.91,0.15
5969,2388,4,1,41953.2,0.2
5970,2388,89,3,41133.84,0.0
5971,2389,27,3,45811.61,0.05
5972,2389,92,4,50328.36,0.1
5973,2389,78,1,61027.77,0.15
5974,2389,89,1,41133.84,0.2
5975,2390,82,1,75348.3,0.0
5976,2390,15,3,45459.24,0.05
5977,2390,63,3,74324.62,0.05
5978,2390,42,3,32167.57,0.15
5979,2391,63,1,74324.62,0.2
5980,2391,75,2,44857.53,0.2
5981,2392,51,2,90551.07,0.15
5982,2393,32,1,58569.82,0.15
5983,2393,92,4,50328.36,0.1
5984,2393,67,1,28223.22,0.15
5985,2394,89,3,41133.84,0.0
5986,2395,24,2,35138.54,0.1
5987,2395,84,4,20609.39,0.05
5988,2396,33,3,67830.72,0.2
5989,2396,47,2,66318.14,0.05
5990,2396,87,3,3831.22,0.05
5991,2397,36,1,94947.11,0.1
5992,2397,26,1,40496.99,0.2
5993,2397,92,2,50328.36,0.2
5994,2397,97,4,57944.43,0.1
5995,2398,32,4,58569.82,0.2
5996,2398,31,2,58504.05,0.15
5997,2399,23,2,78220.4,0.2
5998,2399,3,4,26786.94,0.2
5999,2400,56,3,35450.02,0.05
6000,2400,26,1,40496.99,0.1
6001,2400,85,1,33117.32,0.05
6002,2401,18,4,25661.34,0.05
6003,2402,64,4,6802.82,0.1
6004,2402,51,4,90551.07,0.0
6005,2402,62,1,77931.24,0.05
6006,2403,12,4,43161.08,0.2
6007,2403,47,1,66318.14,0.0
6008,2403,63,4,74324.62,0.15
6009,2404,35,4,64616.75,0.15
6010,2404,88,2,44854.54,0.05
6011,2404,53,1,8406.45,0.1
6012,2405,37,3,32224.91,0.2
6013,2405,4,1,41953.2,0.2
6014,2406,17,3,3060.67,0.2
6015,2406,48,2,18316.15,0.15
6016,2406,41,2,34056.89,0.2
6017,2406,88,4,44854.54,0.05
6018,2407,79,4,71983.06,0.15
6019,2407,16,2,64465.1,0.15
6020,2408,60,2,48163.29,0.2
6021,2408,46,4,83137.14,0.05
6022,2408,11,2,29179.55,0.2
6023,2409,67,1,28223.22,0.1
6024,2409,54,4,47164.35,0.0
6025,2410,9,4,57045.2,0.15
6026,2411,47,2,66318.14,0.2
6027,2411,74,1,65143.62,0.1
6028,2411,33,1,67830.72,0.1
6029,2412,36,3,94947.11,0.2
6030,2413,12,2,43161.08,0.2
6031,2413,21,3,33408.11,0.1
6032,2413,99,4,9464.47,0.15
6033,2413,63,1,74324.62,0.15
6034,2414,18,4,25661.34,0.15
6035,2414,49,1,1098.73,0.15
6036,2414,20,1,65645.52,0.05
6037,2415,45,3,16072.3,0.05
6038,2415,15,3,45459.24,0.0
6039,2416,62,4,77931.24,0.2
6040,2416,58,3,16793.42,0.05
6041,2417,64,2,6802.82,0.15
6042,2417,45,3,16072.3,0.15
6043,2417,29,4,26756.43,0.15
6044,2418,25,3,48553.67,0.2
6045,2418,22,2,101373.13,0.2
6046,2419,43,4,68409.25,0.0
6047,2419,46,2,83137.14,0.2
6048,2420,68,2,54854.09,0.05
6049,2420,6,2,11835.67,0.15
6050,2421,29,2,26756.43,0.15
6051,2421,86,1,36743.45,0.0
6052,2422,92,3,50328.36,0.05
6053,2422,94,3,24440.89,0.2
6054,2422,31,2,58504.05,0.0
6055,2422,14,4,112855.44,0.05
6056,2423,20,2,65645.52,0.0
6057,2424,14,2,112855.44,0.0
6058,2424,96,1,57246.92,0.15
6059,2424,89,4,41133.84,0.2
6060,2424,82,1,75348.3,0.1
6061,2425,73,1,29426.0,0.05
6062,2425,35,4,64616.75,0.2
6063,2426,48,3,18316.15,0.05
6064,2426,85,1,33117.32,0.05
6065,2426,82,2,75348.3,0.1
6066,2427,52,3,88567.93,0.0
6067,2428,84,1,20609.39,0.05
6068,2428,35,4,64616.75,0.15
6069,2429,42,3,32167.57,0.15
6070,2429,84,1,20609.39,0.2
6071,2429,38,3,46602.83,0.15
6072,2429,76,1,61617.55,0.05
6073,2430,46,3,83137.14,0.15
6074,2430,30,2,59827.04,0.2
6075,2431,22,1,101373.13,0.15
6076,2432,61,3,59250.67,0.15
6077,2432,48,2,18316.15,0.1
6078,2432,37,2,32224.91,0.2
6079,2433,75,4,44857.53,0.05
6080,2434,1,3,17791.55,0.1
6081,2434,10,2,62096.2,0.05
6082,2435,97,1,57944.43,0.0
6083,2435,67,3,28223.22,0.15
6084,2436,55,1,11698.2,0.0
6085,2436,2,4,9643.31,0.05
6086,2436,60,1,48163.29,0.15
6087,2437,44,3,29062.01,0.05
6088,2437,60,2,48163.29,0.2
6089,2437,5,3,55610.54,0.0
6090,2438,56,2,35450.02,0.1
6091,2438,58,1,16793.42,0.0
6092,2438,30,4,59827.04,0.0
6093,2439,6,4,11835.67,0.15
6094,2439,98,1,107440.65,0.0
6095,2439,71,1,98217.13,0.2
6096,2439,63,3,74324.62,0.1
6097,2440,77,4,78913.67,0.1
6098,2441,68,3,54854.09,0.2
6099,2441,14,1,112855.44,0.05
6100,2442,46,3,83137.14,0.05
6101,2443,89,2,41133.84,0.1
6102,2444,29,3,26756.43,0.15
6103,2445,98,2,107440.65,0.2
6104,2445,7,1,47293.79,0.1
6105,2445,34,1,84343.9,0.05
6106,2446,36,3,94947.11,0.2
6107,2446,62,3,77931.24,0.1
6108,2446,18,2,25661.34,0.2
6109,2446,23,1,78220.4,0.1
6110,2447,67,4,28223.22,0.0
6111,2447,29,1,26756.43,0.2
6112,2447,88,1,44854.54,0.15
6113,2447,88,2,44854.54,0.05
6114,2448,31,3,58504.05,0.2
6115,2448,56,4,35450.02,0.0
6116,2448,34,3,84343.9,0.2
6117,2449,35,4,64616.75,0.1
6118,2449,68,3,54854.09,0.1
6119,2449,30,4,59827.04,0.0
6120,2449,15,1,45459.24,0.0
6121,2450,26,1,40496.99,0.15
6122,2451,93,3,34199.76,0.1
6123,2451,26,4,40496.99,0.0
6124,2451,37,3,32224.91,0.15
6125,2451,63,2,74324.62,0.15
6126,2452,11,2,29179.55,0.05
6127,2452,27,1,45811.61,0.15
6128,2452,18,2,25661.34,0.2
6129,2452,93,3,34199.76,0.1
6130,2453,94,1,24440.89,0.05
6131,2454,76,2,61617.55,0.2
6132,2454,25,2,48553.67,0.2
6133,2455,62,2,77931.24,0.1
6134,2455,67,4,28223.22,0.1
6135,2455,87,4,3831.22,0.2
6136,2455,16,2,64465.1,0.0
6137,2456,74,4,65143.62,0.05
6138,2456,20,3,65645.52,0.1
6139,2457,57,4,74958.5,0.15
6140,2457,88,3,44854.54,0.15
6141,2457,7,3,47293.79,0.05
6142,2457,15,3,45459.24,0.2
6143,2458,82,2,75348.3,0.15
6144,2458,2,3,9643.31,0.1
6145,2458,69,3,38273.87,0.2
6146,2458,51,3,90551.07,0.0
6147,2459,35,1,64616.75,0.15
6148,2459,87,3,3831.22,0.2
6149,2460,85,3,33117.32,0.15
6150,2461,33,1,67830.72,0.1
6151,2461,1,4,17791.55,0.05
6152,2462,13,4,21788.6,0.05
6153,2463,11,3,29179.55,0.1
6154,2463,99,4,9464.47,0.2
6155,2464,60,4,48163.29,0.1
6156,2464,68,2,54854.09,0.0
6157,2464,24,4,35138.54,0.1
6158,2465,86,4,36743.45,0.0
6159,2465,73,1,29426.0,0.2
6160,2466,76,4,61617.55,0.1
6161,2467,47,1,66318.14,0.05
6162,2467,70,2,8288.85,0.15
6163,2468,55,4,11698.2,0.1
6164,2468,39,3,21356.09,0.1
6165,2468,60,2,48163.29,0.1
6166,2469,33,3,67830.72,0.2
6167,2470,96,1,57246.92,0.2
6168,2471,72,1,18167.14,0.05
6169,2471,74,4,65143.62,0.05
6170,2471,72,1,18167.14,0.2
6171,2471,45,4,16072.3,0.15
6172,2472,96,2,57246.92,0.0
6173,2473,21,1,33408.11,0.1
6174,2473,57,4,74958.5,0.0
6175,2474,7,1,47293.79,0.0
6176,2475,30,2,59827.04,0.0
6177,2476,58,1,16793.42,0.05
6178,2476,49,4,1098.73,0.0
6179,2477,95,2,74013.57,0.2
6180,2477,62,3,77931.24,0.1
6181,2477,42,1,32167.57,0.1
6182,2478,43,3,68409.25,0.2
6183,2479,62,3,77931.24,0.2
6184,2480,80,2,50304.69,0.2
6185,2481,28,4,24101.49,0.0
6186,2481,59,2,17097.25,0.15
6187,2481,58,3,16793.42,0.2
6188,2482,1,1,17791.55,0.0
6189,2482,92,4,50328.36,0.2
6190,2482,57,1,74958.5,0.2
6191,2482,25,3,48553.67,0.2
6192,2483,64,1,6802.82,0.05
6193,2484,68,1,54854.09,0.0
6194,2484,92,1,50328.36,0.15
6195,2485,4,4,41953.2,0.15
6196,2485,42,1,32167.57,0.15
6197,2486,19,4,73662.65,0.05
6198,2486,58,3,16793.42,0.0
6199,2487,51,1,90551.07,0.2
6200,2488,48,2,18316.15,0.1
6201,2489,99,2,9464.47,0.2
6202,2489,54,2,47164.35,0.2
6203,2489,42,3,32167.57,0.1
6204,2490,7,4,47293.79,0.05
6205,2490,29,4,26756.43,0.2
6206,2491,90,3,62376.77,0.15
6207,2491,46,4,83137.14,0.15
6208,2492,92,4,50328.36,0.2
6209,2492,54,1,47164.35,0.05
6210,2493,55,3,11698.2,0.05
6211,2493,43,4,68409.25,0.0
6212,2493,56,1,35450.02,0.05
6213,2493,7,3,47293.79,0.1
6214,2494,6,4,11835.67,0.1
6215,2494,48,2,18316.15,0.0
6216,2494,60,4,48163.29,0.2
6217,2495,56,4,35450.02,0.1
6218,2495,43,3,68409.25,0.1
6219,2496,30,3,59827.04,0.2
6220,2497,71,3,98217.13,0.1
6221,2497,61,2,59250.67,0.2
6222,2497,5,2,55610.54,0.05
6223,2497,46,3,83137.14,0.2
6224,2498,72,2,18167.14,0.2
6225,2498,79,4,71983.06,0.15
6226,2498,29,4,26756.43,0.2
6227,2498,93,2,34199.76,0.15
6228,2499,66,3,75655.91,0.15
6229,2500,44,1,29062.01,0.15
6230,2500,63,1,74324.62,0.2
6231,2500,88,2,44854.54,0.15
6232,2500,23,1,78220.4,0.15
6233,2501,16,4,64465.1,0.0
6234,2501,45,1,16072.3,0.2
6235,2501,9,2,57045.2,0.15
6236,2502,84,2,20609.39,0.0
6237,2503,98,1,107440.65,0.05
6238,2503,61,2,59250.67,0.05
6239,2503,98,3,107440.65,0.05
6240,2503,7,4,47293.79,0.2
6241,2504,64,1,6802.82,0.1
6242,2505,45,1,16072.3,0.1
6243,2506,28,2,24101.49,0.15
6244,2507,32,2,58569.82,0.05
6245,2507,55,4,11698.2,0.2
6246,2508,65,1,11138.22,0.15
6247,2508,17,2,3060.67,0.05
6248,2508,62,3,77931.24,0.15
6249,2509,93,2,34199.76,0.1
6250,2509,2,3,9643.31,0.05
6251,2510,88,4,44854.54,0.2
6252,2511,61,3,59250.67,0.05
6253,2512,35,2,64616.75,0.0
6254,2512,74,4,65143.62,0.1
6255,2512,62,4,77931.24,0.1
6256,2512,77,4,78913.67,0.0
6257,2513,9,1,57045.2,0.15
6258,2513,6,4,11835.67,0.05
6259,2513,65,4,11138.22,0.0
6260,2513,31,4,58504.05,0.1
6261,2514,24,3,35138.54,0.0
6262,2514,43,2,68409.25,0.15
6263,2514,73,3,29426.0,0.0
6264,2514,18,3,25661.34,0.1
6265,2515,98,4,107440.65,0.0
6266,2516,43,2,68409.25,0.05
6267,2516,16,3,64465.1,0.2
6268,2516,8,4,77134.84,0.15
6269,2516,86,4,36743.45,0.1
6270,2517,12,1,43161.08,0.0
6271,2517,42,4,32167.57,0.05
6272,2517,67,1,28223.22,0.05
6273,2518,52,4,88567.93,0.1
6274,2518,27,1,45811.61,0.05
6275,2518,11,1,29179.55,0.2
6276,2519,72,3,18167.14,0.15
6277,2520,50,3,32078.35,0.05
6278,2520,5,3,55610.54,0.0
6279,2520,19,2,73662.65,0.1
6280,2520,57,1,74958.5,0.1
6281,2521,17,3,3060.67,0.15
6282,2521,40,3,54298.36,0.1
6283,2522,13,3,21788.6,0.15
6284,2523,80,2,50304.69,0.2
6285,2524,64,4,6802.82,0.1
6286,2524,79,4,71983.06,0.15
6287,2525,6,1,11835.67,0.05
6288,2526,38,1,46602.83,0.2
6289,2526,27,1,45811.61,0.1
6290,2527,63,1,74324.62,0.15
6291,2527,83,3,70278.9,0.2
6292,2528,23,3,78220.4,0.05
6293,2528,77,2,78913.67,0.0
6294,2528,59,3,17097.25,0.05
6295,2528,83,4,70278.9,0.05
6296,2529,9,4,57045.2,0.0
6297,2530,100,2,56950.77,0.1
6298,2530,44,3,29062.01,0.05
6299,2530,29,3,26756.43,0.0
6300,2531,19,4,73662.65,0.0
6301,2531,99,4,9464.47,0.05
6302,2531,89,2,41133.84,0.05
6303,2531,14,4,112855.44,0.2
6304,2532,45,2,16072.3,0.15
6305,2532,74,4,65143.62,0.15
6306,2532,60,4,48163.29,0.15
6307,2532,19,4,73662.65,0.2
6308,2533,37,1,32224.91,0.05
6309,2533,37,1,32224.91,0.0
6310,2533,29,4,26756.43,0.1
6311,2533,97,1,57944.43,0.0
6312,2534,21,1,33408.11,0.05
6313,2535,71,2,98217.13,0.15
6314,2535,92,2,50328.36,0.1
6315,2535,80,1,50304.69,0.15
6316,2535,80,1,50304.69,0.1
6317,2536,16,2,64465.1,0.1
6318,2536,14,3,112855.44,0.05
6319,2536,79,3,71983.06,0.05
6320,2536,75,4,44857.53,0.05
6321,2537,75,4,44857.53,0.15
6322,2537,42,1,32167.57,0.2
6323,2538,53,3,8406.45,0.0
6324,2538,2,1,9643.31,0.1
6325,2539,30,2,59827.04,0.1
6326,2539,53,2,8406.45,0.1
6327,2539,13,3,21788.6,0.05
6328,2540,14,2,112855.44,0.0
6329,2540,5,4,55610.54,0.05
6330,2541,21,2,33408.11,0.0
6331,2541,100,4,56950.77,0.0
6332,2542,70,4,8288.85,0.05
6333,2542,95,3,74013.57,0.15
6334,2542,26,1,40496.99,0.2
6335,2542,60,3,48163.29,0.15
6336,2543,90,2,62376.77,0.0
6337,2543,36,2,94947.11,0.05
6338,2543,66,2,75655.91,0.05
6339,2543,70,2,8288.85,0.05
6340,2544,84,2,20609.39,0.2
6341,2544,97,4,57944.43,0.15
6342,2545,62,2,77931.24,0.1
6343,2545,59,2,17097.25,0.1
6344,2545,87,3,3831.22,0.05
6345,2545,69,1,38273.87,0.1
6346,2546,37,3,32224.91,0.15
6347,2546,64,4,6802.82,0.2
6348,2547,55,4,11698.2,0.1
6349,2547,23,1,78220.4,0.0
6350,2547,52,2,88567.93,0.2
6351,2547,63,1,74324.62,0.05
6352,2548,91,3,68165.0,0.0
6353,2548,59,2,17097.25,0.1
6354,2548,17,4,3060.67,0.15
6355,2549,99,1,9464.47,0.05
6356,2549,58,4,16793.42,0.05
6357,2550,29,2,26756.43,0.05
6358,2551,76,4,61617.55,0.2
6359,2551,39,1,21356.09,0.2
6360,2551,38,2,46602.83,0.2
6361,2552,84,2,20609.39,0.05
6362,2552,87,4,3831.22,0.2
6363,2553,53,3,8406.45,0.05
6364,2554,38,4,46602.83,0.2
6365,2555,87,3,3831.22,0.2
6366,2555,18,4,25661.34,0.15
6367,2555,75,3,44857.53,0.2
6368,2555,59,3,17097.25,0.0
6369,2556,86,4,36743.45,0.15
6370,2557,43,4,68409.25,0.0
6371,2557,84,3,20609.39,0.15
6372,2557,2,2,9643.31,0.05
6373,2557,76,3,61617.55,0.2
6374,2558,7,3,47293.79,0.1
6375,2558,65,4,11138.22,0.15
6376,2558,20,3,65645.52,0.05
6377,2558,97,4,57944.43,0.0
6378,2559,77,3,78913.67,0.15
6379,2560,11,4,29179.55,0.05
6380,2560,90,4,62376.77,0.15
6381,2560,26,4,40496.99,0.1
6382,2561,55,1,11698.2,0.2
6383,2561,9,4,57045.2,0.05
6384,2561,11,2,29179.55,0.1
6385,2562,25,4,48553.67,0.15
6386,2562,54,2,47164.35,0.15
6387,2563,55,2,11698.2,0.0
6388,2563,86,3,36743.45,0.15
6389,2563,17,3,3060.67,0.1
6390,2564,75,3,44857.53,0.2
6391,2564,1,1,17791.55,0.15
6392,2565,30,4,59827.04,0.15
6393,2565,18,2,25661.34,0.05
6394,2566,13,4,21788.6,0.05
6395,2566,59,2,17097.25,0.15
6396,2567,91,3,68165.0,0.0
6397,2567,67,3,28223.22,0.1
6398,2567,86,1,36743.45,0.2
6399,2567,60,2,48163.29,0.2
6400,2568,6,3,11835.67,0.15
6401,2568,35,4,64616.75,0.1
6402,2568,83,4,70278.9,0.2
6403,2569,5,2,55610.54,0.0
6404,2569,10,3,62096.2,0.15
6405,2570,84,1,20609.39,0.0
6406,2570,7,4,47293.79,0.15
6407,2570,96,4,57246.92,0.05
6408,2570,76,4,61617.55,0.15
6409,2571,67,2,28223.22,0.15
6410,2571,54,2,47164.35,0.2
6411,2571,9,4,57045.2,0.15
6412,2571,42,3,32167.57,0.2
6413,2572,81,1,6985.99,0.0
6414,2572,91,3,68165.0,0.05
6415,2572,45,3,16072.3,0.1
6416,2572,84,2,20609.39,0.0
6417,2573,78,2,61027.77,0.0
6418,2573,6,1,11835.67,0.0
6419,2573,63,2,74324.62,0.15
6420,2574,62,1,77931.24,0.1
6421,2574,55,2,11698.2,0.15
6422,2575,78,1,61027.77,0.2
6423,2575,89,2,41133.84,0.0
6424,2575,56,3,35450.02,0.2
6425,2575,33,2,67830.72,0.05
6426,2576,99,1,9464.47,0.1
6427,2576,97,4,57944.43,0.2
6428,2577,69,2,38273.87,0.05
6429,2577,65,3,11138.22,0.2
6430,2578,11,3,29179.55,0.1
6431,2578,41,3,34056.89,0.0
6432,2579,20,2,65645.52,0.2
6433,2579,52,4,88567.93,0.0
6434,2579,83,4,70278.9,0.15
6435,2579,23,4,78220.4,0.1
6436,2580,100,2,56950.77,0.0
6437,2580,13,2,21788.6,0.1
6438,2580,10,1,62096.2,0.05
6439,2581,98,2,107440.65,0.0
6440,2581,11,4,29179.55,0.1
6441,2582,74,2,65143.62,0.0
6442,2582,77,4,78913.67,0.1
6443,2583,34,4,84343.9,0.05
6444,2583,7,3,47293.79,0.2
6445,2584,31,3,58504.05,0.2
6446,2584,7,4,47293.79,0.2
6447,2584,68,1,54854.09,0.2
6448,2585,89,1,41133.84,0.0
6449,2585,100,1,56950.77,0.1
6450,2586,81,4,6985.99,0.05
6451,2586,78,2,61027.77,0.0
6452,2586,89,1,41133.84,0.05
6453,2587,77,1,78913.67,0.1
6454,2587,66,2,75655.91,0.05
6455,2588,100,2,56950.77,0.0
6456,2588,33,1,67830.72,0.1
6457,2589,42,1,32167.57,0.0
6458,2589,91,4,68165.0,0.0
6459,2589,32,4,58569.82,0.1
6460,2589,30,1,59827.04,0.0
6461,2590,16,2,64465.1,0.2
6462,2590,28,2,24101.49,0.2
6463,2591,60,2,48163.29,0.2
6464,2592,89,1,41133.84,0.0
6465,2592,14,4,112855.44,0.1
6466,2593,69,3,38273.87,0.2
6467,2593,77,4,78913.67,0.1
6468,2593,90,2,62376.77,0.05
6469,2594,76,4,61617.55,0.2
6470,2595,16,3,64465.1,0.05
6471,2595,49,1,1098.73,0.2
6472,2596,96,2,57246.92,0.0
6473,2597,91,4,68165.0,0.15
6474,2597,62,4,77931.24,0.0
6475,2597,97,3,57944.43,0.2
6476,2598,67,1,28223.22,0.05
6477,2598,7,3,47293.79,0.0
6478,2598,92,4,50328.36,0.2
6479,2599,17,1,3060.67,0.2
6480,2599,39,2,21356.09,0.2
6481,2599,24,1,35138.54,0.1
6482,2599,72,1,18167.14,0.0
6483,2600,3,4,26786.94,0.05
6484,2600,65,1,11138.22,0.0
6485,2601,87,1,3831.22,0.0
6486,2601,79,1,71983.06,0.0
6487,2601,31,4,58504.05,0.1
6488,2601,90,2,62376.77,0.15
6489,2602,37,4,32224.91,0.1
6490,2603,69,2,38273.87,0.05
6491,2603,51,3,90551.07,0.15
6492,2603,7,4,47293.79,0.05
6493,2603,1,3,17791.55,0.1
6494,2604,19,3,73662.65,0.2
6495,2604,94,1,24440.89,0.0
6496,2604,96,1,57246.92,0.2
6497,2605,42,3,32167.57,0.05
6498,2605,97,2,57944.43,0.15
6499,2605,5,1,55610.54,0.05
6500,2605,97,1,57944.43,0.0
6501,2606,24,2,35138.54,0.1
6502,2606,4,1,41953.2,0.05
6503,2606,76,3,61617.55,0.1
6504,2606,39,2,21356.09,0.05
6505,2607,30,2,59827.04,0.2
6506,2607,76,1,61617.55,0.15
6507,2607,34,3,84343.9,0.2
6508,2608,76,1,61617.55,0.15
6509,2608,20,3,65645.52,0.15
6510,2609,9,4,57045.2,0.0
6511,2609,33,4,67830.72,0.1
6512,2609,61,3,59250.67,0.2
6513,2610,23,4,78220.4,0.0
6514,2610,15,4,45459.24,0.1
6515,2610,75,3,44857.53,0.0
6516,2610,50,2,32078.35,0.15
6517,2611,44,3,29062.01,0.2
6518,2611,24,4,35138.54,0.0
6519,2611,2,3,9643.31,0.2
6520,2611,6,2,11835.67,0.05
6521,2612,69,1,38273.87,0.2
6522,2612,9,1,57045.2,0.0
6523,2612,25,2,48553.67,0.0
6524,2612,92,4,50328.36,0.15
6525,2613,35,3,64616.75,0.15
6526,2614,75,1,44857.53,0.0
6527,2614,35,4,64616.75,0.0
6528,2614,94,2,24440.89,0.05
6529,2615,83,2,70278.9,0.0
6530,2616,47,4,66318.14,0.15
6531,2616,69,2,38273.87,0.15
6532,2616,42,3,32167.57,0.15
6533,2617,95,4,74013.57,0.1
6534,2617,36,3,94947.11,0.15
6535,2617,84,3,20609.39,0.1
6536,2617,62,2,77931.24,0.15
6537,2618,65,4,11138.22,0.1
6538,2619,36,1,94947.11,0.15
6539,2619,84,2,20609.39,0.15
6540,2619,75,4,44857.53,0.15
6541,2620,82,2,75348.3,0.2
6542,2620,81,1,6985.99,0.05
6543,2620,16,2,64465.1,0.2
6544,2620,88,2,44854.54,0.0
6545,2621,85,3,33117.32,0.1
6546,2621,25,1,48553.67,0.1
6547,2621,99,2,9464.47,0.2
6548,2621,53,4,8406.45,0.0
6549,2622,33,1,67830.72,0.05
6550,2622,23,4,78220.4,0.1
6551,2623,37,1,32224.91,0.2
6552,2624,4,2,41953.2,0.1
6553,2624,70,3,8288.85,0.15
6554,2624,71,4,98217.13,0.0
6555,2624,67,2,28223.22,0.2
6556,2625,55,1,11698.2,0.15
6557,2625,37,4,32224.91,0.0
6558,2625,73,4,29426.0,0.15
6559,2625,88,3,44854.54,0.0
6560,2626,9,1,57045.2,0.1
6561,2626,39,3,21356.09,0.15
6562,2626,100,2,56950.77,0.2
6563,2627,87,2,3831.22,0.0
6564,2627,100,1,56950.77,0.05
6565,2627,19,2,73662.65,0.15
6566,2627,47,4,66318.14,0.05
6567,2628,14,1,112855.44,0.15
6568,2629,87,4,3831.22,0.0
6569,2629,52,3,88567.93,0.0
6570,2629,25,3,48553.67,0.1
6571,2630,10,4,62096.2,0.15
6572,2631,74,1,65143.62,0.05
6573,2631,82,4,75348.3,0.2
6574,2631,88,2,44854.54,0.2
6575,2631,98,2,107440.65,0.0
6576,2632,82,2,75348.3,0.05
6577,2632,79,3,71983.06,0.1
6578,2632,82,2,75348.3,0.1
6579,2633,100,4,56950.77,0.05
6580,2633,47,1,66318.14,0.1
6581,2633,76,3,61617.55,0.2
6582,2633,82,3,75348.3,0.05
6583,2634,12,3,43161.08,0.05
6584,2634,70,3,8288.85,0.15
6585,2634,34,3,84343.9,0.1
6586,2635,14,4,112855.44,0.15
6587,2636,18,1,25661.34,0.15
6588,2637,12,2,43161.08,0.15
6589,2637,90,3,62376.77,0.15
6590,2638,78,2,61027.77,0.15
6591,2638,11,4,29179.55,0.1
6592,2638,63,3,74324.62,0.1
6593,2639,67,3,28223.22,0.05
6594,2640,52,1,88567.93,0.1
6595,2640,61,2,59250.67,0.15
6596,2640,91,3,68165.0,0.15
6597,2640,52,2,88567.93,0.15
6598,2641,66,4,75655.91,0.05
6599,2642,58,1,16793.42,0.15
6600,2642,40,1,54298.36,0.1
6601,2643,90,2,62376.77,0.05
6602,2644,42,2,32167.57,0.0
6603,2644,80,4,50304.69,0.05
6604,2645,61,4,59250.67,0.15
6605,2645,69,2,38273.87,0.05
6606,2646,77,3,78913.67,0.0
6607,2647,74,2,65143.62,0.05
6608,2647,57,3,74958.5,0.2
6609,2647,62,3,77931.24,0.0
6610,2648,51,3,90551.07,0.0
6611,2648,34,4,84343.9,0.1
6612,2648,73,3,29426.0,0.05
6613,2648,88,2,44854.54,0.2
6614,2649,71,1,98217.13,0.05
6615,2649,78,3,61027.77,0.1
6616,2649,84,4,20609.39,0.05
6617,2649,37,3,32224.91,0.05
6618,2650,7,4,47293.79,0.05
6619,2650,34,2,84343.9,0.05
6620,2651,76,1,61617.55,0.15
6621,2651,82,3,75348.3,0.15
6622,2651,52,1,88567.93,0.0
6623,2651,78,1,61027.77,0.1
6624,2652,8,3,77134.84,0.05
6625,2652,65,2,11138.22,0.2
6626,2652,68,3,54854.09,0.0
6627,2652,51,3,90551.07,0.1
6628,2653,72,2,18167.14,0.05
6629,2653,50,3,32078.35,0.05
6630,2653,53,3,8406.45,0.2
6631,2653,61,3,59250.67,0.1
6632,2654,80,3,50304.69,0.05
6633,2654,25,2,48553.67,0.2
6634,2655,31,3,58504.05,0.15
6635,2655,42,3,32167.57,0.0
6636,2655,21,1,33408.11,0.1
6637,2655,34,1,84343.9,0.1
6638,2656,36,1,94947.11,0.1
6639,2656,32,1,58569.82,0.05
6640,2656,42,2,32167.57,0.2
6641,2657,51,4,90551.07,0.2
6642,2658,70,4,8288.85,0.0
6643,2658,31,4,58504.05,0.2
6644,2659,85,3,33117.32,0.2
6645,2659,48,1,18316.15,0.05
6646,2659,73,2,29426.0,0.1
6647,2660,12,4,43161.08,0.0
6648,2661,18,4,25661.34,0.05
6649,2661,46,4,83137.14,0.05
6650,2662,37,2,32224.91,0.2
6651,2662,50,2,32078.35,0.0
6652,2662,16,3,64465.1,0.05
6653,2662,48,1,18316.15,0.1
6654,2663,69,1,38273.87,0.2
6655,2664,73,1,29426.0,0.2
6656,2664,25,3,48553.67,0.2
6657,2665,35,1,64616.75,0.05
6658,2666,53,3,8406.45,0.05
6659,2666,52,2,88567.93,0.1
6660,2666,80,4,50304.69,0.05
6661,2667,40,1,54298.36,0.0
6662,2668,68,2,54854.09,0.2
6663,2668,89,1,41133.84,0.0
6664,2668,30,2,59827.04,0.0
6665,2668,83,3,70278.9,0.2
6666,2669,34,1,84343.9,0.15
6667,2670,34,3,84343.9,0.15
6668,2670,66,4,75655.91,0.0
6669,2670,63,1,74324.62,0.05
6670,2670,55,1,11698.2,0.05
6671,2671,24,4,35138.54,0.15
6672,2671,10,3,62096.2,0.1
6673,2671,91,4,68165.0,0.05
6674,2671,88,3,44854.54,0.15
6675,2672,89,3,41133.84,0.15
6676,2672,52,1,88567.93,0.15
6677,2672,89,3,41133.84,0.0
6678,2672,48,2,18316.15,0.15
6679,2673,8,4,77134.84,0.05
6680,2673,20,1,65645.52,0.05
6681,2673,28,1,24101.49,0.2
6682,2673,38,3,46602.83,0.1
6683,2674,94,4,24440.89,0.15
6684,2675,34,4,84343.9,0.05
6685,2675,62,3,77931.24,0.2
6686,2675,28,2,24101.49,0.05
6687,2675,65,2,11138.22,0.0
6688,2676,57,4,74958.5,0.05
6689,2676,16,1,64465.1,0.0
6690,2676,47,1,66318.14,0.1
6691,2677,11,3,29179.55,0.0
6692,2677,89,2,41133.84,0.05
6693,2677,71,2,98217.13,0.15
6694,2677,95,4,74013.57,0.0
6695,2678,88,2,44854.54,0.1
6696,2678,22,4,101373.13,0.15
6697,2678,71,1,98217.13,0.1
6698,2678,11,2,29179.55,0.0
6699,2679,97,1,57944.43,0.0
6700,2679,79,3,71983.06,0.2
6701,2679,69,4,38273.87,0.15
6702,2680,100,4,56950.77,0.05
6703,2680,85,1,33117.32,0.2
6704,2681,87,4,3831.22,0.0
6705,2682,11,1,29179.55,0.0
6706,2683,3,3,26786.94,0.2
6707,2683,97,3,57944.43,0.15
6708,2684,26,1,40496.99,0.1
6709,2684,43,1,68409.25,0.05
6710,2684,5,1,55610.54,0.2
6711,2684,63,3,74324.62,0.15
6712,2685,83,3,70278.9,0.1
6713,2685,85,1,33117.32,0.05
6714,2685,59,3,17097.25,0.05
6715,2686,67,4,28223.22,0.1
6716,2686,52,1,88567.93,0.15
6717,2687,45,3,16072.3,0.2
6718,2688,56,2,35450.02,0.1
6719,2688,94,2,24440.89,0.05
6720,2688,26,2,40496.99,0.1
6721,2689,48,2,18316.15,0.1
6722,2689,61,2,59250.67,0.05
6723,2689,58,1,16793.42,0.0
6724,2690,4,2,41953.2,0.05
6725,2690,29,3,26756.43,0.0
6726,2690,65,2,11138.22,0.0
6727,2690,70,3,8288.85,0.2
6728,2691,74,1,65143.62,0.15
6729,2691,100,1,56950.77,0.0
6730,2691,68,4,54854.09,0.05
6731,2692,58,2,16793.42,0.05
6732,2692,34,3,84343.9,0.2
6733,2692,38,3,46602.83,0.1
6734,2693,83,1,70278.9,0.05
6735,2693,47,4,66318.14,0.15
6736,2693,72,2,18167.14,0.1
6737,2693,13,4,21788.6,0.0
6738,2694,13,2,21788.6,0.05
6739,2694,22,2,101373.13,0.0
6740,2695,20,3,65645.52,0.15
6741,2695,61,1,59250.67,0.2
6742,2695,64,3,6802.82,0.2
6743,2695,56,4,35450.02,0.05
6744,2696,29,3,26756.43,0.1
6745,2696,58,1,16793.42,0.0
6746,2697,12,3,43161.08,0.05
6747,2698,48,1,18316.15,0.0
6748,2698,16,1,64465.1,0.15
6749,2699,8,2,77134.84,0.2
6750,2700,17,2,3060.67,0.0
6751,2701,12,1,43161.08,0.15
6752,2701,48,1,18316.15,0.1
6753,2701,55,4,11698.2,0.1
6754,2701,61,2,59250.67,0.15
6755,2702,44,1,29062.01,0.15
6756,2702,18,2,25661.34,0.05
6757,2702,3,3,26786.94,0.15
6758,2702,72,3,18167.14,0.15
6759,2703,99,2,9464.47,0.05
6760,2704,29,1,26756.43,0.15
6761,2704,21,4,33408.11,0.15
6762,2704,32,3,58569.82,0.0
6763,2704,22,4,101373.13,0.0
6764,2705,23,2,78220.4,0.05
6765,2706,50,1,32078.35,0.0
6766,2706,79,2,71983.06,0.1
6767,2707,72,2,18167.14,0.1
6768,2707,96,3,57246.92,0.15
6769,2707,36,3,94947.11,0.0
6770,2708,50,1,32078.35,0.1
6771,2708,39,3,21356.09,0.15
6772,2709,5,2,55610.54,0.1
6773,2709,39,3,21356.09,0.2
6774,2709,27,2,45811.61,0.05
6775,2710,48,3,18316.15,0.1
6776,2710,16,3,64465.1,0.0
6777,2710,75,2,44857.53,0.1
6778,2710,85,1,33117.32,0.0
6779,2711,97,3,57944.43,0.2
6780,2712,9,4,57045.2,0.05
6781,2713,12,2,43161.08,0.2
6782,2713,97,4,57944.43,0.0
6783,2713,85,1,33117.32,0.05
6784,2713,59,4,17097.25,0.0
6785,2714,33,4,67830.72,0.05
6786,2714,52,2,88567.93,0.15
6787,2714,54,1,47164.35,0.1
6788,2715,85,3,33117.32,0.15
6789,2715,53,4,8406.45,0.2
6790,2715,3,1,26786.94,0.0
6791,2716,70,3,8288.85,0.1
6792,2716,78,4,61027.77,0.1
6793,2717,30,1,59827.04,0.1
6794,2717,12,3,43161.08,0.0
6795,2718,15,1,45459.24,0.05
6796,2718,85,1,33117.32,0.05
6797,2718,45,2,16072.3,0.15
6798,2719,53,2,8406.45,0.2
6799,2719,97,1,57944.43,0.05
6800,2719,7,4,47293.79,0.1
6801,2720,21,1,33408.11,0.05
6802,2721,84,4,20609.39,0.0
6803,2721,55,1,11698.2,0.05
6804,2721,3,3,26786.94,0.05
6805,2722,71,3,98217.13,0.0
6806,2722,14,2,112855.44,0.15
6807,2722,79,2,71983.06,0.05
6808,2723,80,4,50304.69,0.05
6809,2724,83,1,70278.9,0.05
6810,2724,47,4,66318.14,0.2
6811,2725,27,3,45811.61,0.15
6812,2725,89,4,41133.84,0.1
6813,2725,56,2,35450.02,0.2
6814,2725,64,2,6802.82,0.0
6815,2726,14,3,112855.44,0.05
6816,2726,63,3,74324.62,0.1
6817,2726,59,4,17097.25,0.1
6818,2727,30,4,59827.04,0.15
6819,2728,77,1,78913.67,0.15
6820,2729,14,1,112855.44,0.1
6821,2729,72,4,18167.14,0.2
6822,2729,97,2,57944.43,0.2
6823,2730,57,3,74958.5,0.1
6824,2730,11,1,29179.55,0.2
6825,2731,56,1,35450.02,0.15
6826,2731,53,2,8406.45,0.0
6827,2731,56,3,35450.02,0.0
6828,2731,28,4,24101.49,0.0
6829,2732,63,4,74324.62,0.05
6830,2732,27,1,45811.61,0.05
6831,2732,56,1,35450.02,0.0
6832,2733,60,3,48163.29,0.15
6833,2733,65,3,11138.22,0.1
6834,2733,80,1,50304.69,0.15
6835,2733,89,2,41133.84,0.1
6836,2734,78,4,61027.77,0.05
6837,2735,80,1,50304.69,0.15
6838,2735,87,4,3831.22,0.2
6839,2736,25,2,48553.67,0.05
6840,2737,30,3,59827.04,0.05
6841,2737,54,3,47164.35,0.1
6842,2737,47,3,66318.14,0.2
6843,2738,71,3,98217.13,0.1
6844,2739,1,1,17791.55,0.2
6845,2739,14,2,112855.44,0.0
6846,2740,75,4,44857.53,0.0
6847,2740,83,1,70278.9,0.1
6848,2741,31,3,58504.05,0.05
6849,2742,32,3,58569.82,0.0
6850,2743,57,1,74958.5,0.05
6851,2743,48,1,18316.15,0.05
6852,2743,17,4,3060.67,0.2
6853,2744,51,1,90551.07,0.15
6854,2744,82,1,75348.3,0.05
6855,2744,73,1,29426.0,0.2
6856,2744,82,3,75348.3,0.2
6857,2745,65,4,11138.22,0.05
6858,2746,88,1,44854.54,0.1
6859,2746,25,4,48553.67,0.2
6860,2747,5,3,55610.54,0.1
6861,2748,12,1,43161.08,0.05
6862,2748,100,1,56950.77,0.2
6863,2748,65,2,11138.22,0.15
6864,2748,25,1,48553.67,0.1
6865,2749,86,1,36743.45,0.2
6866,2749,31,2,58504.05,0.15
6867,2750,60,4,48163.29,0.05
6868,2750,25,4,48553.67,0.1
6869,2750,10,3,62096.2,0.0
6870,2750,27,2,45811.61,0.0
6871,2751,23,2,78220.4,0.2
6872,2752,56,3,35450.02,0.0
6873,2753,3,1,26786.94,0.2
6874,2753,24,3,35138.54,0.05
6875,2753,57,4,74958.5,0.1
6876,2754,40,4,54298.36,0.15
6877,2754,64,1,6802.82,0.2
6878,2754,66,2,75655.91,0.05
6879,2755,97,2,57944.43,0.2
6880,2755,84,3,20609.39,0.1
6881,2755,23,1,78220.4,0.2
6882,2755,70,4,8288.85,0.0
6883,2756,63,4,74324.62,0.05
6884,2756,60,2,48163.29,0.15
6885,2756,80,2,50304.69,0.15
6886,2756,15,2,45459.24,0.2
6887,2757,38,1,46602.83,0.05
6888,2757,82,4,75348.3,0.15
6889,2757,90,4,62376.77,0.15
6890,2757,4,2,41953.2,0.2
6891,2758,48,3,18316.15,0.0
6892,2758,27,2,45811.61,0.0
6893,2758,17,1,3060.67,0.1
6894,2759,6,2,11835.67,0.0
6895,2759,54,1,47164.35,0.0
6896,2760,67,4,28223.22,0.1
6897,2760,54,3,47164.35,0.05
6898,2761,37,4,32224.91,0.05
6899,2762,78,1,61027.77,0.05
6900,2762,66,3,75655.91,0.15
6901,2763,91,3,68165.0,0.05
6902,2763,35,3,64616.75,0.15
6903,2764,24,4,35138.54,0.0
6904,2765,46,2,83137.14,0.0
6905,2766,51,1,90551.07,0.0
6906,2766,46,1,83137.14,0.2
6907,2766,84,2,20609.39,0.05
6908,2767,5,1,55610.54,0.0
6909,2767,53,1,8406.45,0.05
6910,2768,44,1,29062.01,0.15
6911,2768,22,2,101373.13,0.05
6912,2768,65,1,11138.22,0.05
6913,2768,81,2,6985.99,0.0
6914,2769,55,3,11698.2,0.15
6915,2769,9,2,57045.2,0.05
6916,2770,8,1,77134.84,0.0
6917,2770,43,3,68409.25,0.15
6918,2770,67,1,28223.22,0.2
6919,2770,32,3,58569.82,0.15
6920,2771,31,2,58504.05,0.2
6921,2771,87,2,3831.22,0.1
6922,2771,2,1,9643.31,0.1
6923,2772,8,2,77134.84,0.05
6924,2773,16,1,64465.1,0.1
6925,2774,99,3,9464.47,0.2
6926,2774,50,1,32078.35,0.15
6927,2774,16,3,64465.1,0.0
6928,2775,32,2,58569.82,0.1
6929,2775,97,3,57944.43,0.05
6930,2775,70,3,8288.85,0.1
6931,2776,23,3,78220.4,0.1
6932,2776,25,4,48553.67,0.1
6933,2777,8,3,77134.84,0.2
6934,2777,78,4,61027.77,0.2
6935,2777,14,2,112855.44,0.2
6936,2778,29,4,26756.43,0.15
6937,2778,35,2,64616.75,0.05
6938,2778,63,3,74324.62,0.0
6939,2778,61,2,59250.67,0.2
6940,2779,80,4,50304.69,0.2
6941,2779,30,2,59827.04,0.0
6942,2780,39,3,21356.09,0.05
6943,2781,39,1,21356.09,0.15
6944,2781,5,3,55610.54,0.0
6945,2782,74,1,65143.62,0.0
6946,2782,54,2,47164.35,0.2
6947,2782,48,1,18316.15,0.0
6948,2782,100,2,56950.77,0.05
6949,2783,18,2,25661.34,0.2
6950,2783,97,2,57944.43,0.0
6951,2783,69,2,38273.87,0.15
6952,2783,23,1,78220.4,0.1
6953,2784,68,3,54854.09,0.1
6954,2784,76,4,61617.55,0.2
6955,2784,37,2,32224.91,0.0
6956,2784,35,1,64616.75,0.0
6957,2785,84,1,20609.39,0.0
6958,2785,17,3,3060.67,0.1
6959,2785,2,4,9643.31,0.2
6960,2785,67,4,28223.22,0.0
6961,2786,91,2,68165.0,0.1
6962,2787,51,2,90551.07,0.1
6963,2787,14,1,112855.44,0.0
6964,2788,54,1,47164.35,0.05
6965,2789,26,4,40496.99,0.05
6966,2790,83,2,70278.9,0.0
6967,2790,62,2,77931.24,0.1
6968,2790,34,2,84343.9,0.2
6969,2790,63,2,74324.62,0.1
6970,2791,67,4,28223.22,0.15
6971,2791,68,4,54854.09,0.15
6972,2791,37,3,32224.91,0.2
6973,2791,58,2,16793.42,0.2
6974,2792,5,3,55610.54,0.2
6975,2793,41,2,34056.89,0.2
6976,2793,38,3,46602.83,0.2
6977,2793,54,1,47164.35,0.2
6978,2794,96,3,57246.92,0.15
6979,2794,96,1,57246.92,0.1
6980,2794,49,3,1098.73,0.05
6981,2795,65,3,11138.22,0.1
6982,2796,11,1,29179.55,0.2
6983,2796,49,3,1098.73,0.15
6984,2796,69,1,38273.87,0.1
6985,2796,69,2,38273.87,0.0
6986,2797,97,1,57944.43,0.05
6987,2797,47,3,66318.14,0.1
6988,2797,91,3,68165.0,0.05
6989,2797,98,2,107440.65,0.1
6990,2798,58,4,16793.42,0.05
6991,2798,10,3,62096.2,0.0
6992,2798,38,3,46602.83,0.1
6993,2799,77,1,78913.67,0.1
6994,2799,59,3,17097.25,0.15
6995,2799,94,3,24440.89,0.0
6996,2800,82,4,75348.3,0.1
6997,2800,7,3,47293.79,0.2
6998,2801,87,1,3831.22,0.05
6999,2801,36,3,94947.11,0.05
7000,2801,82,1,75348.3,0.0
7001,2801,51,2,90551.07,0.1
7002,2802,46,4,83137.14,0.2
7003,2802,8,4,77134.84,0.1
7004,2803,12,4,43161.08,0.1
7005,2803,60,2,48163.29,0.15
7006,2803,57,3,74958.5,0.1
7007,2803,56,3,35450.02,0.05
7008,2804,16,1,64465.1,0.15
7009,2805,51,4,90551.07,0.05
7010,2806,7,4,47293.79,0.2
7011,2806,15,1,45459.24,0.05
7012,2806,50,4,32078.35,0.1
7013,2806,62,2,77931.24,0.05
7014,2807,66,3,75655.91,0.15
7015,2807,99,3,9464.47,0.1
7016,2808,86,1,36743.45,0.05
7017,2808,38,1,46602.83,0.15
7018,2809,79,3,71983.06,0.2
7019,2809,10,4,62096.2,0.0
7020,2809,86,4,36743.45,0.1
7021,2809,39,2,21356.09,0.15
7022,2810,77,4,78913.67,0.15
7023,2811,98,2,107440.65,0.05
7024,2811,71,3,98217.13,0.0
7025,2811,93,2,34199.76,0.1
7026,2812,2,3,9643.31,0.15
7027,2812,18,3,25661.34,0.05
7028,2813,63,3,74324.62,0.05
7029,2814,55,2,11698.2,0.1
7030,2814,13,3,21788.6,0.1
7031,2814,72,3,18167.14,0.1
7032,2814,6,2,11835.67,0.15
7033,2815,100,3,56950.77,0.2
7034,2816,16,1,64465.1,0.15
7035,2817,45,4,16072.3,0.0
7036,2817,83,1,70278.9,0.05
7037,2817,52,4,88567.93,0.0
7038,2818,75,4,44857.53,0.2
7039,2818,71,4,98217.13,0.15
7040,2818,95,1,74013.57,0.05
7041,2818,47,1,66318.14,0.2
7042,2819,98,1,107440.65,0.1
7043,2820,52,2,88567.93,0.0
7044,2820,90,4,62376.77,0.0
7045,2820,74,4,65143.62,0.2
7046,2821,14,3,112855.44,0.05
7047,2821,65,4,11138.22,0.1
7048,2821,88,1,44854.54,0.2
7049,2822,13,4,21788.6,0.05
7050,2822,84,2,20609.39,0.0
7051,2822,11,3,29179.55,0.0
7052,2822,88,4,44854.54,0.2
7053,2823,79,3,71983.06,0.1
7054,2824,16,2,64465.1,0.05
7055,2824,73,3,29426.0,0.0
7056,2824,12,2,43161.08,0.15
7057,2824,57,3,74958.5,0.0
7058,2825,93,2,34199.76,0.0
7059,2825,21,2,33408.11,0.1
7060,2825,18,1,25661.34,0.15
7061,2826,43,2,68409.25,0.1
7062,2826,37,3,32224.91,0.2
7063,2826,5,4,55610.54,0.05
7064,2826,46,1,83137.14,0.1
7065,2827,26,1,40496.99,0.05
7066,2827,13,3,21788.6,0.05
7067,2828,28,3,24101.49,0.0
7068,2828,3,1,26786.94,0.15
7069,2828,92,2,50328.36,0.15
7070,2828,100,1,56950.77,0.15
7071,2829,37,1,32224.91,0.0
7072,2829,88,1,44854.54,0.0
7073,2829,47,3,66318.14,0.15
7074,2830,92,4,50328.36,0.15
7075,2831,18,2,25661.34,0.0
7076,2831,29,1,26756.43,0.15
7077,2831,74,4,65143.62,0.2
7078,2831,23,2,78220.4,0.15
7079,2832,83,1,70278.9,0.05
7080,2832,43,1,68409.25,0.05
7081,2832,41,2,34056.89,0.15
7082,2832,46,3,83137.14,0.1
7083,2833,80,2,50304.69,0.15
7084,2833,1,2,17791.55,0.2
7085,2834,76,2,61617.55,0.1
7086,2834,78,4,61027.77,0.1
7087,2834,83,3,70278.9,0.1
7088,2835,100,3,56950.77,0.1
7089,2835,79,2,71983.06,0.0
7090,2836,53,3,8406.45,0.2
7091,2836,47,4,66318.14,0.1
7092,2836,39,3,21356.09,0.05
7093,2837,83,4,70278.9,0.1
7094,2837,40,1,54298.36,0.05
7095,2837,58,4,16793.42,0.2
7096,2837,10,4,62096.2,0.15
7097,2838,32,3,58569.82,0.05
7098,2838,27,4,45811.61,0.15
7099,2838,44,3,29062.01,0.0
7100,2838,51,2,90551.07,0.2
7101,2839,72,3,18167.14,0.1
7102,2840,44,3,29062.01,0.15
7103,2840,16,1,64465.1,0.15
7104,2840,55,1,11698.2,0.05
7105,2840,6,2,11835.67,0.15
7106,2841,85,3,33117.32,0.05
7107,2841,78,1,61027.77,0.15
7108,2842,23,4,78220.4,0.0
7109,2842,27,1,45811.61,0.0
7110,2842,3,4,26786.94,0.2
7111,2843,37,3,32224.91,0.15
7112,2843,4,2,41953.2,0.0
7113,2843,94,2,24440.89,0.05
7114,2843,14,3,112855.44,0.1
7115,2844,66,1,75655.91,0.0
7116,2844,58,3,16793.42,0.1
7117,2845,24,3,35138.54,0.05
7118,2845,81,1,6985.99,0.0
7119,2846,11,4,29179.55,0.05
7120,2846,89,3,41133.84,0.05
7121,2847,75,1,44857.53,0.0
7122,2847,64,3,6802.82,0.15
7123,2847,88,2,44854.54,0.05
7124,2847,41,4,34056.89,0.0
7125,2848,29,2,26756.43,0.0
7126,2848,16,4,64465.1,0.2
7127,2849,93,4,34199.76,0.0
7128,2849,41,1,34056.89,0.2
7129,2850,83,2,70278.9,0.0
7130,2850,34,1,84343.9,0.0
7131,2851,96,2,57246.92,0.1
7132,2852,88,1,44854.54,0.2
7133,2852,31,3,58504.05,0.0
7134,2853,49,1,1098.73,0.05
7135,2854,80,3,50304.69,0.15
7136,2855,23,2,78220.4,0.0
7137,2855,3,4,26786.94,0.0
7138,2855,29,4,26756.43,0.05
7139,2856,60,3,48163.29,0.2
7140,2857,14,2,112855.44,0.2
7141,2857,34,3,84343.9,0.15
7142,2857,92,3,50328.36,0.15
7143,2858,8,1,77134.84,0.0
7144,2858,6,2,11835.67,0.05
7145,2858,43,4,68409.25,0.2
7146,2858,2,2,9643.31,0.15
7147,2859,3,1,26786.94,0.05
7148,2859,19,4,73662.65,0.15
7149,2859,11,4,29179.55,0.15
7150,2860,82,3,75348.3,0.15
7151,2860,13,3,21788.6,0.2
7152,2861,53,2,8406.45,0.1
7153,2862,71,2,98217.13,0.0
7154,2862,63,4,74324.62,0.2
7155,2862,66,4,75655.91,0.0
7156,2862,36,2,94947.11,0.15
7157,2863,89,2,41133.84,0.15
7158,2863,7,1,47293.79,0.0
7159,2863,11,1,29179.55,0.15
7160,2863,86,2,36743.45,0.2
7161,2864,7,3,47293.79,0.15
7162,2864,20,3,65645.52,0.05
7163,2864,18,4,25661.34,0.05
7164,2865,4,2,41953.2,0.15
7165,2866,12,1,43161.08,0.0
7166,2867,58,4,16793.42,0.15
7167,2867,67,4,28223.22,0.0
7168,2868,9,3,57045.2,0.05
7169,2869,95,1,74013.57,0.1
7170,2869,10,2,62096.2,0.0
7171,2869,69,3,38273.87,0.15
7172,2869,81,4,6985.99,0.15
7173,2870,53,3,8406.45,0.0
7174,2871,50,2,32078.35,0.2
7175,2871,11,2,29179.55,0.15
7176,2872,25,2,48553.67,0.2
7177,2872,86,1,36743.45,0.15
7178,2872,35,1,64616.75,0.15
7179,2872,4,4,41953.2,0.05
7180,2873,73,2,29426.0,0.05
7181,2873,69,4,38273.87,0.05
7182,2873,7,2,47293.79,0.05
7183,2873,6,4,11835.67,0.05
7184,2874,12,1,43161.08,0.15
7185,2875,6,1,11835.67,0.1
7186,2875,62,3,77931.24,0.1
7187,2876,14,4,112855.44,0.15
7188,2876,61,1,59250.67,0.15
7189,2876,18,3,25661.34,0.2
7190,2877,98,1,107440.65,0.05
7191,2877,73,3,29426.0,0.05
7192,2877,38,3,46602.83,0.0
7193,2878,43,3,68409.25,0.0
7194,2878,7,2,47293.79,0.15
7195,2878,6,2,11835.67,0.2
7196,2878,54,3,47164.35,0.15
7197,2879,3,2,26786.94,0.2
7198,2879,64,3,6802.82,0.15
7199,2879,39,1,21356.09,0.2
7200,2879,14,2,112855.44,0.05
7201,2880,54,1,47164.35,0.05
7202,2880,56,1,35450.02,0.2
7203,2880,75,2,44857.53,0.15
7204,2880,20,2,65645.52,0.1
7205,2881,55,1,11698.2,0.2
7206,2882,85,1,33117.32,0.15
7207,2883,27,4,45811.61,0.05
7208,2883,84,3,20609.39,0.15
7209,2883,73,3,29426.0,0.05
7210,2884,43,3,68409.25,0.1
7211,2885,89,1,41133.84,0.2
7212,2885,97,3,57944.43,0.15
7213,2886,24,4,35138.54,0.0
7214,2887,98,2,107440.65,0.1
7215,2887,1,4,17791.55,0.15
7216,2887,13,4,21788.6,0.1
7217,2887,5,3,55610.54,0.05
7218,2888,37,1,32224.91,0.15
7219,2889,94,3,24440.89,0.2
7220,2890,61,4,59250.67,0.0
7221,2891,62,3,77931.24,0.15
7222,2892,9,4,57045.2,0.2
7223,2892,52,3,88567.93,0.1
7224,2892,39,2,21356.09,0.05
7225,2893,48,4,18316.15,0.05
7226,2893,27,1,45811.61,0.05
7227,2894,21,2,33408.11,0.05
7228,2894,96,1,57246.92,0.15
7229,2894,56,3,35450.02,0.0
7230,2894,42,4,32167.57,0.05
7231,2895,8,4,77134.84,0.2
7232,2895,77,1,78913.67,0.2
7233,2896,48,3,18316.15,0.05
7234,2896,39,4,21356.09,0.1
7235,2896,67,4,28223.22,0.1
7236,2897,14,3,112855.44,0.05
7237,2897,54,1,47164.35,0.0
7238,2897,87,2,3831.22,0.0
7239,2898,47,4,66318.14,0.15
7240,2898,1,3,17791.55,0.0
7241,2898,23,2,78220.4,0.15
7242,2899,6,1,11835.67,0.0
7243,2899,51,3,90551.07,0.0
7244,2899,37,2,32224.91,0.0
7245,2899,14,2,112855.44,0.05
7246,2900,69,4,38273.87,0.05
7247,2901,18,1,25661.34,0.05
7248,2901,35,1,64616.75,0.05
7249,2901,99,4,9464.47,0.2
7250,2902,7,4,47293.79,0.1
7251,2902,25,2,48553.67,0.2
7252,2902,32,4,58569.82,0.05
7253,2902,51,1,90551.07,0.1
7254,2903,25,1,48553.67,0.0
7255,2903,98,2,107440.65,0.05
7256,2903,1,3,17791.55,0.0
7257,2903,95,1,74013.57,0.0
7258,2904,54,1,47164.35,0.0
7259,2904,4,4,41953.2,0.0
7260,2904,12,3,43161.08,0.05
7261,2905,11,3,29179.55,0.15
7262,2905,29,4,26756.43,0.0
7263,2905,34,1,84343.9,0.15
7264,2906,65,4,11138.22,0.05
7265,2906,32,2,58569.82,0.1
7266,2906,73,4,29426.0,0.2
7267,2906,30,4,59827.04,0.1
7268,2907,27,1,45811.61,0.05
7269,2907,28,1,24101.49,0.05
7270,2907,33,3,67830.72,0.0
7271,2908,84,3,20609.39,0.2
7272,2908,25,1,48553.67,0.15
7273,2908,28,2,24101.49,0.05
7274,2908,96,4,57246.92,0.1
7275,2909,66,4,75655.91,0.1
7276,2910,20,1,65645.52,0.0
7277,2910,87,3,3831.22,0.2
7278,2911,19,1,73662.65,0.15
7279,2912,17,2,3060.67,0.1
7280,2913,45,1,16072.3,0.15
7281,2913,70,3,8288.85,0.0
7282,2914,19,1,73662.65,0.2
7283,2915,76,1,61617.55,0.15
7284,2915,16,1,64465.1,0.2
7285,2916,79,1,71983.06,0.2
7286,2916,10,1,62096.2,0.1
7287,2917,47,3,66318.14,0.05
7288,2917,65,4,11138.22,0.15
7289,2917,27,2,45811.61,0.1
7290,2918,62,4,77931.24,0.1
7291,2918,69,3,38273.87,0.15
7292,2918,66,2,75655.91,0.2
7293,2918,40,1,54298.36,0.0
7294,2919,78,4,61027.77,0.1
7295,2919,74,1,65143.62,0.15
7296,2919,33,2,67830.72,0.05
7297,2919,74,1,65143.62,0.05
7298,2920,92,4,50328.36,0.0
7299,2920,82,4,75348.3,0.05
7300,2921,74,2,65143.62,0.1
7301,2921,77,2,78913.67,0.2
7302,2922,81,3,6985.99,0.1
7303,2922,29,3,26756.43,0.05
7304,2922,73,2,29426.0,0.2
7305,2922,20,2,65645.52,0.0
7306,2923,36,1,94947.11,0.0
7307,2924,94,2,24440.89,0.1
7308,2924,29,3,26756.43,0.2
7309,2924,85,3,33117.32,0.05
7310,2925,43,4,68409.25,0.0
7311,2925,21,3,33408.11,0.15
7312,2926,10,4,62096.2,0.1
7313,2927,55,3,11698.2,0.15
7314,2927,46,2,83137.14,0.05
7315,2927,52,2,88567.93,0.0
7316,2928,5,3,55610.54,0.05
7317,2928,27,2,45811.61,0.1
7318,2929,1,4,17791.55,0.1
7319,2930,31,1,58504.05,0.2
7320,2930,94,1,24440.89,0.05
7321,2930,16,2,64465.1,0.05
7322,2931,69,1,38273.87,0.0
7323,2932,1,1,17791.55,0.1
7324,2932,57,2,74958.5,0.2
7325,2932,93,1,34199.76,0.2
7326,2933,35,1,64616.75,0.05
7327,2934,20,3,65645.52,0.1
7328,2934,58,2,16793.42,0.15
7329,2935,28,4,24101.49,0.0
7330,2935,90,1,62376.77,0.15
7331,2935,85,3,33117.32,0.0
7332,2935,66,3,75655.91,0.0
7333,2936,64,3,6802.82,0.0
7334,2937,61,3,59250.67,0.2
7335,2937,74,1,65143.62,0.15
7336,2937,47,4,66318.14,0.15
7337,2937,97,2,57944.43,0.15
7338,2938,35,3,64616.75,0.15
7339,2938,1,2,17791.55,0.1
7340,2938,70,2,8288.85,0.2
7341,2939,67,3,28223.22,0.0
7342,2939,99,4,9464.47,0.1
7343,2939,40,4,54298.36,0.15
7344,2939,43,3,68409.25,0.2
7345,2940,57,3,74958.5,0.05
7346,2941,40,3,54298.36,0.0
7347,2941,79,4,71983.06,0.15
7348,2941,43,1,68409.25,0.0
7349,2942,79,4,71983.06,0.15
7350,2942,43,3,68409.25,0.15
7351,2942,23,3,78220.4,0.15
7352,2942,100,3,56950.77,0.05
7353,2943,53,4,8406.45,0.0
7354,2943,71,3,98217.13,0.15
7355,2943,60,1,48163.29,0.05
7356,2943,36,4,94947.11,0.05
7357,2944,98,3,107440.65,0.0
7358,2945,38,4,46602.83,0.05
7359,2945,100,4,56950.77,0.2
7360,2945,44,4,29062.01,0.2
7361,2945,3,1,26786.94,0.05
7362,2946,4,3,41953.2,0.0
7363,2947,98,4,107440.65,0.0
7364,2947,53,4,8406.45,0.0
7365,2947,39,3,21356.09,0.0
7366,2948,82,4,75348.3,0.15
7367,2948,62,4,77931.24,0.15
7368,2949,67,1,28223.22,0.15
7369,2949,69,4,38273.87,0.05
7370,2949,20,3,65645.52,0.2
7371,2950,9,3,57045.2,0.0
7372,2950,73,1,29426.0,0.05
7373,2950,3,4,26786.94,0.2
7374,2951,72,2,18167.14,0.2
7375,2952,13,2,21788.6,0.1
7376,2952,27,2,45811.61,0.15
7377,2952,71,4,98217.13,0.15
7378,2953,63,2,74324.62,0.2
7379,2953,79,1,71983.06,0.05
7380,2953,62,1,77931.24,0.0
7381,2953,5,4,55610.54,0.0
7382,2954,84,1,20609.39,0.05
7383,2954,22,4,101373.13,0.05
7384,2955,14,1,112855.44,0.1
7385,2955,88,4,44854.54,0.0
7386,2956,20,3,65645.52,0.1
7387,2956,54,1,47164.35,0.15
7388,2956,49,4,1098.73,0.0
7389,2956,77,2,78913.67,0.05
7390,2957,5,4,55610.54,0.1
7391,2958,11,3,29179.55,0.0
7392,2958,42,2,32167.57,0.15
7393,2959,48,1,18316.15,0.15
7394,2959,79,2,71983.06,0.05
7395,2959,61,1,59250.67,0.0
7396,2960,15,4,45459.24,0.1
7397,2960,98,1,107440.65,0.2
7398,2961,46,1,83137.14,0.05
7399,2961,97,1,57944.43,0.2
7400,2961,99,4,9464.47,0.2
7401,2961,6,4,11835.67,0.05
7402,2962,51,3,90551.07,0.1
7403,2962,43,1,68409.25,0.0
7404,2963,50,3,32078.35,0.1
7405,2963,31,4,58504.05,0.2
7406,2963,56,1,35450.02,0.2
7407,2963,50,4,32078.35,0.0
7408,2964,19,1,73662.65,0.15
7409,2965,29,4,26756.43,0.0
7410,2965,15,3,45459.24,0.05
7411,2965,85,4,33117.32,0.2
7412,2966,68,2,54854.09,0.15
7413,2966,39,4,21356.09,0.05
7414,2966,40,4,54298.36,0.2
7415,2967,8,2,77134.84,0.15
7416,2968,29,3,26756.43,0.0
7417,2969,93,2,34199.76,0.0
7418,2969,4,2,41953.2,0.15
7419,2969,15,4,45459.24,0.2
7420,2970,85,1,33117.32,0.0
7421,2970,53,1,8406.45,0.1
7422,2970,4,2,41953.2,0.2
7423,2971,49,4,1098.73,0.2
7424,2971,75,1,44857.53,0.15
7425,2971,35,2,64616.75,0.2
7426,2972,39,3,21356.09,0.2
7427,2973,64,2,6802.82,0.2
7428,2973,60,3,48163.29,0.15
7429,2973,91,3,68165.0,0.2
7430,2974,25,4,48553.67,0.0
7431,2974,28,4,24101.49,0.0
7432,2974,16,2,64465.1,0.1
7433,2974,67,2,28223.22,0.15
7434,2975,54,2,47164.35,0.2
7435,2976,35,2,64616.75,0.15
7436,2976,70,4,8288.85,0.05
7437,2977,38,3,46602.83,0.2
7438,2977,20,3,65645.52,0.0
7439,2978,54,2,47164.35,0.0
7440,2978,44,3,29062.01,0.15
7441,2978,41,3,34056.89,0.2
7442,2978,45,3,16072.3,0.1
7443,2979,92,4,50328.36,0.0
7444,2979,22,4,101373.13,0.0
7445,2980,28,1,24101.49,0.2
7446,2980,57,1,74958.5,0.05
7447,2981,5,4,55610.54,0.15
7448,2981,15,2,45459.24,0.05
7449,2981,57,2,74958.5,0.05
7450,2982,51,4,90551.07,0.15
7451,2983,66,3,75655.91,0.15
7452,2983,12,1,43161.08,0.1
7453,2983,86,1,36743.45,0.1
7454,2983,49,4,1098.73,0.1
7455,2984,16,4,64465.1,0.1
7456,2984,32,2,58569.82,0.2
7457,2984,23,4,78220.4,0.15
7458,2984,46,1,83137.14,0.05
7459,2985,47,4,66318.14,0.05
7460,2985,44,1,29062.01,0.15
7461,2985,47,3,66318.14,0.15
7462,2986,91,4,68165.0,0.05
7463,2986,96,3,57246.92,0.2
7464,2986,49,4,1098.73,0.1
7465,2987,97,2,57944.43,0.05
7466,2987,82,2,75348.3,0.1
7467,2987,82,2,75348.3,0.0
7468,2988,23,1,78220.4,0.15
7469,2988,44,2,29062.01,0.2
7470,2988,36,1,94947.11,0.2
7471,2988,10,4,62096.2,0.1
7472,2989,8,1,77134.84,0.05
7473,2989,63,1,74324.62,0.1
7474,2989,43,3,68409.25,0.0
7475,2989,83,3,70278.9,0.15
7476,2990,67,1,28223.22,0.1
7477,2990,9,3,57045.2,0.0
7478,2991,84,1,20609.39,0.1
7479,2991,50,4,32078.35,0.15
7480,2992,57,1,74958.5,0.05
7481,2992,97,3,57944.43,0.1
7482,2992,65,3,11138.22,0.2
7483,2993,3,2,26786.94,0.15
7484,2994,18,3,25661.34,0.15
7485,2994,43,2,68409.25,0.1
7486,2994,4,3,41953.2,0.1
7487,2994,17,1,3060.67,0.1
7488,2995,80,3,50304.69,0.1
7489,2995,15,4,45459.24,0.0
7490,2995,17,4,3060.67,0.0
7491,2995,51,2,90551.07,0.2
7492,2996,10,2,62096.2,0.1
7493,2996,26,2,40496.99,0.1
7494,2996,94,4,24440.89,0.1
7495,2997,64,4,6802.82,0.1
7496,2997,97,3,57944.43,0.2
7497,2998,36,4,94947.11,0.1
7498,2998,62,1,77931.24,0.1
7499,2999,24,4,35138.54,0.1
7500,2999,38,4,46602.83,0.0
7501,3000,18,3,25661.34,0.0
7502,3000,84,3,20609.39,0.0
7503,3000,19,4,73662.65,0.05
7504,3001,21,3,33408.11,0.0
7505,3001,47,4,66318.14,0.05
7506,3001,43,1,68409.25,0.2
7507,3001,32,3,58569.82,0.05
7508,3002,36,2,94947.11,0.15
7509,3002,30,4,59827.04,0.05
7510,3002,92,4,50328.36,0.2
7511,3003,59,4,17097.25,0.15
7512,3003,92,1,50328.36,0.2
7513,3003,99,2,9464.47,0.05
7514,3003,66,1,75655.91,0.0
7515,3004,83,4,70278.9,0.05
7516,3004,12,2,43161.08,0.15
7517,3004,95,3,74013.57,0.15
7518,3004,49,2,1098.73,0.15
7519,3005,72,4,18167.14,0.2
7520,3005,25,4,48553.67,0.05
7521,3005,10,4,62096.2,0.1
7522,3006,89,3,41133.84,0.1
7523,3006,45,1,16072.3,0.0
7524,3007,14,4,112855.44,0.15
7525,3007,66,1,75655.91,0.0
7526,3007,6,2,11835.67,0.2
7527,3008,46,2,83137.14,0.0
7528,3008,71,2,98217.13,0.0
7529,3009,73,4,29426.0,0.0
7530,3009,46,1,83137.14,0.2
7531,3009,37,3,32224.91,0.2
7532,3010,84,1,20609.39,0.2
7533,3010,19,4,73662.65,0.2
7534,3010,8,3,77134.84,0.2
7535,3010,16,2,64465.1,0.1
7536,3011,81,1,6985.99,0.0
7537,3011,47,1,66318.14,0.1
7538,3012,4,1,41953.2,0.05
7539,3012,17,2,3060.67,0.05
7540,3012,3,4,26786.94,0.15
7541,3013,82,1,75348.3,0.0
7542,3014,47,3,66318.14,0.05
7543,3014,7,2,47293.79,0.05
7544,3014,23,1,78220.4,0.0
7545,3015,62,3,77931.24,0.15
7546,3015,60,3,48163.29,0.15
7547,3016,82,4,75348.3,0.1
7548,3016,3,3,26786.94,0.0
7549,3017,7,2,47293.79,0.15
7550,3017,4,4,41953.2,0.1
7551,3017,40,1,54298.36,0.05
7552,3018,73,3,29426.0,0.2
7553,3019,67,4,28223.22,0.2
7554,3019,22,1,101373.13,0.1
7555,3019,66,4,75655.91,0.1
7556,3020,66,1,75655.91,0.2
7557,3020,20,2,65645.52,0.0
7558,3020,75,2,44857.53,0.1
7559,3021,43,1,68409.25,0.1
7560,3021,6,3,11835.67,0.05
7561,3022,40,2,54298.36,0.05
7562,3023,77,3,78913.67,0.0
7563,3023,70,2,8288.85,0.05
7564,3024,27,3,45811.61,0.05
7565,3025,76,4,61617.55,0.2
7566,3025,39,3,21356.09,0.05
7567,3026,47,1,66318.14,0.0
7568,3026,9,2,57045.2,0.2
7569,3026,100,2,56950.77,0.05
7570,3027,84,1,20609.39,0.2
7571,3028,20,1,65645.52,0.0
7572,3028,57,1,74958.5,0.0
7573,3028,79,4,71983.06,0.2
7574,3029,51,2,90551.07,0.0
7575,3030,22,4,101373.13,0.0
7576,3030,97,3,57944.43,0.15
7577,3030,27,3,45811.61,0.05
7578,3030,34,4,84343.9,0.1
7579,3031,38,3,46602.83,0.1
7580,3031,90,1,62376.77,0.05
7581,3031,51,2,90551.07,0.1
7582,3032,72,3,18167.14,0.05
7583,3032,91,1,68165.0,0.05
7584,3033,93,1,34199.76,0.05
7585,3033,86,1,36743.45,0.0
7586,3033,91,3,68165.0,0.1
7587,3034,95,2,74013.57,0.1
7588,3035,100,1,56950.77,0.0
7589,3036,65,3,11138.22,0.1
7590,3036,14,3,112855.44,0.15
7591,3036,12,3,43161.08,0.0
7592,3036,80,1,50304.69,0.05
7593,3037,32,4,58569.82,0.2
7594,3037,81,1,6985.99,0.1
7595,3037,94,3,24440.89,0.0
7596,3037,65,3,11138.22,0.1
7597,3038,77,1,78913.67,0.1
7598,3039,28,2,24101.49,0.05
7599,3039,44,1,29062.01,0.0
7600,3040,97,2,57944.43,0.2
7601,3041,82,3,75348.3,0.2
7602,3041,21,2,33408.11,0.15
7603,3042,94,3,24440.89,0.0
7604,3042,50,4,32078.35,0.2
7605,3043,85,1,33117.32,0.1
7606,3043,53,2,8406.45,0.1
7607,3044,61,1,59250.67,0.2
7608,3044,17,3,3060.67,0.1
7609,3044,34,1,84343.9,0.05
7610,3045,73,4,29426.0,0.05
7611,3046,85,2,33117.32,0.2
7612,3046,9,3,57045.2,0.1
7613,3046,8,1,77134.84,0.1
7614,3046,70,2,8288.85,0.1
7615,3047,45,1,16072.3,0.05
7616,3047,85,3,33117.32,0.1
7617,3047,7,1,47293.79,0.2
7618,3048,35,1,64616.75,0.0
7619,3048,4,3,41953.2,0.2
7620,3048,71,3,98217.13,0.05
7621,3048,86,2,36743.45,0.05
7622,3049,16,2,64465.1,0.0
7623,3050,33,2,67830.72,0.15
7624,3050,85,4,33117.32,0.05
7625,3050,5,2,55610.54,0.1
7626,3051,96,4,57246.92,0.1
7627,3051,89,1,41133.84,0.15
7628,3051,16,1,64465.1,0.2
7629,3051,14,2,112855.44,0.1
7630,3052,70,1,8288.85,0.0
7631,3053,2,3,9643.31,0.15
7632,3053,51,2,90551.07,0.0
7633,3053,7,2,47293.79,0.2
7634,3053,54,3,47164.35,0.05
7635,3054,36,1,94947.11,0.15
7636,3054,71,2,98217.13,0.0
7637,3055,89,4,41133.84,0.1
7638,3055,49,3,1098.73,0.15
7639,3055,65,3,11138.22,0.15
7640,3055,61,3,59250.67,0.0
7641,3056,99,2,9464.47,0.0
7642,3056,24,4,35138.54,0.2
7643,3057,24,4,35138.54,0.1
7644,3057,38,2,46602.83,0.2
7645,3057,74,4,65143.62,0.0
7646,3057,87,1,3831.22,0.1
7647,3058,28,2,24101.49,0.1
7648,3059,11,2,29179.55,0.2
7649,3059,61,3,59250.67,0.15
7650,3060,60,3,48163.29,0.15
7651,3060,38,2,46602.83,0.05
7652,3061,19,2,73662.65,0.2
7653,3062,85,3,33117.32,0.05
7654,3062,85,2,33117.32,0.05
7655,3063,75,2,44857.53,0.15
7656,3063,58,2,16793.42,0.2
7657,3064,27,4,45811.61,0.2
7658,3065,41,3,34056.89,0.0
7659,3065,7,1,47293.79,0.2
7660,3065,25,4,48553.67,0.05
7661,3066,46,3,83137.14,0.05
7662,3066,44,2,29062.01,0.2
7663,3066,9,3,57045.2,0.2
7664,3067,96,1,57246.92,0.05
7665,3067,27,1,45811.61,0.0
7666,3067,51,2,90551.07,0.05
7667,3067,47,4,66318.14,0.1
7668,3068,47,2,66318.14,0.0
7669,3068,85,2,33117.32,0.05
7670,3068,75,4,44857.53,0.0
7671,3069,87,4,3831.22,0.2
7672,3070,38,2,46602.83,0.05
7673,3071,27,1,45811.61,0.05
7674,3071,43,3,68409.25,0.1
7675,3072,57,3,74958.5,0.0
7676,3072,34,4,84343.9,0.1
7677,3073,47,4,66318.14,0.2
7678,3074,16,3,64465.1,0.2
7679,3074,59,1,17097.25,0.05
7680,3074,72,1,18167.14,0.0
7681,3074,53,3,8406.45,0.15
7682,3075,88,3,44854.54,0.2
7683,3075,100,2,56950.77,0.2
7684,3075,91,2,68165.0,0.1
7685,3076,10,3,62096.2,0.1
7686,3076,89,2,41133.84,0.15
7687,3076,34,1,84343.9,0.15
7688,3077,46,4,83137.14,0.15
7689,3078,42,2,32167.57,0.05
7690,3078,29,2,26756.43,0.2
7691,3078,88,1,44854.54,0.0
7692,3078,64,2,6802.82,0.0
7693,3079,97,4,57944.43,0.15
7694,3080,96,1,57246.92,0.1
7695,3080,42,1,32167.57,0.1
7696,3081,73,1,29426.0,0.2
7697,3081,51,1,90551.07,0.2
7698,3082,50,3,32078.35,0.15
7699,3082,74,2,65143.62,0.0
7700,3082,69,4,38273.87,0.0
7701,3082,92,2,50328.36,0.0
7702,3083,78,3,61027.77,0.15
7703,3083,63,1,74324.62,0.15
7704,3084,92,2,50328.36,0.15
7705,3085,11,2,29179.55,0.0
7706,3085,77,1,78913.67,0.05
7707,3086,40,2,54298.36,0.05
7708,3086,44,2,29062.01,0.15
7709,3087,79,2,71983.06,0.0
7710,3088,28,3,24101.49,0.2
7711,3089,89,4,41133.84,0.0
7712,3090,50,4,32078.35,0.1
7713,3090,35,1,64616.75,0.2
7714,3091,33,3,67830.72,0.0
7715,3091,43,4,68409.25,0.15
7716,3092,95,4,74013.57,0.1
7717,3092,11,2,29179.55,0.2
7718,3093,51,4,90551.07,0.1
7719,3093,84,4,20609.39,0.2
7720,3093,48,2,18316.15,0.1
7721,3094,57,4,74958.5,0.0
7722,3095,35,3,64616.75,0.15
7723,3095,14,4,112855.44,0.2
7724,3095,64,3,6802.82,0.1
7725,3095,92,4,50328.36,0.2
7726,3096,53,4,8406.45,0.2
7727,3096,44,4,29062.01,0.15
7728,3096,13,2,21788.6,0.15
7729,3096,95,3,74013.57,0.1
7730,3097,87,3,3831.22,0.2
7731,3098,91,4,68165.0,0.05
7732,3098,36,2,94947.11,0.1
7733,3099,63,2,74324.62,0.0
7734,3100,44,3,29062.01,0.0
7735,3100,24,4,35138.54,0.1
7736,3101,21,4,33408.11,0.15
7737,3101,39,1,21356.09,0.0
7738,3102,56,4,35450.02,0.0
7739,3103,13,4,21788.6,0.0
7740,3104,71,1,98217.13,0.1
7741,3104,46,1,83137.14,0.05
7742,3105,89,1,41133.84,0.0
7743,3105,28,4,24101.49,0.15
7744,3105,6,4,11835.67,0.1
7745,3106,32,3,58569.82,0.0
7746,3106,98,3,107440.65,0.15
7747,3107,33,2,67830.72,0.2
7748,3107,71,4,98217.13,0.1
7749,3107,85,1,33117.32,0.2
7750,3107,29,2,26756.43,0.1
7751,3108,65,1,11138.22,0.0
7752,3108,21,4,33408.11,0.0
7753,3109,37,3,32224.91,0.0
7754,3109,30,3,59827.04,0.05
7755,3109,68,4,54854.09,0.05
7756,3109,88,1,44854.54,0.1
7757,3110,26,4,40496.99,0.1
7758,3111,30,1,59827.04,0.2
7759,3111,83,4,70278.9,0.0
7760,3111,47,3,66318.14,0.2
7761,3112,52,4,88567.93,0.05
7762,3112,71,1,98217.13,0.2
7763,3112,14,4,112855.44,0.0
7764,3112,88,4,44854.54,0.0
7765,3113,37,1,32224.91,0.0
7766,3114,66,3,75655.91,0.05
7767,3114,44,4,29062.01,0.2
7768,3114,76,2,61617.55,0.1
7769,3114,62,2,77931.24,0.0
7770,3115,18,2,25661.34,0.15
7771,3115,19,3,73662.65,0.1
7772,3116,88,4,44854.54,0.15
7773,3116,52,3,88567.93,0.15
7774,3117,28,3,24101.49,0.15
7775,3117,15,4,45459.24,0.0
7776,3117,13,4,21788.6,0.1
7777,3118,92,2,50328.36,0.15
7778,3118,98,4,107440.65,0.1
7779,3118,40,2,54298.36,0.2
7780,3119,21,3,33408.11,0.2
7781,3120,42,2,32167.57,0.2
7782,3120,14,4,112855.44,0.05
7783,3120,55,3,11698.2,0.1
7784,3120,63,3,74324.62,0.2
7785,3121,99,2,9464.47,0.05
7786,3121,32,3,58569.82,0.15
7787,3121,20,4,65645.52,0.05
7788,3122,14,2,112855.44,0.0
7789,3122,38,4,46602.83,0.05
7790,3122,61,2,59250.67,0.2
7791,3122,7,1,47293.79,0.2
7792,3123,76,3,61617.55,0.2
7793,3123,47,3,66318.14,0.05
7794,3124,80,2,50304.69,0.15
7795,3124,47,3,66318.14,0.05
7796,3124,16,3,64465.1,0.0
7797,3125,3,4,26786.94,0.05
7798,3125,56,4,35450.02,0.0
7799,3126,54,4,47164.35,0.15
7800,3126,82,2,75348.3,0.15
7801,3126,88,1,44854.54,0.0
7802,3126,17,1,3060.67,0.0
7803,3127,32,3,58569.82,0.1
7804,3127,21,3,33408.11,0.0
7805,3127,11,3,29179.55,0.2
7806,3127,1,1,17791.55,0.1
7807,3128,9,3,57045.2,0.1
7808,3128,53,4,8406.45,0.0
7809,3128,16,3,64465.1,0.15
7810,3128,20,3,65645.52,0.15
7811,3129,12,1,43161.08,0.15
7812,3129,73,2,29426.0,0.1
7813,3129,64,3,6802.82,0.05
7814,3130,97,3,57944.43,0.0
7815,3130,12,3,43161.08,0.05
7816,3130,21,3,33408.11,0.1
7817,3130,46,3,83137.14,0.0
7818,3131,65,2,11138.22,0.0
7819,3131,14,3,112855.44,0.05
7820,3132,22,2,101373.13,0.0
7821,3132,43,2,68409.25,0.0
7822,3133,2,2,9643.31,0.1
7823,3133,40,3,54298.36,0.15
7824,3133,76,4,61617.55,0.1
7825,3133,53,3,8406.45,0.0
7826,3134,44,1,29062.01,0.05
7827,3135,49,3,1098.73,0.0
7828,3135,95,2,74013.57,0.15
7829,3135,53,1,8406.45,0.05
7830,3136,54,1,47164.35,0.05
7831,3137,94,4,24440.89,0.2
7832,3137,16,2,64465.1,0.1
7833,3137,10,1,62096.2,0.15
7834,3138,45,1,16072.3,0.05
7835,3138,32,3,58569.82,0.2
7836,3139,21,4,33408.11,0.15
7837,3139,12,2,43161.08,0.1
7838,3140,88,1,44854.54,0.1
7839,3140,62,2,77931.24,0.15
7840,3141,70,3,8288.85,0.0
7841,3141,12,1,43161.08,0.05
7842,3142,35,2,64616.75,0.15
7843,3142,63,1,74324.62,0.1
7844,3143,53,2,8406.45,0.15
7845,3143,70,1,8288.85,0.1
7846,3144,67,1,28223.22,0.0
7847,3144,42,1,32167.57,0.15
7848,3144,79,3,71983.06,0.15
7849,3145,26,2,40496.99,0.05
7850,3145,9,4,57045.2,0.15
7851,3145,92,2,50328.36,0.05
7852,3145,3,1,26786.94,0.0
7853,3146,29,1,26756.43,0.0
7854,3146,12,4,43161.08,0.2
7855,3146,24,3,35138.54,0.05
7856,3147,40,2,54298.36,0.1
7857,3147,13,3,21788.6,0.05
7858,3147,47,3,66318.14,0.15
7859,3148,93,1,34199.76,0.15
7860,3148,14,3,112855.44,0.2
7861,3148,93,1,34199.76,0.2
7862,3148,42,1,32167.57,0.2
7863,3149,60,3,48163.29,0.05
7864,3149,45,2,16072.3,0.1
7865,3149,32,1,58569.82,0.05
7866,3149,11,1,29179.55,0.15
7867,3150,60,3,48163.29,0.15
7868,3151,92,3,50328.36,0.05
7869,3151,53,1,8406.45,0.2
7870,3151,60,2,48163.29,0.05
7871,3152,65,2,11138.22,0.2
7872,3153,39,4,21356.09,0.2
7873,3154,13,4,21788.6,0.0
7874,3154,51,2,90551.07,0.05
7875,3154,87,3,3831.22,0.05
7876,3154,32,4,58569.82,0.2
7877,3155,88,2,44854.54,0.15
7878,3156,86,1,36743.45,0.0
7879,3156,25,2,48553.67,0.2
7880,3156,58,3,16793.42,0.05
7881,3156,75,4,44857.53,0.05
7882,3157,50,2,32078.35,0.0
7883,3157,70,1,8288.85,0.0
7884,3157,92,1,50328.36,0.1
7885,3157,63,2,74324.62,0.0
7886,3158,84,1,20609.39,0.0
7887,3158,81,1,6985.99,0.15
7888,3158,82,3,75348.3,0.05
7889,3158,86,4,36743.45,0.15
7890,3159,23,1,78220.4,0.2
7891,3159,2,3,9643.31,0.0
7892,3159,16,3,64465.1,0.15
7893,3160,25,3,48553.67,0.0
7894,3160,70,4,8288.85,0.15
7895,3160,51,4,90551.07,0.05
7896,3160,47,2,66318.14,0.0
7897,3161,1,4,17791.55,0.05
7898,3162,69,1,38273.87,0.05
7899,3162,37,4,32224.91,0.15
7900,3162,77,1,78913.67,0.15
7901,3162,12,1,43161.08,0.15
7902,3163,30,1,59827.04,0.0
7903,3164,6,1,11835.67,0.2
7904,3164,29,2,26756.43,0.1
7905,3165,93,3,34199.76,0.0
7906,3166,50,3,32078.35,0.2
7907,3166,44,1,29062.01,0.15
7908,3167,28,2,24101.49,0.0
7909,3167,27,1,45811.61,0.1
7910,3167,67,1,28223.22,0.2
7911,3168,99,3,9464.47,0.15
7912,3168,75,3,44857.53,0.0
7913,3169,74,1,65143.62,0.15
7914,3169,48,2,18316.15,0.0
7915,3169,10,4,62096.2,0.05
7916,3169,73,3,29426.0,0.0
7917,3170,81,1,6985.99,0.15
7918,3170,52,4,88567.93,0.2
7919,3170,10,1,62096.2,0.0
7920,3171,72,2,18167.14,0.15
7921,3171,93,3,34199.76,0.05
7922,3171,23,3,78220.4,0.15
7923,3172,16,1,64465.1,0.0
7924,3172,74,4,65143.62,0.05
7925,3172,34,1,84343.9,0.05
7926,3172,72,3,18167.14,0.2
7927,3173,71,2,98217.13,0.0
7928,3173,27,4,45811.61,0.1
7929,3174,5,4,55610.54,0.0
7930,3174,56,4,35450.02,0.1
7931,3175,41,4,34056.89,0.15
7932,3175,86,3,36743.45,0.15
7933,3175,36,1,94947.11,0.0
7934,3175,25,3,48553.67,0.15
7935,3176,87,2,3831.22,0.05
7936,3176,74,3,65143.62,0.15
7937,3176,62,1,77931.24,0.2
7938,3177,96,3,57246.92,0.0
7939,3177,79,2,71983.06,0.05
7940,3177,87,3,3831.22,0.2
7941,3178,80,2,50304.69,0.0
7942,3178,41,2,34056.89,0.05
7943,3179,7,1,47293.79,0.1
7944,3180,61,4,59250.67,0.2
7945,3181,77,1,78913.67,0.05
7946,3182,100,1,56950.77,0.05
7947,3183,69,2,38273.87,0.15
7948,3183,57,1,74958.5,0.0
7949,3183,58,4,16793.42,0.05
7950,3184,12,2,43161.08,0.05
7951,3185,1,1,17791.55,0.1
7952,3185,5,2,55610.54,0.1
7953,3185,91,1,68165.0,0.05
7954,3186,80,3,50304.69,0.05
7955,3186,27,2,45811.61,0.2
7956,3186,43,1,68409.25,0.2
7957,3186,49,4,1098.73,0.2
7958,3187,25,3,48553.67,0.15
7959,3187,43,2,68409.25,0.1
7960,3187,35,3,64616.75,0.05
7961,3187,70,3,8288.85,0.0
7962,3188,76,1,61617.55,0.1
7963,3188,10,4,62096.2,0.1
7964,3189,47,2,66318.14,0.15
7965,3190,100,1,56950.77,0.0
7966,3190,87,3,3831.22,0.2
7967,3190,80,4,50304.69,0.0
7968,3190,74,3,65143.62,0.05
7969,3191,1,2,17791.55,0.05
7970,3192,98,2,107440.65,0.2
7971,3192,74,3,65143.62,0.15
7972,3192,89,1,41133.84,0.0
7973,3193,91,4,68165.0,0.2
7974,3193,26,2,40496.99,0.15
7975,3193,2,1,9643.31,0.0
7976,3194,66,1,75655.91,0.15
7977,3195,46,3,83137.14,0.0
7978,3195,3,1,26786.94,0.1
7979,3195,28,4,24101.49,0.0
7980,3196,100,4,56950.77,0.0
7981,3197,37,1,32224.91,0.1
7982,3198,27,1,45811.61,0.15
7983,3198,66,4,75655.91,0.1
7984,3198,67,1,28223.22,0.05
7985,3198,34,2,84343.9,0.1
7986,3199,85,4,33117.32,0.0
7987,3199,59,1,17097.25,0.0
7988,3199,17,3,3060.67,0.0
7989,3199,33,2,67830.72,0.0
7990,3200,85,2,33117.32,0.15
7991,3200,9,4,57045.2,0.15
7992,3201,2,3,9643.31,0.0
7993,3201,66,2,75655.91,0.1
7994,3201,45,4,16072.3,0.1
7995,3201,26,3,40496.99,0.0
7996,3202,48,1,18316.15,0.2
7997,3202,19,2,73662.65,0.2
7998,3202,38,1,46602.83,0.15
7999,3202,24,3,35138.54,0.2
8000,3203,59,4,17097.25,0.1
8001,3203,68,1,54854.09,0.2
8002,3203,92,4,50328.36,0.1
8003,3203,7,4,47293.79,0.0
8004,3204,33,4,67830.72,0.0
8005,3205,27,3,45811.61,0.2
8006,3205,58,2,16793.42,0.1
8007,3206,54,1,47164.35,0.15
8008,3206,88,4,44854.54,0.0
8009,3206,92,2,50328.36,0.1
8010,3207,78,2,61027.77,0.0
8011,3207,20,3,65645.52,0.05
8012,3207,5,3,55610.54,0.0
8013,3207,90,4,62376.77,0.05
8014,3208,95,4,74013.57,0.15
8015,3208,26,4,40496.99,0.0
8016,3208,5,1,55610.54,0.0
8017,3208,69,1,38273.87,0.15
8018,3209,59,1,17097.25,0.0
8019,3209,89,3,41133.84,0.1
8020,3210,58,3,16793.42,0.2
8021,3211,77,4,78913.67,0.15
8022,3211,79,4,71983.06,0.0
8023,3211,1,4,17791.55,0.0
8024,3211,15,1,45459.24,0.15
8025,3212,79,3,71983.06,0.05
8026,3212,18,4,25661.34,0.1
8027,3213,21,4,33408.11,0.1
8028,3213,76,2,61617.55,0.1
8029,3214,21,4,33408.11,0.1
8030,3214,15,2,45459.24,0.0
8031,3214,2,1,9643.31,0.0
8032,3214,47,2,66318.14,0.0
8033,3215,64,2,6802.82,0.05
8034,3215,74,4,65143.62,0.2
8035,3215,91,1,68165.0,0.2
8036,3216,66,1,75655.91,0.1
8037,3216,76,3,61617.55,0.0
8038,3217,22,3,101373.13,0.0
8039,3218,35,3,64616.75,0.2
8040,3218,31,1,58504.05,0.05
8041,3219,7,2,47293.79,0.2
8042,3219,97,4,57944.43,0.1
8043,3219,25,1,48553.67,0.2
8044,3219,45,4,16072.3,0.0
8045,3220,36,1,94947.11,0.2
8046,3220,5,1,55610.54,0.1
8047,3221,91,4,68165.0,0.1
8048,3221,22,2,101373.13,0.1
8049,3221,11,3,29179.55,0.05
8050,3222,35,2,64616.75,0.15
8051,3222,15,3,45459.24,0.15
8052,3223,100,2,56950.77,0.2
8053,3223,19,2,73662.65,0.2
8054,3223,31,4,58504.05,0.1
8055,3223,28,3,24101.49,0.15
8056,3224,3,3,26786.94,0.2
8057,3224,2,4,9643.31,0.0
8058,3224,52,2,88567.93,0.1
8059,3224,24,4,35138.54,0.15
8060,3225,9,3,57045.2,0.1
8061,3225,30,4,59827.04,0.0
8062,3225,28,2,24101.49,0.15
8063,3226,43,3,68409.25,0.1
8064,3226,100,1,56950.77,0.15
8065,3226,31,1,58504.05,0.0
8066,3226,71,1,98217.13,0.0
8067,3227,77,3,78913.67,0.15
8068,3227,6,2,11835.67,0.2
8069,3227,51,2,90551.07,0.15
8070,3228,45,3,16072.3,0.2
8071,3228,51,2,90551.07,0.2
8072,3229,18,1,25661.34,0.05
8073,3229,47,3,66318.14,0.0
8074,3229,13,3,21788.6,0.1
8075,3230,95,1,74013.57,0.15
8076,3230,59,2,17097.25,0.15
8077,3230,4,1,41953.2,0.1
8078,3230,51,3,90551.07,0.2
8079,3231,93,1,34199.76,0.2
8080,3231,75,1,44857.53,0.1
8081,3231,28,2,24101.49,0.1
8082,3231,90,2,62376.77,0.0
8083,3232,19,4,73662.65,0.15
8084,3233,25,1,48553.67,0.15
8085,3233,16,4,64465.1,0.2
8086,3233,93,2,34199.76,0.0
8087,3234,72,2,18167.14,0.0
8088,3235,52,1,88567.93,0.15
8089,3235,67,2,28223.22,0.1
8090,3235,26,2,40496.99,0.1
8091,3236,8,3,77134.84,0.1
8092,3236,85,4,33117.32,0.15
8093,3236,97,3,57944.43,0.15
8094,3237,4,1,41953.2,0.0
8095,3237,6,2,11835.67,0.15
8096,3238,56,3,35450.02,0.1
8097,3238,5,3,55610.54,0.1
8098,3238,73,3,29426.0,0.15
8099,3238,95,3,74013.57,0.15
8100,3239,28,3,24101.49,0.05
8101,3239,30,4,59827.04,0.0
8102,3239,87,3,3831.22,0.0
8103,3239,36,3,94947.11,0.2
8104,3240,25,2,48553.67,0.05
8105,3241,9,2,57045.2,0.05
8106,3242,84,3,20609.39,0.2
8107,3243,93,4,34199.76,0.05
8108,3243,8,4,77134.84,0.1
8109,3243,81,3,6985.99,0.05
8110,3243,16,4,64465.1,0.15
8111,3244,14,1,112855.44,0.1
8112,3244,39,2,21356.09,0.1
8113,3244,44,1,29062.01,0.1
8114,3245,86,3,36743.45,0.2
8115,3245,70,4,8288.85,0.1
8116,3245,15,1,45459.24,0.1
8117,3246,59,1,17097.25,0.2
8118,3246,88,2,44854.54,0.0
8119,3246,67,4,28223.22,0.2
8120,3246,23,1,78220.4,0.0
8121,3247,13,4,21788.6,0.05
8122,3247,46,1,83137.14,0.0
8123,3247,48,2,18316.15,0.1
8124,3247,36,3,94947.11,0.2
8125,3248,11,3,29179.55,0.05
8126,3249,12,4,43161.08,0.15
8127,3250,53,1,8406.45,0.05
8128,3250,95,1,74013.57,0.15
8129,3251,60,2,48163.29,0.2
8130,3251,44,3,29062.01,0.15
8131,3252,94,2,24440.89,0.05
8132,3252,70,3,8288.85,0.2
8133,3252,72,2,18167.14,0.0
8134,3253,58,4,16793.42,0.2
8135,3254,77,1,78913.67,0.2
8136,3254,51,3,90551.07,0.15
8137,3255,63,3,74324.62,0.15
8138,3256,62,1,77931.24,0.05
8139,3257,76,3,61617.55,0.1
8140,3258,90,1,62376.77,0.0
8141,3259,30,3,59827.04,0.05
8142,3259,70,3,8288.85,0.1
8143,3259,4,1,41953.2,0.05
8144,3260,54,1,47164.35,0.15
8145,3260,90,2,62376.77,0.2
8146,3261,65,4,11138.22,0.1
8147,3261,27,1,45811.61,0.05
8148,3262,61,4,59250.67,0.05
8149,3262,36,3,94947.11,0.1
8150,3263,44,4,29062.01,0.15
8151,3263,23,4,78220.4,0.0
8152,3263,63,2,74324.62,0.1
8153,3264,20,3,65645.52,0.1
8154,3264,45,3,16072.3,0.05
8155,3264,94,1,24440.89,0.05
8156,3264,76,3,61617.55,0.2
8157,3265,42,2,32167.57,0.1
8158,3265,97,1,57944.43,0.1
8159,3265,2,4,9643.31,0.0
8160,3266,96,2,57246.92,0.05
8161,3266,36,4,94947.11,0.05
8162,3266,83,1,70278.9,0.05
8163,3267,95,3,74013.57,0.2
8164,3267,61,2,59250.67,0.1
8165,3267,62,4,77931.24,0.2
8166,3268,75,4,44857.53,0.1
8167,3268,24,4,35138.54,0.15
8168,3268,18,4,25661.34,0.0
8169,3269,35,4,64616.75,0.2
8170,3270,48,2,18316.15,0.15
8171,3270,75,4,44857.53,0.0
8172,3270,26,3,40496.99,0.15
8173,3270,57,2,74958.5,0.1
8174,3271,1,1,17791.55,0.0
8175,3272,4,3,41953.2,0.2
8176,3272,97,2,57944.43,0.1
8177,3273,86,3,36743.45,0.15
8178,3273,87,1,3831.22,0.1
8179,3273,33,3,67830.72,0.0
8180,3274,52,3,88567.93,0.05
8181,3274,68,3,54854.09,0.15
8182,3275,26,3,40496.99,0.05
8183,3276,75,4,44857.53,0.2
8184,3276,70,4,8288.85,0.05
8185,3276,41,2,34056.89,0.1
8186,3276,44,4,29062.01,0.1
8187,3277,31,4,58504.05,0.0
8188,3278,81,1,6985.99,0.2
8189,3279,99,2,9464.47,0.0
8190,3279,100,3,56950.77,0.1
8191,3279,78,3,61027.77,0.2
8192,3279,35,1,64616.75,0.2
8193,3280,79,2,71983.06,0.05
8194,3280,25,2,48553.67,0.05
8195,3280,90,3,62376.77,0.1
8196,3281,27,3,45811.61,0.15
8197,3282,41,1,34056.89,0.05
8198,3282,10,1,62096.2,0.1
8199,3282,9,2,57045.2,0.2
8200,3282,40,1,54298.36,0.15
8201,3283,56,4,35450.02,0.2
8202,3283,2,2,9643.31,0.2
8203,3283,85,3,33117.32,0.2
8204,3283,12,1,43161.08,0.1
8205,3284,100,2,56950.77,0.2
8206,3285,28,4,24101.49,0.1
8207,3285,38,3,46602.83,0.15
8208,3286,16,2,64465.1,0.2
8209,3286,83,3,70278.9,0.0
8210,3287,74,3,65143.62,0.2
8211,3288,8,1,77134.84,0.2
8212,3289,11,4,29179.55,0.2
8213,3290,61,4,59250.67,0.15
8214,3291,87,3,3831.22,0.0
8215,3291,11,1,29179.55,0.05
8216,3292,23,2,78220.4,0.0
8217,3292,55,3,11698.2,0.15
8218,3293,11,4,29179.55,0.1
8219,3294,31,3,58504.05,0.1
8220,3294,2,1,9643.31,0.15
8221,3295,50,3,32078.35,0.2
8222,3296,72,1,18167.14,0.0
8223,3296,42,2,32167.57,0.2
8224,3296,26,3,40496.99,0.05
8225,3296,43,3,68409.25,0.15
8226,3297,51,2,90551.07,0.1
8227,3298,17,2,3060.67,0.1
8228,3298,12,4,43161.08,0.05
8229,3298,19,3,73662.65,0.0
8230,3298,99,1,9464.47,0.15
8231,3299,73,3,29426.0,0.05
8232,3299,13,3,21788.6,0.05
8233,3299,31,3,58504.05,0.0
8234,3300,42,3,32167.57,0.2
8235,3300,19,1,73662.65,0.05
8236,3300,86,4,36743.45,0.05
8237,3300,95,4,74013.57,0.05
8238,3301,25,1,48553.67,0.1
8239,3301,2,1,9643.31,0.1
8240,3301,27,1,45811.61,0.1
8241,3302,59,4,17097.25,0.05
8242,3302,81,4,6985.99,0.05
8243,3303,34,2,84343.9,0.2
8244,3303,28,3,24101.49,0.1
8245,3303,25,1,48553.67,0.2
8246,3304,1,1,17791.55,0.2
8247,3304,2,1,9643.31,0.15
8248,3305,43,1,68409.25,0.1
8249,3306,62,4,77931.24,0.2
8250,3306,2,4,9643.31,0.0
8251,3307,21,1,33408.11,0.1
8252,3307,91,3,68165.0,0.15
8253,3308,100,1,56950.77,0.0
8254,3309,65,3,11138.22,0.0
8255,3310,53,4,8406.45,0.0
8256,3310,59,4,17097.25,0.1
8257,3310,38,4,46602.83,0.1
8258,3310,21,1,33408.11,0.1
8259,3311,38,1,46602.83,0.0
8260,3311,70,1,8288.85,0.1
8261,3311,67,1,28223.22,0.2
8262,3312,68,3,54854.09,0.0
8263,3312,61,3,59250.67,0.15
8264,3313,7,4,47293.79,0.05
8265,3313,63,1,74324.62,0.0
8266,3313,89,2,41133.84,0.0
8267,3313,65,3,11138.22,0.0
8268,3314,58,3,16793.42,0.1
8269,3315,23,2,78220.4,0.1
8270,3315,80,1,50304.69,0.15
8271,3316,46,2,83137.14,0.0
8272,3316,27,1,45811.61,0.15
8273,3316,49,3,1098.73,0.15
8274,3316,13,4,21788.6,0.0
8275,3317,93,1,34199.76,0.15
8276,3317,71,1,98217.13,0.0
8277,3317,33,3,67830.72,0.1
8278,3318,80,1,50304.69,0.15
8279,3318,6,4,11835.67,0.2
8280,3319,39,4,21356.09,0.1
8281,3319,66,2,75655.91,0.1
8282,3320,3,2,26786.94,0.2
8283,3321,71,2,98217.13,0.05
8284,3322,82,2,75348.3,0.05
8285,3323,60,4,48163.29,0.1
8286,3323,21,4,33408.11,0.0
8287,3323,75,1,44857.53,0.0
8288,3323,34,1,84343.9,0.05
8289,3324,74,3,65143.62,0.0
8290,3324,63,3,74324.62,0.15
8291,3324,10,3,62096.2,0.1
8292,3325,10,2,62096.2,0.1
8293,3325,2,2,9643.31,0.1
8294,3326,8,1,77134.84,0.0
8295,3326,30,2,59827.04,0.1
8296,3326,3,3,26786.94,0.0
8297,3326,94,2,24440.89,0.05
8298,3327,92,2,50328.36,0.15
8299,3328,18,2,25661.34,0.2
8300,3329,32,4,58569.82,0.05
8301,3329,75,3,44857.53,0.05
8302,3330,67,4,28223.22,0.15
8303,3330,59,1,17097.25,0.2
8304,3330,99,4,9464.47,0.05
8305,3330,63,1,74324.62,0.2
8306,3331,67,2,28223.22,0.05
8307,3331,51,2,90551.07,0.15
8308,3331,53,1,8406.45,0.05
8309,3332,30,4,59827.04,0.05
8310,3332,53,4,8406.45,0.2
8311,3332,92,3,50328.36,0.05
8312,3332,38,2,46602.83,0.0
8313,3333,14,4,112855.44,0.15
8314,3334,60,3,48163.29,0.0
8315,3334,79,2,71983.06,0.0
8316,3334,96,4,57246.92,0.2
8317,3334,55,1,11698.2,0.05
8318,3335,79,2,71983.06,0.0
8319,3336,26,1,40496.99,0.2
8320,3337,43,1,68409.25,0.05
8321,3337,42,1,32167.57,0.15
8322,3337,34,3,84343.9,0.05
8323,3338,72,4,18167.14,0.1
8324,3339,89,3,41133.84,0.15
8325,3339,33,2,67830.72,0.15
8326,3339,14,2,112855.44,0.1
8327,3339,83,1,70278.9,0.15
8328,3340,85,3,33117.32,0.2
8329,3340,94,1,24440.89,0.2
8330,3340,26,4,40496.99,0.15
8331,3340,72,2,18167.14,0.05
8332,3341,72,2,18167.14,0.1
8333,3341,80,1,50304.69,0.2
8334,3341,81,1,6985.99,0.05
8335,3342,96,1,57246.92,0.15
8336,3342,48,3,18316.15,0.15
8337,3343,8,2,77134.84,0.1
8338,3344,20,4,65645.52,0.2
8339,3344,89,3,41133.84,0.1
8340,3344,85,4,33117.32,0.2
8341,3345,2,4,9643.31,0.15
8342,3345,37,1,32224.91,0.0
8343,3345,25,1,48553.67,0.2
8344,3346,33,4,67830.72,0.15
8345,3346,64,2,6802.82,0.05
8346,3346,52,4,88567.93,0.15
8347,3346,49,3,1098.73,0.1
8348,3347,44,3,29062.01,0.2
8349,3347,65,2,11138.22,0.05
8350,3347,69,2,38273.87,0.05
8351,3348,5,3,55610.54,0.0
8352,3349,14,1,112855.44,0.15
8353,3350,35,2,64616.75,0.2
8354,3350,44,3,29062.01,0.15
8355,3350,100,1,56950.77,0.05
8356,3350,90,2,62376.77,0.2
8357,3351,65,4,11138.22,0.05
8358,3352,4,2,41953.2,0.15
8359,3352,11,4,29179.55,0.1
8360,3352,46,4,83137.14,0.2
8361,3352,59,3,17097.25,0.2
8362,3353,67,1,28223.22,0.05
8363,3354,15,1,45459.24,0.0
8364,3354,89,4,41133.84,0.0
8365,3354,50,1,32078.35,0.15
8366,3355,60,3,48163.29,0.05
8367,3355,4,3,41953.2,0.0
8368,3355,83,4,70278.9,0.2
8369,3355,55,4,11698.2,0.15
8370,3356,23,2,78220.4,0.0
8371,3356,32,3,58569.82,0.15
8372,3357,36,3,94947.11,0.15
8373,3358,3,4,26786.94,0.2
8374,3358,95,3,74013.57,0.2
8375,3358,81,1,6985.99,0.2
8376,3358,89,4,41133.84,0.2
8377,3359,36,3,94947.11,0.15
8378,3360,56,1,35450.02,0.15
8379,3360,46,1,83137.14,0.1
8380,3360,48,1,18316.15,0.15
8381,3361,59,3,17097.25,0.2
8382,3361,46,4,83137.14,0.0
8383,3361,78,2,61027.77,0.0
8384,3361,6,1,11835.67,0.1
8385,3362,20,4,65645.52,0.05
8386,3362,90,3,62376.77,0.1
8387,3362,89,3,41133.84,0.05
8388,3363,82,1,75348.3,0.15
8389,3364,37,4,32224.91,0.2
8390,3364,46,1,83137.14,0.05
8391,3364,3,3,26786.94,0.15
8392,3364,28,3,24101.49,0.0
8393,3365,73,3,29426.0,0.15
8394,3366,35,3,64616.75,0.15
8395,3366,49,2,1098.73,0.15
8396,3366,13,3,21788.6,0.1
8397,3367,50,2,32078.35,0.0
8398,3367,73,2,29426.0,0.2
8399,3367,58,3,16793.42,0.0
8400,3368,56,3,35450.02,0.1
8401,3368,92,1,50328.36,0.0
8402,3369,24,4,35138.54,0.2
8403,3369,30,1,59827.04,0.1
8404,3370,63,2,74324.62,0.1
8405,3371,49,2,1098.73,0.05
8406,3371,98,2,107440.65,0.15
8407,3371,6,2,11835.67,0.05
8408,3371,13,2,21788.6,0.15
8409,3372,35,2,64616.75,0.2
8410,3373,46,4,83137.14,0.05
8411,3373,90,4,62376.77,0.15
8412,3374,50,2,32078.35,0.05
8413,3374,44,2,29062.01,0.2
8414,3374,17,3,3060.67,0.2
8415,3375,44,1,29062.01,0.05
8416,3375,54,2,47164.35,0.05
8417,3375,59,1,17097.25,0.0
8418,3376,61,3,59250.67,0.15
8419,3376,43,1,68409.25,0.2
8420,3376,16,4,64465.1,0.0
8421,3377,16,2,64465.1,0.2
8422,3377,16,3,64465.1,0.15
8423,3377,62,3,77931.24,0.1
8424,3378,86,2,36743.45,0.05
8425,3378,89,2,41133.84,0.15
8426,3378,32,2,58569.82,0.1
8427,3379,8,4,77134.84,0.2
8428,3379,64,3,6802.82,0.1
8429,3379,4,1,41953.2,0.0
8430,3379,63,2,74324.62,0.05
8431,3380,39,2,21356.09,0.05
8432,3380,84,4,20609.39,0.1
8433,3381,63,4,74324.62,0.05
8434,3381,74,2,65143.62,0.2
8435,3381,41,2,34056.89,0.05
8436,3381,85,1,33117.32,0.15
8437,3382,53,3,8406.45,0.05
8438,3382,63,1,74324.62,0.2
8439,3382,37,4,32224.91,0.2
8440,3382,45,3,16072.3,0.15
8441,3383,85,1,33117.32,0.15
8442,3383,40,4,54298.36,0.15
8443,3383,3,4,26786.94,0.1
8444,3383,38,2,46602.83,0.1
8445,3384,40,1,54298.36,0.0
8446,3384,42,2,32167.57,0.2
8447,3384,8,2,77134.84,0.2
8448,3384,13,2,21788.6,0.1
8449,3385,33,4,67830.72,0.2
8450,3385,43,4,68409.25,0.1
8451,3385,3,3,26786.94,0.0
8452,3385,39,4,21356.09,0.2
8453,3386,33,1,67830.72,0.1
8454,3387,4,1,41953.2,0.2
8455,3387,26,4,40496.99,0.05
8456,3387,28,3,24101.49,0.1
8457,3387,15,1,45459.24,0.15
8458,3388,76,4,61617.55,0.0
8459,3388,8,1,77134.84,0.2
8460,3388,58,4,16793.42,0.15
8461,3389,67,4,28223.22,0.0
8462,3389,81,2,6985.99,0.15
8463,3390,55,3,11698.2,0.2
8464,3390,55,3,11698.2,0.05
8465,3390,77,4,78913.67,0.15
8466,3391,86,3,36743.45,0.15
8467,3391,22,2,101373.13,0.0
8468,3392,80,1,50304.69,0.1
8469,3392,47,2,66318.14,0.1
8470,3392,10,1,62096.2,0.05
8471,3393,62,3,77931.24,0.05
8472,3393,98,2,107440.65,0.15
8473,3393,15,3,45459.24,0.15
8474,3393,2,1,9643.31,0.05
8475,3394,92,2,50328.36,0.0
8476,3395,60,2,48163.29,0.15
8477,3395,22,1,101373.13,0.0
8478,3396,80,4,50304.69,0.0
8479,3396,40,3,54298.36,0.05
8480,3396,34,4,84343.9,0.2
8481,3396,29,4,26756.43,0.15
8482,3397,60,1,48163.29,0.05
8483,3397,14,4,112855.44,0.1
8484,3398,37,1,32224.91,0.2
8485,3398,31,4,58504.05,0.15
8486,3398,7,3,47293.79,0.15
8487,3398,77,4,78913.67,0.0
8488,3399,1,2,17791.55,0.05
8489,3400,96,1,57246.92,0.0
8490,3400,10,1,62096.2,0.2
8491,3400,36,1,94947.11,0.05
8492,3401,10,4,62096.2,0.1
8493,3401,37,3,32224.91,0.1
8494,3401,62,1,77931.24,0.1
8495,3401,9,1,57045.2,0.0
8496,3402,53,1,8406.45,0.2
8497,3402,78,2,61027.77,0.05
8498,3402,46,3,83137.14,0.2
8499,3402,12,4,43161.08,0.15
8500,3403,70,3,8288.85,0.15
8501,3404,19,4,73662.65,0.15
8502,3404,2,2,9643.31,0.2
8503,3404,44,2,29062.01,0.05
8504,3404,28,3,24101.49,0.05
8505,3405,3,1,26786.94,0.15
8506,3405,78,4,61027.77,0.05
8507,3406,60,4,48163.29,0.2
8508,3406,91,1,68165.0,0.0
8509,3407,49,1,1098.73,0.2
8510,3407,44,3,29062.01,0.05
8511,3408,85,3,33117.32,0.0
8512,3408,9,1,57045.2,0.15
8513,3408,37,3,32224.91,0.05
8514,3409,80,2,50304.69,0.05
8515,3409,30,3,59827.04,0.1
8516,3409,89,2,41133.84,0.1
8517,3410,29,2,26756.43,0.0
8518,3410,42,2,32167.57,0.0
8519,3411,90,1,62376.77,0.1
8520,3412,25,1,48553.67,0.05
8521,3412,97,1,57944.43,0.1
8522,3412,5,4,55610.54,0.15
8523,3412,27,2,45811.61,0.15
8524,3413,60,2,48163.29,0.0
8525,3414,60,4,48163.29,0.2
8526,3415,91,4,68165.0,0.15
8527,3415,96,1,57246.92,0.0
8528,3415,68,2,54854.09,0.15
8529,3416,66,2,75655.91,0.2
8530,3416,32,4,58569.82,0.1
8531,3417,81,3,6985.99,0.2
8532,3417,65,3,11138.22,0.2
8533,3417,3,1,26786.94,0.2
8534,3418,84,2,20609.39,0.2
8535,3418,36,1,94947.11,0.0
8536,3418,48,3,18316.15,0.0
8537,3418,49,4,1098.73,0.15
8538,3419,82,4,75348.3,0.15
8539,3420,27,2,45811.61,0.1
8540,3420,40,2,54298.36,0.05
8541,3421,4,4,41953.2,0.2
8542,3421,35,2,64616.75,0.1
8543,3421,9,4,57045.2,0.15
8544,3422,59,3,17097.25,0.15
8545,3422,90,2,62376.77,0.2
8546,3422,47,3,66318.14,0.15
8547,3422,92,1,50328.36,0.15
8548,3423,98,2,107440.65,0.2
8549,3423,6,2,11835.67,0.0
8550,3423,52,4,88567.93,0.15
8551,3424,53,3,8406.45,0.1
8552,3424,39,2,21356.09,0.15
8553,3425,84,4,20609.39,0.05
8554,3425,40,2,54298.36,0.1
8555,3425,6,4,11835.67,0.05
8556,3426,55,3,11698.2,0.0
8557,3426,21,4,33408.11,0.1
8558,3426,36,4,94947.11,0.0
8559,3426,51,2,90551.07,0.0
8560,3427,73,2,29426.0,0.1
8561,3427,28,4,24101.49,0.2
8562,3428,39,1,21356.09,0.15
8563,3428,7,4,47293.79,0.0
8564,3428,39,1,21356.09,0.0
8565,3428,59,4,17097.25,0.1
8566,3429,62,3,77931.24,0.1
8567,3429,30,3,59827.04,0.0
8568,3429,7,2,47293.79,0.05
8569,3429,58,3,16793.42,0.0
8570,3430,66,2,75655.91,0.1
8571,3430,9,2,57045.2,0.15
8572,3431,51,1,90551.07,0.05
8573,3432,10,1,62096.2,0.1
8574,3432,46,4,83137.14,0.05
8575,3432,65,3,11138.22,0.2
8576,3432,72,2,18167.14,0.0
8577,3433,72,4,18167.14,0.1
8578,3434,76,3,61617.55,0.05
8579,3434,25,3,48553.67,0.1
8580,3435,85,1,33117.32,0.1
8581,3436,35,3,64616.75,0.15
8582,3436,38,1,46602.83,0.2
8583,3436,79,3,71983.06,0.1
8584,3437,33,1,67830.72,0.05
8585,3437,8,3,77134.84,0.1
8586,3438,72,2,18167.14,0.1
8587,3438,67,1,28223.22,0.2
8588,3438,59,2,17097.25,0.1
8589,3439,15,1,45459.24,0.2
8590,3439,64,1,6802.82,0.15
8591,3439,20,4,65645.52,0.1
8592,3439,56,2,35450.02,0.05
8593,3440,51,2,90551.07,0.05
8594,3440,78,1,61027.77,0.0
8595,3440,98,2,107440.65,0.1
8596,3440,20,2,65645.52,0.2
8597,3441,12,3,43161.08,0.0
8598,3441,56,1,35450.02,0.2
8599,3441,96,4,57246.92,0.2
8600,3441,16,1,64465.1,0.1
8601,3442,49,3,1098.73,0.05
8602,3443,41,1,34056.89,0.1
8603,3443,32,4,58569.82,0.2
8604,3444,67,3,28223.22,0.0
8605,3445,30,4,59827.04,0.1
8606,3445,50,4,32078.35,0.0
8607,3445,85,4,33117.32,0.15
8608,3445,38,3,46602.83,0.0
8609,3446,3,4,26786.94,0.05
8610,3446,89,1,41133.84,0.15
8611,3446,28,3,24101.49,0.15
8612,3447,78,4,61027.77,0.05
8613,3447,77,2,78913.67,0.1
8614,3448,53,4,8406.45,0.0
8615,3448,9,3,57045.2,0.1
8616,3448,96,2,57246.92,0.0
8617,3449,69,2,38273.87,0.2
8618,3449,43,1,68409.25,0.0
8619,3449,86,4,36743.45,0.15
8620,3450,79,3,71983.06,0.1
8621,3450,77,2,78913.67,0.05
8622,3451,17,4,3060.67,0.1
8623,3451,64,1,6802.82,0.0
8624,3452,29,4,26756.43,0.1
8625,3453,8,2,77134.84,0.15
8626,3453,34,3,84343.9,0.1
8627,3454,11,1,29179.55,0.05
8628,3454,11,3,29179.55,0.1
8629,3455,73,3,29426.0,0.2
8630,3455,51,4,90551.07,0.15
8631,3455,40,2,54298.36,0.0
8632,3455,20,1,65645.52,0.05
8633,3456,78,1,61027.77,0.0
8634,3456,64,1,6802.82,0.05
8635,3456,59,2,17097.25,0.15
8636,3456,20,4,65645.52,0.2
8637,3457,13,1,21788.6,0.1
8638,3457,13,1,21788.6,0.15
8639,3457,3,1,26786.94,0.05
8640,3457,97,2,57944.43,0.1
8641,3458,37,3,32224.91,0.2
8642,3459,66,2,75655.91,0.05
8643,3459,99,2,9464.47,0.05
8644,3459,94,1,24440.89,0.0
8645,3459,33,4,67830.72,0.05
8646,3460,49,1,1098.73,0.0
8647,3460,47,1,66318.14,0.2
8648,3461,4,3,41953.2,0.2
8649,3461,77,4,78913.67,0.1
8650,3462,58,2,16793.42,0.1
8651,3462,38,1,46602.83,0.05
8652,3462,56,3,35450.02,0.0
8653,3462,74,2,65143.62,0.1
8654,3463,2,2,9643.31,0.0
8655,3463,65,4,11138.22,0.2
8656,3463,87,4,3831.22,0.05
8657,3463,73,2,29426.0,0.15
8658,3464,62,3,77931.24,0.05
8659,3465,10,3,62096.2,0.0
8660,3465,75,4,44857.53,0.1
8661,3466,76,4,61617.55,0.0
8662,3466,50,2,32078.35,0.05
8663,3466,59,1,17097.25,0.05
8664,3467,62,1,77931.24,0.2
8665,3467,13,1,21788.6,0.1
8666,3467,26,4,40496.99,0.15
8667,3468,80,3,50304.69,0.1
8668,3468,98,4,107440.65,0.2
8669,3469,28,1,24101.49,0.1
8670,3469,41,1,34056.89,0.2
8671,3469,92,1,50328.36,0.2
8672,3470,17,3,3060.67,0.2
8673,3470,27,1,45811.61,0.15
8674,3470,6,3,11835.67,0.2
8675,3470,24,4,35138.54,0.15
8676,3471,64,1,6802.82,0.05
8677,3472,35,3,64616.75,0.0
8678,3472,99,3,9464.47,0.05
8679,3472,90,4,62376.77,0.1
8680,3473,90,1,62376.77,0.0
8681,3473,73,1,29426.0,0.05
8682,3473,71,1,98217.13,0.15
8683,3474,51,3,90551.07,0.05
8684,3474,100,4,56950.77,0.15
8685,3474,10,1,62096.2,0.2
8686,3474,73,2,29426.0,0.0
8687,3475,15,3,45459.24,0.15
8688,3475,34,4,84343.9,0.2
8689,3476,26,4,40496.99,0.0
8690,3477,61,3,59250.67,0.15
8691,3477,79,4,71983.06,0.1
8692,3477,8,4,77134.84,0.15
8693,3478,61,4,59250.67,0.0
8694,3478,23,2,78220.4,0.1
8695,3478,8,2,77134.84,0.05
8696,3479,42,2,32167.57,0.0
8697,3479,59,4,17097.25,0.15
8698,3480,21,2,33408.11,0.1
8699,3480,39,4,21356.09,0.2
8700,3480,96,3,57246.92,0.0
8701,3480,35,1,64616.75,0.15
8702,3481,100,2,56950.77,0.15
8703,3481,84,1,20609.39,0.15
8704,3481,38,3,46602.83,0.05
8705,3481,58,2,16793.42,0.15
8706,3482,71,2,98217.13,0.05
8707,3483,47,1,66318.14,0.15
8708,3483,41,1,34056.89,0.1
8709,3483,33,4,67830.72,0.1
8710,3483,14,4,112855.44,0.1
8711,3484,3,2,26786.94,0.0
8712,3485,34,4,84343.9,0.05
8713,3485,80,3,50304.69,0.05
8714,3486,24,2,35138.54,0.2
8715,3487,18,2,25661.34,0.1
8716,3487,33,3,67830.72,0.0
8717,3488,60,4,48163.29,0.0
8718,3488,22,2,101373.13,0.2
8719,3488,23,2,78220.4,0.0
8720,3488,12,4,43161.08,0.0
8721,3489,34,3,84343.9,0.05
8722,3489,22,2,101373.13,0.05
8723,3490,84,2,20609.39,0.0
8724,3490,91,3,68165.0,0.2
8725,3490,38,1,46602.83,0.0
8726,3491,9,1,57045.2,0.15
8727,3492,9,3,57045.2,0.2
8728,3492,33,1,67830.72,0.15
8729,3492,47,3,66318.14,0.0
8730,3493,53,4,8406.45,0.15
8731,3493,31,1,58504.05,0.05
8732,3494,36,2,94947.11,0.1
8733,3494,29,4,26756.43,0.05
8734,3494,52,1,88567.93,0.15
8735,3495,70,4,8288.85,0.1
8736,3495,5,1,55610.54,0.0
8737,3495,48,4,18316.15,0.1
8738,3495,65,2,11138.22,0.15
8739,3496,68,1,54854.09,0.2
8740,3496,57,3,74958.5,0.2
8741,3496,53,1,8406.45,0.0
8742,3497,69,2,38273.87,0.2
8743,3498,38,3,46602.83,0.1
8744,3498,57,3,74958.5,0.15
8745,3499,32,2,58569.82,0.05
8746,3500,44,4,29062.01,0.15
8747,3500,13,2,21788.6,0.05
8748,3501,36,2,94947.11,0.1
8749,3502,15,2,45459.24,0.05
8750,3502,23,4,78220.4,0.05
8751,3502,42,3,32167.57,0.1
8752,3503,51,1,90551.07,0.2
8753,3503,95,4,74013.57,0.15
8754,3504,3,2,26786.94,0.15
8755,3505,90,2,62376.77,0.05
8756,3506,33,1,67830.72,0.1
8757,3506,73,4,29426.0,0.1
8758,3506,68,1,54854.09,0.15
8759,3506,98,4,107440.65,0.0
8760,3507,11,1,29179.55,0.0
8761,3507,97,3,57944.43,0.1
8762,3507,7,1,47293.79,0.2
8763,3507,88,2,44854.54,0.15
8764,3508,66,4,75655.91,0.2
8765,3508,49,3,1098.73,0.05
8766,3508,40,3,54298.36,0.05
8767,3508,10,1,62096.2,0.15
8768,3509,81,4,6985.99,0.0
8769,3510,73,2,29426.0,0.2
8770,3510,94,3,24440.89,0.15
8771,3511,74,4,65143.62,0.1
8772,3511,96,3,57246.92,0.0
8773,3511,89,3,41133.84,0.05
8774,3511,43,1,68409.25,0.2
8775,3512,71,2,98217.13,0.0
8776,3512,27,3,45811.61,0.0
8777,3512,80,1,50304.69,0.05
8778,3513,61,2,59250.67,0.05
8779,3514,45,4,16072.3,0.15
8780,3515,63,4,74324.62,0.0
8781,3515,28,4,24101.49,0.15
8782,3516,63,4,74324.62,0.15
8783,3516,48,4,18316.15,0.05
8784,3516,33,1,67830.72,0.1
8785,3516,98,4,107440.65,0.15
8786,3517,7,3,47293.79,0.2
8787,3518,76,4,61617.55,0.15
8788,3518,22,3,101373.13,0.2
8789,3518,23,1,78220.4,0.0
8790,3518,16,3,64465.1,0.15
8791,3519,11,4,29179.55,0.15
8792,3519,13,1,21788.6,0.05
8793,3519,84,3,20609.39,0.05
8794,3520,93,3,34199.76,0.0
8795,3520,59,2,17097.25,0.2
8796,3520,2,4,9643.31,0.2
8797,3520,87,1,3831.22,0.0
8798,3521,61,2,59250.67,0.05
8799,3521,53,4,8406.45,0.1
8800,3521,95,3,74013.57,0.2
8801,3521,41,1,34056.89,0.2
8802,3522,37,1,32224.91,0.2
8803,3522,78,3,61027.77,0.2
8804,3523,53,4,8406.45,0.15
8805,3523,72,1,18167.14,0.05
8806,3523,70,1,8288.85,0.15
8807,3523,84,2,20609.39,0.1
8808,3524,32,1,58569.82,0.2
8809,3525,8,1,77134.84,0.1
8810,3525,48,2,18316.15,0.15
8811,3526,65,3,11138.22,0.0
8812,3527,82,4,75348.3,0.15
8813,3528,27,2,45811.61,0.1
8814,3529,75,3,44857.53,0.1
8815,3530,84,4,20609.39,0.15
8816,3531,81,1,6985.99,0.1
8817,3531,81,4,6985.99,0.0
8818,3532,99,1,9464.47,0.05
8819,3533,67,3,28223.22,0.2
8820,3534,38,4,46602.83,0.2
8821,3534,44,4,29062.01,0.15
8822,3534,75,2,44857.53,0.15
8823,3534,24,3,35138.54,0.05
8824,3535,61,1,59250.67,0.15
8825,3536,58,2,16793.42,0.1
8826,3537,67,4,28223.22,0.0
8827,3538,43,1,68409.25,0.2
8828,3539,74,1,65143.62,0.2
8829,3539,8,3,77134.84,0.0
8830,3539,75,3,44857.53,0.1
8831,3540,82,2,75348.3,0.15
8832,3540,89,1,41133.84,0.15
8833,3540,93,1,34199.76,0.0
8834,3540,35,3,64616.75,0.0
8835,3541,5,2,55610.54,0.2
8836,3541,66,4,75655.91,0.2
8837,3541,10,2,62096.2,0.15
8838,3542,29,2,26756.43,0.15
8839,3542,71,1,98217.13,0.15
8840,3542,60,3,48163.29,0.1
8841,3543,61,2,59250.67,0.15
8842,3544,76,4,61617.55,0.05
8843,3544,17,2,3060.67,0.0
8844,3544,80,4,50304.69,0.05
8845,3544,59,2,17097.25,0.05
8846,3545,43,2,68409.25,0.05
8847,3546,47,2,66318.14,0.1
8848,3546,51,2,90551.07,0.0
8849,3546,56,2,35450.02,0.1
8850,3547,34,4,84343.9,0.1
8851,3547,23,3,78220.4,0.0
8852,3548,17,1,3060.67,0.1
8853,3548,35,1,64616.75,0.15
8854,3548,27,1,45811.61,0.1
8855,3548,52,3,88567.93,0.0
8856,3549,92,1,50328.36,0.15
8857,3549,11,2,29179.55,0.1
8858,3550,31,4,58504.05,0.1
8859,3550,5,1,55610.54,0.0
8860,3550,98,1,107440.65,0.0
8861,3551,71,1,98217.13,0.0
8862,3551,25,2,48553.67,0.2
8863,3552,42,1,32167.57,0.05
8864,3552,73,3,29426.0,0.1
8865,3552,96,3,57246.92,0.15
8866,3553,58,1,16793.42,0.15
8867,3553,28,3,24101.49,0.0
8868,3553,70,2,8288.85,0.2
8869,3553,69,1,38273.87,0.05
8870,3554,65,2,11138.22,0.15
8871,3554,5,3,55610.54,0.2
8872,3554,71,1,98217.13,0.1
8873,3555,2,4,9643.31,0.0
8874,3555,91,4,68165.0,0.1
8875,3556,89,1,41133.84,0.05
8876,3556,57,1,74958.5,0.2
8877,3557,65,2,11138.22,0.15
8878,3557,7,4,47293.79,0.2
8879,3557,88,1,44854.54,0.2
8880,3558,28,2,24101.49,0.0
8881,3558,27,3,45811.61,0.0
8882,3559,71,1,98217.13,0.15
8883,3560,94,1,24440.89,0.15
8884,3560,50,1,32078.35,0.2
8885,3561,51,1,90551.07,0.15
8886,3562,55,3,11698.2,0.2
8887,3563,30,4,59827.04,0.05
8888,3563,60,2,48163.29,0.0
8889,3564,97,2,57944.43,0.0
8890,3564,39,1,21356.09,0.1
8891,3564,78,4,61027.77,0.0
8892,3564,78,4,61027.77,0.1
8893,3565,86,3,36743.45,0.1
8894,3565,73,2,29426.0,0.05
8895,3565,93,1,34199.76,0.1
8896,3565,72,4,18167.14,0.15
8897,3566,98,1,107440.65,0.0
8898,3566,72,1,18167.14,0.1
8899,3567,84,3,20609.39,0.2
8900,3567,90,1,62376.77,0.05
8901,3568,99,1,9464.47,0.15
8902,3569,60,3,48163.29,0.05
8903,3569,72,1,18167.14,0.05
8904,3569,97,2,57944.43,0.2
8905,3569,39,3,21356.09,0.05
8906,3570,12,1,43161.08,0.2
8907,3571,89,4,41133.84,0.15
8908,3571,64,1,6802.82,0.2
8909,3571,43,3,68409.25,0.2
8910,3571,72,1,18167.14,0.2
8911,3572,4,3,41953.2,0.1
8912,3572,48,4,18316.15,0.2
8913,3572,27,4,45811.61,0.0
8914,3572,29,2,26756.43,0.1
8915,3573,97,1,57944.43,0.05
8916,3573,56,4,35450.02,0.0
8917,3573,15,3,45459.24,0.2
8918,3574,37,1,32224.91,0.2
8919,3574,25,1,48553.67,0.15
8920,3575,91,2,68165.0,0.15
8921,3575,30,3,59827.04,0.15
8922,3575,36,2,94947.11,0.05
8923,3575,34,4,84343.9,0.15
8924,3576,18,3,25661.34,0.2
8925,3576,79,4,71983.06,0.05
8926,3576,58,4,16793.42,0.05
8927,3577,44,2,29062.01,0.0
8928,3577,40,4,54298.36,0.2
8929,3577,67,2,28223.22,0.1
8930,3578,10,1,62096.2,0.1
8931,3578,94,2,24440.89,0.05
8932,3578,57,2,74958.5,0.0
8933,3578,23,4,78220.4,0.2
8934,3579,54,4,47164.35,0.2
8935,3579,86,1,36743.45,0.05
8936,3579,18,1,25661.34,0.15
8937,3579,53,3,8406.45,0.1
8938,3580,60,3,48163.29,0.15
8939,3581,82,3,75348.3,0.0
8940,3581,57,2,74958.5,0.15
8941,3581,74,4,65143.62,0.0
8942,3581,78,2,61027.77,0.05
8943,3582,90,2,62376.77,0.05
8944,3582,37,2,32224.91,0.05
8945,3582,71,4,98217.13,0.2
8946,3582,25,2,48553.67,0.0
8947,3583,85,3,33117.32,0.2
8948,3584,96,4,57246.92,0.0
8949,3584,30,1,59827.04,0.2
8950,3585,57,3,74958.5,0.05
8951,3585,83,3,70278.9,0.2
8952,3585,3,4,26786.94,0.1
8953,3585,71,1,98217.13,0.1
8954,3586,83,3,70278.9,0.0
8955,3587,88,4,44854.54,0.1
8956,3587,20,2,65645.52,0.1
8957,3588,76,3,61617.55,0.2
8958,3588,79,2,71983.06,0.05
8959,3588,1,3,17791.55,0.0
8960,3589,71,2,98217.13,0.05
8961,3589,63,1,74324.62,0.05
8962,3589,97,4,57944.43,0.2
8963,3590,5,1,55610.54,0.0
8964,3590,97,1,57944.43,0.2
8965,3590,58,4,16793.42,0.0
8966,3590,28,4,24101.49,0.2
8967,3591,39,3,21356.09,0.1
8968,3592,77,3,78913.67,0.0
8969,3592,100,2,56950.77,0.15
8970,3593,32,3,58569.82,0.15
8971,3593,99,3,9464.47,0.2
8972,3593,63,3,74324.62,0.0
8973,3593,20,3,65645.52,0.15
8974,3594,60,3,48163.29,0.1
8975,3594,81,4,6985.99,0.1
8976,3594,6,3,11835.67,0.2
8977,3595,8,2,77134.84,0.1
8978,3596,1,3,17791.55,0.05
8979,3596,58,1,16793.42,0.1
8980,3597,6,1,11835.67,0.2
8981,3597,94,4,24440.89,0.2
8982,3598,13,3,21788.6,0.15
8983,3598,8,1,77134.84,0.0
8984,3598,26,2,40496.99,0.05
8985,3599,77,4,78913.67,0.0
8986,3599,91,3,68165.0,0.0
8987,3600,26,4,40496.99,0.2
8988,3600,52,3,88567.93,0.2
8989,3600,78,1,61027.77,0.0
8990,3601,80,1,50304.69,0.1
8991,3601,16,1,64465.1,0.05
8992,3602,84,3,20609.39,0.0
8993,3602,87,4,3831.22,0.05
8994,3602,74,2,65143.62,0.0
8995,3603,53,3,8406.45,0.15
8996,3604,40,3,54298.36,0.2
8997,3604,89,3,41133.84,0.1
8998,3604,87,3,3831.22,0.05
8999,3605,52,2,88567.93,0.1
9000,3605,75,3,44857.53,0.2
9001,3605,40,2,54298.36,0.0
9002,3605,75,3,44857.53,0.15
9003,3606,9,4,57045.2,0.0
9004,3607,91,1,68165.0,0.05
9005,3607,52,3,88567.93,0.1
9006,3608,60,1,48163.29,0.05
9007,3608,19,2,73662.65,0.0
9008,3608,53,3,8406.45,0.15
9009,3609,1,2,17791.55,0.15
9010,3609,90,1,62376.77,0.1
9011,3609,75,2,44857.53,0.1
9012,3610,46,1,83137.14,0.0
9013,3610,84,3,20609.39,0.15
9014,3610,82,1,75348.3,0.05
9015,3611,12,2,43161.08,0.05
9016,3611,6,2,11835.67,0.2
9017,3611,26,4,40496.99,0.15
9018,3612,1,4,17791.55,0.15
9019,3612,58,1,16793.42,0.05
9020,3612,53,1,8406.45,0.1
9021,3613,54,3,47164.35,0.0
9022,3613,8,2,77134.84,0.05
9023,3613,92,3,50328.36,0.2
9024,3614,98,4,107440.65,0.1
9025,3615,60,1,48163.29,0.15
9026,3615,1,4,17791.55,0.15
9027,3615,40,1,54298.36,0.2
9028,3615,72,1,18167.14,0.0
9029,3616,75,3,44857.53,0.1
9030,3616,25,4,48553.67,0.2
9031,3617,83,3,70278.9,0.0
9032,3618,97,1,57944.43,0.2
9033,3618,51,1,90551.07,0.1
9034,3619,39,4,21356.09,0.05
9035,3619,53,3,8406.45,0.15
9036,3620,3,1,26786.94,0.2
9037,3621,53,3,8406.45,0.0
9038,3621,3,2,26786.94,0.15
9039,3621,4,1,41953.2,0.2
9040,3621,56,1,35450.02,0.15
9041,3622,52,4,88567.93,0.1
9042,3623,99,3,9464.47,0.0
9043,3623,51,1,90551.07,0.1
9044,3624,98,1,107440.65,0.2
9045,3624,81,2,6985.99,0.15
9046,3625,34,2,84343.9,0.1
9047,3625,93,2,34199.76,0.05
9048,3625,49,3,1098.73,0.2
9049,3625,60,1,48163.29,0.2
9050,3626,11,1,29179.55,0.05
9051,3626,22,3,101373.13,0.2
9052,3626,53,4,8406.45,0.05
9053,3627,28,1,24101.49,0.2
9054,3627,60,2,48163.29,0.2
9055,3627,8,3,77134.84,0.15
9056,3627,26,1,40496.99,0.1
9057,3628,67,4,28223.22,0.05
9058,3629,62,1,77931.24,0.0
9059,3629,99,3,9464.47,0.0
9060,3629,90,2,62376.77,0.2
9061,3629,82,3,75348.3,0.15
9062,3630,1,1,17791.55,0.05
9063,3630,61,1,59250.67,0.1
9064,3630,23,3,78220.4,0.2
9065,3630,27,4,45811.61,0.15
9066,3631,21,3,33408.11,0.2
9067,3631,46,4,83137.14,0.0
9068,3632,13,2,21788.6,0.0
9069,3632,54,1,47164.35,0.15
9070,3632,17,2,3060.67,0.1
9071,3633,51,4,90551.07,0.15
9072,3634,63,4,74324.62,0.2
9073,3634,18,3,25661.34,0.0
9074,3634,11,2,29179.55,0.2
9075,3634,81,3,6985.99,0.0
9076,3635,74,3,65143.62,0.1
9077,3635,27,3,45811.61,0.2
9078,3635,89,4,41133.84,0.15
9079,3635,23,3,78220.4,0.05
9080,3636,93,1,34199.76,0.15
9081,3636,12,1,43161.08,0.2
9082,3637,67,3,28223.22,0.05
9083,3637,2,4,9643.31,0.2
9084,3637,20,4,65645.52,0.15
9085,3638,41,3,34056.89,0.0
9086,3638,9,3,57045.2,0.05
9087,3639,46,4,83137.14,0.2
9088,3640,24,4,35138.54,0.05
9089,3640,10,1,62096.2,0.2
9090,3640,97,2,57944.43,0.1
9091,3641,99,2,9464.47,0.05
9092,3641,97,3,57944.43,0.2
9093,3641,16,2,64465.1,0.15
9094,3642,39,2,21356.09,0.05
9095,3642,33,1,67830.72,0.15
9096,3642,33,1,67830.72,0.05
9097,3642,42,2,32167.57,0.2
9098,3643,52,4,88567.93,0.0
9099,3643,49,2,1098.73,0.15
9100,3643,30,1,59827.04,0.0
9101,3643,98,2,107440.65,0.15
9102,3644,98,4,107440.65,0.2
9103,3644,34,3,84343.9,0.15
9104,3645,23,3,78220.4,0.1
9105,3645,54,1,47164.35,0.2
9106,3645,37,4,32224.91,0.0
9107,3645,99,1,9464.47,0.1
9108,3646,43,4,68409.25,0.2
9109,3646,4,4,41953.2,0.05
9110,3646,13,3,21788.6,0.0
9111,3647,8,4,77134.84,0.1
9112,3647,39,4,21356.09,0.1
9113,3647,32,3,58569.82,0.2
9114,3648,86,4,36743.45,0.2
9115,3648,90,3,62376.77,0.05
9116,3648,15,3,45459.24,0.15
9117,3649,95,2,74013.57,0.0
9118,3649,59,3,17097.25,0.0
9119,3649,31,2,58504.05,0.15
9120,3649,41,1,34056.89,0.15
9121,3650,45,2,16072.3,0.2
9122,3650,18,1,25661.34,0.15
9123,3650,87,4,3831.22,0.0
9124,3651,2,2,9643.31,0.15
9125,3652,7,4,47293.79,0.1
9126,3653,28,2,24101.49,0.05
9127,3653,15,2,45459.24,0.05
9128,3654,7,1,47293.79,0.2
9129,3654,39,4,21356.09,0.0
9130,3654,38,3,46602.83,0.1
9131,3655,13,2,21788.6,0.0
9132,3655,82,3,75348.3,0.15
9133,3655,89,4,41133.84,0.0
9134,3656,72,3,18167.14,0.2
9135,3656,53,2,8406.45,0.2
9136,3657,95,4,74013.57,0.2
9137,3657,36,4,94947.11,0.05
9138,3657,43,4,68409.25,0.15
9139,3658,2,1,9643.31,0.0
9140,3658,71,4,98217.13,0.05
9141,3658,10,1,62096.2,0.0
9142,3658,67,3,28223.22,0.0
9143,3659,79,3,71983.06,0.05
9144,3659,22,1,101373.13,0.1
9145,3660,62,1,77931.24,0.2
9146,3660,31,4,58504.05,0.0
9147,3661,40,4,54298.36,0.1
9148,3661,53,1,8406.45,0.15
9149,3661,25,3,48553.67,0.05
9150,3662,80,1,50304.69,0.15
9151,3662,40,3,54298.36,0.1
9152,3663,47,2,66318.14,0.1
9153,3663,82,4,75348.3,0.0
9154,3663,23,3,78220.4,0.0
9155,3663,46,2,83137.14,0.2
9156,3664,100,3,56950.77,0.2
9157,3664,40,2,54298.36,0.1
9158,3664,12,1,43161.08,0.1
9159,3664,29,3,26756.43,0.1
9160,3665,96,4,57246.92,0.1
9161,3665,76,2,61617.55,0.15
9162,3665,81,1,6985.99,0.1
9163,3666,26,1,40496.99,0.0
9164,3666,84,2,20609.39,0.0
9165,3667,40,4,54298.36,0.2
9166,3667,80,2,50304.69,0.15
9167,3667,89,4,41133.84,0.0
9168,3668,21,2,33408.11,0.0
9169,3669,94,2,24440.89,0.05
9170,3669,64,4,6802.82,0.1
9171,3670,74,3,65143.62,0.1
9172,3671,76,1,61617.55,0.0
9173,3672,17,1,3060.67,0.0
9174,3673,75,1,44857.53,0.05
9175,3673,22,4,101373.13,0.1
9176,3673,28,1,24101.49,0.05
9177,3674,12,1,43161.08,0.1
9178,3675,19,4,73662.65,0.0
9179,3675,98,3,107440.65,0.2
9180,3675,33,4,67830.72,0.2
9181,3676,39,1,21356.09,0.05
9182,3676,48,3,18316.15,0.2
9183,3677,72,1,18167.14,0.1
9184,3677,58,3,16793.42,0.0
9185,3678,54,1,47164.35,0.05
9186,3678,84,4,20609.39,0.0
9187,3678,50,2,32078.35,0.15
9188,3678,77,2,78913.67,0.15
9189,3679,92,4,50328.36,0.15
9190,3679,68,1,54854.09,0.0
9191,3679,4,4,41953.2,0.05
9192,3680,27,3,45811.61,0.1
9193,3680,62,3,77931.24,0.0
9194,3680,48,2,18316.15,0.0
9195,3681,29,4,26756.43,0.05
9196,3681,34,2,84343.9,0.1
9197,3681,8,2,77134.84,0.0
9198,3682,24,2,35138.54,0.2
9199,3683,79,2,71983.06,0.1
9200,3684,2,2,9643.31,0.0
9201,3684,84,1,20609.39,0.0
9202,3684,34,2,84343.9,0.2
9203,3685,81,2,6985.99,0.1
9204,3685,26,2,40496.99,0.2
9205,3685,83,4,70278.9,0.15
9206,3685,58,1,16793.42,0.2
9207,3686,86,4,36743.45,0.2
9208,3687,7,4,47293.79,0.15
9209,3688,80,1,50304.69,0.2
9210,3688,28,3,24101.49,0.2
9211,3688,36,1,94947.11,0.05
9212,3688,5,1,55610.54,0.1
9213,3689,96,4,57246.92,0.2
9214,3689,65,1,11138.22,0.2
9215,3689,99,2,9464.47,0.0
9216,3689,57,1,74958.5,0.0
9217,3690,16,1,64465.1,0.05
9218,3691,34,1,84343.9,0.15
9219,3691,44,4,29062.01,0.05
9220,3692,15,1,45459.24,0.15
9221,3692,94,4,24440.89,0.0
9222,3692,96,1,57246.92,0.0
9223,3693,57,4,74958.5,0.15
9224,3694,59,4,17097.25,0.05
9225,3694,71,3,98217.13,0.0
9226,3695,68,4,54854.09,0.05
9227,3695,7,2,47293.79,0.05
9228,3696,54,4,47164.35,0.1
9229,3696,78,1,61027.77,0.2
9230,3696,81,3,6985.99,0.0
9231,3697,60,4,48163.29,0.15
9232,3697,90,3,62376.77,0.05
9233,3698,59,2,17097.25,0.1
9234,3698,39,3,21356.09,0.05
9235,3699,45,4,16072.3,0.05
9236,3699,70,4,8288.85,0.1
9237,3700,89,3,41133.84,0.1
9238,3700,23,3,78220.4,0.0
9239,3700,30,4,59827.04,0.0
9240,3700,66,3,75655.91,0.05
9241,3701,77,1,78913.67,0.2
9242,3702,40,4,54298.36,0.05
9243,3703,65,1,11138.22,0.1
9244,3704,1,3,17791.55,0.1
9245,3704,30,2,59827.04,0.05
9246,3704,96,1,57246.92,0.0
9247,3704,58,2,16793.42,0.1
9248,3705,87,1,3831.22,0.2
9249,3705,22,2,101373.13,0.2
9250,3705,30,2,59827.04,0.05
9251,3705,98,2,107440.65,0.1
9252,3706,100,1,56950.77,0.05
9253,3706,88,3,44854.54,0.2
9254,3706,32,1,58569.82,0.1
9255,3707,81,4,6985.99,0.2
9256,3708,46,1,83137.14,0.2
9257,3708,85,1,33117.32,0.05
9258,3708,86,2,36743.45,0.1
9259,3708,44,2,29062.01,0.1
9260,3709,31,4,58504.05,0.05
9261,3709,98,3,107440.65,0.2
9262,3710,46,2,83137.14,0.1
9263,3710,44,4,29062.01,0.05
9264,3710,67,1,28223.22,0.1
9265,3710,94,4,24440.89,0.2
9266,3711,14,2,112855.44,0.1
9267,3711,99,2,9464.47,0.15
9268,3712,43,2,68409.25,0.2
9269,3712,3,1,26786.94,0.05
9270,3712,31,3,58504.05,0.2
9271,3712,47,3,66318.14,0.1
9272,3713,68,3,54854.09,0.1
9273,3713,57,3,74958.5,0.15
9274,3713,14,1,112855.44,0.0
9275,3713,49,4,1098.73,0.15
9276,3714,24,3,35138.54,0.1
9277,3715,27,3,45811.61,0.15
9278,3715,72,1,18167.14,0.2
9279,3715,81,4,6985.99,0.1
9280,3716,16,3,64465.1,0.2
9281,3716,61,2,59250.67,0.1
9282,3717,43,4,68409.25,0.05
9283,3717,34,3,84343.9,0.15
9284,3718,72,4,18167.14,0.0
9285,3718,25,4,48553.67,0.2
9286,3719,77,1,78913.67,0.0
9287,3719,41,4,34056.89,0.1
9288,3719,10,3,62096.2,0.2
9289,3720,80,1,50304.69,0.0
9290,3720,86,4,36743.45,0.1
9291,3721,57,2,74958.5,0.1
9292,3721,73,4,29426.0,0.05
9293,3721,15,1,45459.24,0.15
9294,3722,34,2,84343.9,0.05
9295,3722,35,2,64616.75,0.05
9296,3722,77,2,78913.67,0.05
9297,3723,36,3,94947.11,0.15
9298,3723,73,1,29426.0,0.2
9299,3723,31,3,58504.05,0.0
9300,3723,61,1,59250.67,0.1
9301,3724,21,2,33408.11,0.05
9302,3724,56,3,35450.02,0.05
9303,3724,9,2,57045.2,0.2
9304,3724,74,2,65143.62,0.15
9305,3725,3,3,26786.94,0.2
9306,3726,100,1,56950.77,0.15
9307,3726,84,4,20609.39,0.15
9308,3726,58,4,16793.42,0.15
9309,3726,91,4,68165.0,0.15
9310,3727,81,2,6985.99,0.2
9311,3728,15,2,45459.24,0.05
9312,3728,75,4,44857.53,0.0
9313,3728,38,3,46602.83,0.1
9314,3729,86,4,36743.45,0.0
9315,3729,87,1,3831.22,0.0
9316,3730,96,4,57246.92,0.0
9317,3730,46,3,83137.14,0.0
9318,3730,20,4,65645.52,0.15
9319,3731,13,4,21788.6,0.1
9320,3731,17,1,3060.67,0.2
9321,3731,100,1,56950.77,0.05
9322,3732,59,1,17097.25,0.05
9323,3732,36,3,94947.11,0.1
9324,3732,45,4,16072.3,0.15
9325,3732,18,1,25661.34,0.2
9326,3733,58,1,16793.42,0.15
9327,3733,43,2,68409.25,0.1
9328,3734,80,2,50304.69,0.2
9329,3734,3,1,26786.94,0.0
9330,3734,94,3,24440.89,0.1
9331,3734,7,4,47293.79,0.05
9332,3735,42,1,32167.57,0.0
9333,3735,35,1,64616.75,0.05
9334,3736,72,1,18167.14,0.15
9335,3737,66,1,75655.91,0.05
9336,3737,20,2,65645.52,0.2
9337,3738,50,1,32078.35,0.15
9338,3738,54,2,47164.35,0.15
9339,3738,47,1,66318.14,0.05
9340,3739,3,3,26786.94,0.2
9341,3739,18,2,25661.34,0.05
9342,3739,51,1,90551.07,0.05
9343,3740,27,1,45811.61,0.15
9344,3740,55,2,11698.2,0.15
9345,3740,17,3,3060.67,0.05
9346,3740,74,1,65143.62,0.05
9347,3741,19,2,73662.65,0.1
9348,3742,65,3,11138.22,0.1
9349,3742,84,2,20609.39,0.0
9350,3743,36,1,94947.11,0.05
9351,3743,14,2,112855.44,0.0
9352,3743,1,1,17791.55,0.0
9353,3743,37,4,32224.91,0.05
9354,3744,12,4,43161.08,0.0
9355,3744,89,2,41133.84,0.15
9356,3745,98,1,107440.65,0.15
9357,3746,99,1,9464.47,0.05
9358,3746,93,3,34199.76,0.2
9359,3746,59,4,17097.25,0.1
9360,3746,33,2,67830.72,0.05
9361,3747,45,3,16072.3,0.0
9362,3747,26,1,40496.99,0.1
9363,3748,85,4,33117.32,0.2
9364,3748,44,2,29062.01,0.0
9365,3748,39,1,21356.09,0.0
9366,3748,69,4,38273.87,0.1
9367,3749,38,4,46602.83,0.2
9368,3749,36,2,94947.11,0.05
9369,3749,23,4,78220.4,0.15
9370,3749,7,1,47293.79,0.1
9371,3750,4,2,41953.2,0.0
9372,3750,41,3,34056.89,0.2
9373,3750,100,3,56950.77,0.0
9374,3750,27,2,45811.61,0.1
9375,3751,65,4,11138.22,0.15
9376,3751,33,4,67830.72,0.15
9377,3751,31,1,58504.05,0.2
9378,3752,17,4,3060.67,0.15
9379,3752,57,1,74958.5,0.15
9380,3752,66,3,75655.91,0.0
9381,3752,36,2,94947.11,0.05
9382,3753,53,2,8406.45,0.05
9383,3753,48,1,18316.15,0.05
9384,3753,28,2,24101.49,0.0
9385,3753,70,1,8288.85,0.0
9386,3754,56,4,35450.02,0.1
9387,3754,7,1,47293.79,0.15
9388,3755,50,2,32078.35,0.2
9389,3756,39,1,21356.09,0.2
9390,3756,80,1,50304.69,0.1
9391,3757,31,2,58504.05,0.2
9392,3757,96,4,57246.92,0.1
9393,3757,62,2,77931.24,0.1
9394,3758,14,4,112855.44,0.05
9395,3758,41,4,34056.89,0.15
9396,3758,89,2,41133.84,0.05
9397,3759,26,4,40496.99,0.1
9398,3760,71,2,98217.13,0.2
9399,3760,79,3,71983.06,0.1
9400,3760,70,3,8288.85,0.05
9401,3761,10,3,62096.2,0.15
9402,3762,38,4,46602.83,0.15
9403,3762,35,1,64616.75,0.15
9404,3762,35,2,64616.75,0.0
9405,3763,88,3,44854.54,0.05
9406,3763,1,2,17791.55,0.0
9407,3763,54,4,47164.35,0.2
9408,3764,99,2,9464.47,0.05
9409,3764,88,2,44854.54,0.1
9410,3764,61,2,59250.67,0.2
9411,3765,100,3,56950.77,0.2
9412,3765,41,1,34056.89,0.05
9413,3766,62,1,77931.24,0.2
9414,3766,55,4,11698.2,0.15
9415,3767,5,1,55610.54,0.15
9416,3767,5,1,55610.54,0.0
9417,3767,90,2,62376.77,0.15
9418,3768,18,2,25661.34,0.15
9419,3768,36,1,94947.11,0.1
9420,3768,63,4,74324.62,0.1
9421,3769,58,1,16793.42,0.05
9422,3769,52,2,88567.93,0.15
9423,3769,98,1,107440.65,0.0
9424,3769,79,2,71983.06,0.05
9425,3770,95,1,74013.57,0.1
9426,3770,66,4,75655.91,0.0
9427,3771,98,4,107440.65,0.2
9428,3771,61,1,59250.67,0.2
9429,3772,55,1,11698.2,0.1
9430,3772,82,4,75348.3,0.1
9431,3773,87,2,3831.22,0.05
9432,3773,7,1,47293.79,0.05
9433,3773,92,1,50328.36,0.2
9434,3774,70,2,8288.85,0.1
9435,3775,90,3,62376.77,0.2
9436,3775,72,3,18167.14,0.0
9437,3776,93,1,34199.76,0.0
9438,3777,28,2,24101.49,0.1
9439,3777,19,2,73662.65,0.15
9440,3777,20,3,65645.52,0.1
9441,3778,26,2,40496.99,0.2
9442,3778,22,1,101373.13,0.0
9443,3778,45,4,16072.3,0.2
9444,3778,20,3,65645.52,0.1
9445,3779,16,2,64465.1,0.05
9446,3779,53,1,8406.45,0.15
9447,3779,80,1,50304.69,0.15
9448,3779,14,4,112855.44,0.2
9449,3780,52,4,88567.93,0.0
9450,3780,66,3,75655.91,0.15
9451,3781,71,1,98217.13,0.05
9452,3782,11,2,29179.55,0.1
9453,3783,74,2,65143.62,0.1
9454,3784,3,1,26786.94,0.15
9455,3784,24,1,35138.54,0.05
9456,3784,32,2,58569.82,0.05
9457,3784,86,2,36743.45,0.1
9458,3785,20,3,65645.52,0.15
9459,3785,79,3,71983.06,0.2
9460,3785,99,2,9464.47,0.0
9461,3785,96,2,57246.92,0.1
9462,3786,31,3,58504.05,0.0
9463,3786,10,1,62096.2,0.15
9464,3786,23,1,78220.4,0.15
9465,3787,77,4,78913.67,0.2
9466,3788,20,1,65645.52,0.0
9467,3789,65,1,11138.22,0.15
9468,3789,38,3,46602.83,0.15
9469,3789,77,3,78913.67,0.15
9470,3789,61,1,59250.67,0.15
9471,3790,59,4,17097.25,0.1
9472,3790,79,1,71983.06,0.0
9473,3791,96,3,57246.92,0.2
9474,3792,37,3,32224.91,0.05
9475,3793,53,4,8406.45,0.0
9476,3793,63,3,74324.62,0.15
9477,3794,83,3,70278.9,0.2
9478,3794,49,1,1098.73,0.15
9479,3794,38,4,46602.83,0.05
9480,3795,85,1,33117.32,0.2
9481,3795,96,2,57246.92,0.2
9482,3795,57,2,74958.5,0.05
9483,3795,11,2,29179.55,0.1
9484,3796,29,3,26756.43,0.2
9485,3796,47,1,66318.14,0.0
9486,3797,71,2,98217.13,0.05
9487,3797,67,2,28223.22,0.1
9488,3797,83,3,70278.9,0.0
9489,3798,3,3,26786.94,0.0
9490,3799,47,4,66318.14,0.15
9491,3800,71,1,98217.13,0.05
9492,3801,99,4,9464.47,0.05
9493,3801,15,2,45459.24,0.05
9494,3801,88,2,44854.54,0.0
9495,3801,1,3,17791.55,0.15
9496,3802,20,1,65645.52,0.05
9497,3802,85,4,33117.32,0.15
9498,3802,79,2,71983.06,0.2
9499,3803,98,4,107440.65,0.1
9500,3803,61,1,59250.67,0.2
9501,3803,62,4,77931.24,0.0
9502,3803,54,2,47164.35,0.2
9503,3804,52,3,88567.93,0.05
9504,3805,52,4,88567.93,0.05
9505,3806,30,1,59827.04,0.2
9506,3806,86,2,36743.45,0.1
9507,3806,36,4,94947.11,0.15
9508,3806,62,1,77931.24,0.2
9509,3807,67,1,28223.22,0.1
9510,3808,54,3,47164.35,0.05
9511,3809,62,1,77931.24,0.1
9512,3809,5,4,55610.54,0.05
9513,3809,32,4,58569.82,0.1
9514,3810,45,1,16072.3,0.05
9515,3810,40,1,54298.36,0.2
9516,3810,91,4,68165.0,0.1
9517,3811,90,3,62376.77,0.15
9518,3812,72,4,18167.14,0.15
9519,3812,36,4,94947.11,0.05
9520,3813,6,2,11835.67,0.05
9521,3813,76,2,61617.55,0.2
9522,3813,89,3,41133.84,0.0
9523,3814,49,3,1098.73,0.05
9524,3814,83,2,70278.9,0.15
9525,3815,94,2,24440.89,0.1
9526,3815,55,2,11698.2,0.15
9527,3816,21,3,33408.11,0.0
9528,3817,3,2,26786.94,0.05
9529,3817,76,2,61617.55,0.1
9530,3818,57,1,74958.5,0.05
9531,3818,16,4,64465.1,0.1
9532,3818,6,3,11835.67,0.2
9533,3818,97,4,57944.43,0.15
9534,3819,33,4,67830.72,0.15
9535,3819,33,3,67830.72,0.0
9536,3819,63,2,74324.62,0.1
9537,3820,37,3,32224.91,0.2
9538,3820,92,3,50328.36,0.15
9539,3820,69,4,38273.87,0.15
9540,3820,36,1,94947.11,0.2
9541,3821,27,1,45811.61,0.2
9542,3822,87,1,3831.22,0.05
9543,3823,60,1,48163.29,0.05
9544,3823,92,3,50328.36,0.05
9545,3823,35,1,64616.75,0.15
9546,3824,3,1,26786.94,0.05
9547,3825,90,2,62376.77,0.2
9548,3825,24,4,35138.54,0.2
9549,3825,85,2,33117.32,0.15
9550,3826,71,2,98217.13,0.0
9551,3826,24,2,35138.54,0.15
9552,3826,76,4,61617.55,0.05
9553,3826,9,2,57045.2,0.1
9554,3827,40,2,54298.36,0.05
9555,3827,36,4,94947.11,0.0
9556,3828,66,2,75655.91,0.15
9557,3828,54,2,47164.35,0.1
9558,3828,62,4,77931.24,0.15
9559,3829,48,2,18316.15,0.1
9560,3829,74,3,65143.62,0.05
9561,3829,17,3,3060.67,0.0
9562,3830,72,1,18167.14,0.05
9563,3831,6,1,11835.67,0.2
9564,3831,9,4,57045.2,0.15
9565,3831,73,2,29426.0,0.1
9566,3831,16,2,64465.1,0.0
9567,3832,78,3,61027.77,0.2
9568,3833,14,1,112855.44,0.15
9569,3833,15,1,45459.24,0.0
9570,3833,94,2,24440.89,0.05
9571,3833,18,4,25661.34,0.0
9572,3834,92,3,50328.36,0.2
9573,3834,35,3,64616.75,0.2
9574,3834,80,3,50304.69,0.1
9575,3835,94,4,24440.89,0.0
9576,3836,12,4,43161.08,0.15
9577,3836,34,1,84343.9,0.05
9578,3836,58,3,16793.42,0.0
9579,3837,87,3,3831.22,0.05
9580,3838,19,1,73662.65,0.05
9581,3838,19,4,73662.65,0.0
9582,3838,37,2,32224.91,0.15
9583,3839,21,4,33408.11,0.05
9584,3839,27,1,45811.61,0.1
9585,3839,13,3,21788.6,0.1
9586,3839,83,3,70278.9,0.15
9587,3840,80,3,50304.69,0.15
9588,3840,15,1,45459.24,0.1
9589,3840,54,1,47164.35,0.2
9590,3840,65,3,11138.22,0.1
9591,3841,63,4,74324.62,0.0
9592,3841,99,3,9464.47,0.2
9593,3841,65,1,11138.22,0.15
9594,3841,69,4,38273.87,0.1
9595,3842,4,2,41953.2,0.05
9596,3842,8,1,77134.84,0.2
9597,3843,62,2,77931.24,0.1
9598,3843,91,1,68165.0,0.05
9599,3843,40,4,54298.36,0.15
9600,3844,65,4,11138.22,0.05
9601,3844,22,1,101373.13,0.1
9602,3845,46,3,83137.14,0.15
9603,3845,76,1,61617.55,0.05
9604,3845,66,2,75655.91,0.0
9605,3845,12,1,43161.08,0.05
9606,3846,88,3,44854.54,0.0
9607,3846,93,1,34199.76,0.05
9608,3847,48,4,18316.15,0.0
9609,3847,35,1,64616.75,0.1
9610,3847,54,2,47164.35,0.1
9611,3847,81,4,6985.99,0.05
9612,3848,46,4,83137.14,0.15
9613,3848,4,1,41953.2,0.0
9614,3849,8,1,77134.84,0.0
9615,3849,82,4,75348.3,0.1
9616,3849,79,4,71983.06,0.0
9617,3850,78,2,61027.77,0.2
9618,3851,13,1,21788.6,0.05
9619,3851,18,1,25661.34,0.1
9620,3851,40,2,54298.36,0.05
9621,3852,24,3,35138.54,0.1
9622,3853,39,1,21356.09,0.0
9623,3854,56,3,35450.02,0.2
9624,3854,29,4,26756.43,0.0
9625,3855,13,1,21788.6,0.05
9626,3855,41,4,34056.89,0.2
9627,3856,73,4,29426.0,0.1
9628,3856,62,2,77931.24,0.15
9629,3856,33,1,67830.72,0.0
9630,3857,32,2,58569.82,0.05
9631,3857,59,2,17097.25,0.15
9632,3858,18,2,25661.34,0.05
9633,3859,84,4,20609.39,0.1
9634,3859,87,1,3831.22,0.0
9635,3860,3,2,26786.94,0.1
9636,3860,98,4,107440.65,0.05
9637,3861,3,1,26786.94,0.2
9638,3861,46,1,83137.14,0.05
9639,3861,67,2,28223.22,0.2
9640,3862,33,4,67830.72,0.2
9641,3862,21,4,33408.11,0.2
9642,3862,5,4,55610.54,0.15
9643,3863,73,4,29426.0,0.1
9644,3864,4,1,41953.2,0.1
9645,3864,49,2,1098.73,0.0
9646,3864,40,3,54298.36,0.0
9647,3865,97,1,57944.43,0.05
9648,3865,94,4,24440.89,0.15
9649,3865,82,3,75348.3,0.0
9650,3866,74,4,65143.62,0.2
9651,3866,55,2,11698.2,0.2
9652,3866,35,3,64616.75,0.0
9653,3866,17,1,3060.67,0.0
9654,3867,97,1,57944.43,0.2
9655,3867,39,3,21356.09,0.0
9656,3867,43,1,68409.25,0.0
9657,3868,15,2,45459.24,0.0
9658,3868,28,4,24101.49,0.15
9659,3868,64,2,6802.82,0.0
9660,3868,43,2,68409.25,0.0
9661,3869,59,2,17097.25,0.05
9662,3870,22,3,101373.13,0.15
9663,3870,9,4,57045.2,0.2
9664,3870,89,3,41133.84,0.05
9665,3871,44,2,29062.01,0.05
9666,3872,37,2,32224.91,0.1
9667,3873,29,1,26756.43,0.1
9668,3873,66,1,75655.91,0.15
9669,3873,57,2,74958.5,0.05
9670,3873,39,2,21356.09,0.15
9671,3874,94,4,24440.89,0.2
9672,3874,91,4,68165.0,0.15
9673,3875,20,1,65645.52,0.15
9674,3875,65,2,11138.22,0.0
9675,3875,97,1,57944.43,0.2
9676,3876,49,1,1098.73,0.15
9677,3876,4,2,41953.2,0.15
9678,3876,14,4,112855.44,0.0
9679,3877,67,1,28223.22,0.1
9680,3877,91,3,68165.0,0.15
9681,3877,13,2,21788.6,0.15
9682,3878,55,3,11698.2,0.0
9683,3879,50,4,32078.35,0.0
9684,3880,29,4,26756.43,0.1
9685,3881,64,4,6802.82,0.15
9686,3881,88,2,44854.54,0.05
9687,3881,24,1,35138.54,0.15
9688,3881,6,4,11835.67,0.2
9689,3882,36,4,94947.11,0.2
9690,3883,32,4,58569.82,0.15
9691,3883,73,2,29426.0,0.15
9692,3883,54,2,47164.35,0.0
9693,3884,2,1,9643.31,0.0
9694,3884,34,2,84343.9,0.15
9695,3885,74,2,65143.62,0.2
9696,3886,48,2,18316.15,0.0
9697,3886,57,4,74958.5,0.1
9698,3887,27,3,45811.61,0.05
9699,3888,32,1,58569.82,0.0
9700,3889,14,3,112855.44,0.05
9701,3890,9,3,57045.2,0.1
9702,3890,4,3,41953.2,0.15
9703,3890,63,4,74324.62,0.2
9704,3890,16,4,64465.1,0.2
9705,3891,58,2,16793.42,0.0
9706,3891,96,2,57246.92,0.2
9707,3891,70,1,8288.85,0.1
9708,3892,58,4,16793.42,0.0
9709,3892,12,4,43161.08,0.15
9710,3892,49,3,1098.73,0.0
9711,3892,90,1,62376.77,0.1
9712,3893,39,3,21356.09,0.2
9713,3893,83,4,70278.9,0.2
9714,3894,71,1,98217.13,0.05
9715,3895,27,3,45811.61,0.0
9716,3895,15,3,45459.24,0.1
9717,3895,2,3,9643.31,0.0
9718,3896,28,3,24101.49,0.2
9719,3896,34,4,84343.9,0.05
9720,3896,66,1,75655.91,0.0
9721,3896,58,3,16793.42,0.05
9722,3897,48,4,18316.15,0.05
9723,3897,73,4,29426.0,0.15
9724,3897,78,2,61027.77,0.2
9725,3898,72,4,18167.14,0.15
9726,3899,90,2,62376.77,0.15
9727,3899,36,2,94947.11,0.05
9728,3900,83,4,70278.9,0.2
9729,3900,43,2,68409.25,0.2
9730,3900,19,2,73662.65,0.15
9731,3900,15,3,45459.24,0.15
9732,3901,10,3,62096.2,0.05
9733,3901,96,4,57246.92,0.1
9734,3901,17,3,3060.67,0.2
9735,3902,84,1,20609.39,0.1
9736,3902,79,1,71983.06,0.15
9737,3902,44,4,29062.01,0.2
9738,3902,92,2,50328.36,0.2
9739,3903,91,1,68165.0,0.05
9740,3903,93,1,34199.76,0.1
9741,3903,50,1,32078.35,0.05
9742,3904,30,1,59827.04,0.1
9743,3905,5,4,55610.54,0.15
9744,3905,85,3,33117.32,0.05
9745,3905,88,3,44854.54,0.05
9746,3905,54,1,47164.35,0.05
9747,3906,8,3,77134.84,0.15
9748,3906,83,4,70278.9,0.2
9749,3906,30,4,59827.04,0.0
9750,3906,55,2,11698.2,0.2
9751,3907,66,3,75655.91,0.0
9752,3907,15,2,45459.24,0.1
9753,3907,7,4,47293.79,0.0
9754,3908,8,4,77134.84,0.2
9755,3908,96,1,57246.92,0.15
9756,3908,96,2,57246.92,0.05
9757,3908,43,1,68409.25,0.15
9758,3909,43,3,68409.25,0.2
9759,3910,41,2,34056.89,0.05
9760,3910,36,3,94947.11,0.15
9761,3910,55,4,11698.2,0.05
9762,3910,36,4,94947.11,0.15
9763,3911,62,1,77931.24,0.1
9764,3912,38,1,46602.83,0.15
9765,3912,63,4,74324.62,0.15
9766,3912,95,1,74013.57,0.15
9767,3912,21,2,33408.11,0.0
9768,3913,7,4,47293.79,0.2
9769,3914,53,2,8406.45,0.0
9770,3914,12,1,43161.08,0.05
9771,3914,24,4,35138.54,0.1
9772,3915,79,3,71983.06,0.2
9773,3915,42,2,32167.57,0.15
9774,3915,55,3,11698.2,0.0
9775,3915,78,3,61027.77,0.05
9776,3916,13,3,21788.6,0.0
9777,3917,48,4,18316.15,0.1
9778,3918,4,4,41953.2,0.15
9779,3918,50,2,32078.35,0.15
9780,3918,23,4,78220.4,0.15
9781,3918,92,4,50328.36,0.15
9782,3919,27,1,45811.61,0.2
9783,3920,21,2,33408.11,0.2
9784,3920,2,3,9643.31,0.05
9785,3920,14,4,112855.44,0.05
9786,3921,22,3,101373.13,0.0
9787,3921,23,3,78220.4,0.05
9788,3921,74,2,65143.62,0.1
9789,3921,89,1,41133.84,0.15
9790,3922,86,4,36743.45,0.2
9791,3922,96,3,57246.92,0.1
9792,3922,90,2,62376.77,0.2
9793,3923,46,4,83137.14,0.1
9794,3923,39,1,21356.09,0.2
9795,3924,65,2,11138.22,0.2
9796,3924,32,4,58569.82,0.1
9797,3925,61,2,59250.67,0.2
9798,3925,100,4,56950.77,0.2
9799,3925,20,4,65645.52,0.05
9800,3926,77,1,78913.67,0.05
9801,3926,94,2,24440.89,0.0
9802,3926,54,4,47164.35,0.2
9803,3927,36,2,94947.11,0.1
9804,3927,26,1,40496.99,0.1
9805,3927,17,1,3060.67,0.05
9806,3928,33,1,67830.72,0.05
9807,3929,75,1,44857.53,0.1
9808,3929,52,2,88567.93,0.1
9809,3929,23,2,78220.4,0.0
9810,3930,55,4,11698.2,0.15
9811,3930,81,3,6985.99,0.05
9812,3930,2,1,9643.31,0.05
9813,3931,3,1,26786.94,0.0
9814,3931,96,1,57246.92,0.0
9815,3931,75,2,44857.53,0.05
9816,3932,58,3,16793.42,0.15
9817,3933,91,1,68165.0,0.2
9818,3933,59,2,17097.25,0.2
9819,3933,53,2,8406.45,0.05
9820,3934,22,1,101373.13,0.15
9821,3934,82,1,75348.3,0.05
9822,3934,77,1,78913.67,0.0
9823,3935,30,1,59827.04,0.1
9824,3936,74,4,65143.62,0.15
9825,3936,73,4,29426.0,0.15
9826,3936,10,3,62096.2,0.0
9827,3936,17,4,3060.67,0.15
9828,3937,60,4,48163.29,0.05
9829,3937,63,4,74324.62,0.05
9830,3937,66,1,75655.91,0.0
9831,3938,38,4,46602.83,0.05
9832,3938,84,2,20609.39,0.1
9833,3939,45,3,16072.3,0.0
9834,3939,21,4,33408.11,0.05
9835,3939,12,2,43161.08,0.1
9836,3940,88,2,44854.54,0.0
9837,3940,71,1,98217.13,0.2
9838,3940,47,1,66318.14,0.05
9839,3941,21,1,33408.11,0.15
9840,3941,10,2,62096.2,0.15
9841,3941,16,4,64465.1,0.15
9842,3942,11,2,29179.55,0.05
9843,3942,53,3,8406.45,0.0
9844,3943,20,1,65645.52,0.0
9845,3943,13,3,21788.6,0.05
9846,3943,29,4,26756.43,0.1
9847,3943,70,2,8288.85,0.15
9848,3944,50,2,32078.35,0.15
9849,3944,16,4,64465.1,0.2
9850,3944,75,3,44857.53,0.2
9851,3944,49,2,1098.73,0.05
9852,3945,19,1,73662.65,0.1
9853,3946,70,4,8288.85,0.2
9854,3946,100,3,56950.77,0.15
9855,3946,55,1,11698.2,0.1
9856,3947,17,3,3060.67,0.2
9857,3948,31,4,58504.05,0.0
9858,3948,60,4,48163.29,0.15
9859,3949,100,1,56950.77,0.2
9860,3949,93,2,34199.76,0.1
9861,3949,94,4,24440.89,0.15
9862,3949,84,4,20609.39,0.0
9863,3950,58,3,16793.42,0.15
9864,3951,65,2,11138.22,0.05
9865,3951,74,4,65143.62,0.2
9866,3952,72,3,18167.14,0.05
9867,3953,64,3,6802.82,0.05
9868,3953,14,4,112855.44,0.05
9869,3953,88,2,44854.54,0.15
9870,3954,1,3,17791.55,0.2
9871,3954,43,1,68409.25,0.05
9872,3955,44,3,29062.01,0.05
9873,3955,100,3,56950.77,0.15
9874,3955,9,4,57045.2,0.1
9875,3956,48,2,18316.15,0.1
9876,3956,36,4,94947.11,0.2
9877,3956,10,3,62096.2,0.1
9878,3956,23,1,78220.4,0.15
9879,3957,43,1,68409.25,0.2
9880,3957,92,1,50328.36,0.05
9881,3957,39,2,21356.09,0.2
9882,3958,89,3,41133.84,0.2
9883,3958,74,4,65143.62,0.1
9884,3958,82,4,75348.3,0.05
9885,3959,86,3,36743.45,0.0
9886,3960,72,2,18167.14,0.0
9887,3961,74,3,65143.62,0.2
9888,3961,16,2,64465.1,0.1
9889,3961,72,1,18167.14,0.15
9890,3961,5,3,55610.54,0.05
9891,3962,74,4,65143.62,0.05
9892,3962,66,1,75655.91,0.2
9893,3962,76,1,61617.55,0.15
9894,3962,65,1,11138.22,0.05
9895,3963,37,1,32224.91,0.0
9896,3963,37,1,32224.91,0.2
9897,3963,60,1,48163.29,0.0
9898,3964,48,1,18316.15,0.0
9899,3964,35,2,64616.75,0.05
9900,3965,49,3,1098.73,0.2
9901,3966,54,1,47164.35,0.15
9902,3966,24,2,35138.54,0.0
9903,3966,64,4,6802.82,0.2
9904,3966,32,1,58569.82,0.2
9905,3967,27,4,45811.61,0.15
9906,3967,42,3,32167.57,0.0
9907,3967,11,3,29179.55,0.0
9908,3967,61,2,59250.67,0.2
9909,3968,74,2,65143.62,0.2
9910,3969,96,2,57246.92,0.2
9911,3969,29,1,26756.43,0.1
9912,3969,54,2,47164.35,0.1
9913,3970,51,4,90551.07,0.0
9914,3970,74,1,65143.62,0.0
9915,3970,63,3,74324.62,0.05
9916,3971,81,3,6985.99,0.15
9917,3971,86,1,36743.45,0.1
9918,3972,12,1,43161.08,0.15
9919,3972,36,3,94947.11,0.1
9920,3972,66,1,75655.91,0.1
9921,3972,55,4,11698.2,0.2
9922,3973,49,1,1098.73,0.15
9923,3974,18,1,25661.34,0.2
9924,3974,58,2,16793.42,0.2
9925,3975,75,2,44857.53,0.15
9926,3976,4,1,41953.2,0.2
9927,3976,60,3,48163.29,0.05
9928,3976,91,2,68165.0,0.1
9929,3977,58,3,16793.42,0.0
9930,3977,96,1,57246.92,0.0
9931,3977,36,1,94947.11,0.0
9932,3978,1,1,17791.55,0.0
9933,3978,69,1,38273.87,0.1
9934,3978,22,4,101373.13,0.15
9935,3978,1,2,17791.55,0.2
9936,3979,19,2,73662.65,0.2
9937,3979,94,3,24440.89,0.0
9938,3979,79,1,71983.06,0.1
9939,3980,28,3,24101.49,0.1
9940,3981,60,3,48163.29,0.0
9941,3981,34,4,84343.9,0.0
9942,3982,18,1,25661.34,0.05
9943,3983,99,1,9464.47,0.2
9944,3983,82,4,75348.3,0.05
9945,3983,37,2,32224.91,0.05
9946,3984,36,1,94947.11,0.2
9947,3984,82,3,75348.3,0.05
9948,3984,47,2,66318.14,0.15
9949,3985,38,4,46602.83,0.2
9950,3985,39,4,21356.09,0.0
9951,3985,45,3,16072.3,0.1
9952,3985,53,1,8406.45,0.05
9953,3986,5,3,55610.54,0.0
9954,3986,49,1,1098.73,0.0
9955,3987,44,4,29062.01,0.15
9956,3987,28,3,24101.49,0.15
9957,3988,36,2,94947.11,0.1
9958,3989,43,4,68409.25,0.15
9959,3989,37,3,32224.91,0.15
9960,3990,91,2,68165.0,0.0
9961,3990,53,1,8406.45,0.0
9962,3991,51,3,90551.07,0.05
9963,3991,27,2,45811.61,0.1
9964,3991,92,1,50328.36,0.2
9965,3991,3,1,26786.94,0.2
9966,3992,56,3,35450.02,0.2
9967,3992,17,4,3060.67,0.05
9968,3992,77,2,78913.67,0.1
9969,3992,38,1,46602.83,0.0
9970,3993,30,3,59827.04,0.1
9971,3994,6,1,11835.67,0.0
9972,3994,80,1,50304.69,0.2
9973,3995,40,3,54298.36,0.1
9974,3995,27,3,45811.61,0.15
9975,3995,85,1,33117.32,0.0
9976,3996,2,1,9643.31,0.2
9977,3996,47,1,66318.14,0.1
9978,3997,17,3,3060.67,0.0
9979,3998,13,3,21788.6,0.05
9980,3998,3,3,26786.94,0.05
9981,3998,19,1,73662.65,0.0
9982,3998,95,4,74013.57,0.0
9983,3999,45,1,16072.3,0.15
9984,3999,100,4,56950.77,0.2
9985,3999,27,4,45811.61,0.15
9986,4000,77,2,78913.67,0.15
9987,4000,9,4,57045.2,0.0
9988,4000,11,3,29179.55,0.0
9989,4001,2,4,9643.31,0.0
9990,4001,90,1,62376.77,0.2
9991,4002,68,1,54854.09,0.15
9992,4002,75,4,44857.53,0.2
9993,4002,93,4,34199.76,0.2
9994,4002,34,3,84343.9,0.05
9995,4003,73,2,29426.0,0.1
9996,4004,51,2,90551.07,0.15
9997,4004,55,2,11698.2,0.15
9998,4005,67,2,28223.22,0.15
9999,4005,47,3,66318.14,0.1
10000,4005,3,4,26786.94,0.0
10001,4005,8,2,77134.84,0.2
10002,4006,51,4,90551.07,0.15
10003,4006,57,1,74958.5,0.2
10004,4006,74,4,65143.62,0.05
10005,4006,58,3,16793.42,0.0
10006,4007,19,3,73662.65,0.2
10007,4007,37,2,32224.91,0.2
10008,4008,45,2,16072.3,0.2
10009,4008,99,2,9464.47,0.1
10010,4008,54,4,47164.35,0.2
10011,4009,64,1,6802.82,0.05
10012,4010,74,3,65143.62,0.15
10013,4011,37,4,32224.91,0.1
10014,4011,97,3,57944.43,0.0
10015,4012,68,3,54854.09,0.15
10016,4012,85,3,33117.32,0.05
10017,4012,75,3,44857.53,0.0
10018,4012,63,3,74324.62,0.15
10019,4013,4,4,41953.2,0.15
10020,4013,59,3,17097.25,0.05
10021,4013,13,4,21788.6,0.2
10022,4014,61,3,59250.67,0.15
10023,4014,71,4,98217.13,0.0
10024,4015,55,4,11698.2,0.05
10025,4015,31,1,58504.05,0.2
10026,4016,6,4,11835.67,0.0
10027,4017,68,3,54854.09,0.2
10028,4017,70,2,8288.85,0.1
10029,4018,48,4,18316.15,0.15
10030,4019,72,1,18167.14,0.15
10031,4020,78,3,61027.77,0.1
10032,4020,52,3,88567.93,0.1
10033,4020,5,4,55610.54,0.1
10034,4021,88,3,44854.54,0.15
10035,4022,47,3,66318.14,0.15
10036,4023,68,3,54854.09,0.1
10037,4023,92,3,50328.36,0.1
10038,4023,37,4,32224.91,0.15
10039,4024,63,4,74324.62,0.15
10040,4024,2,1,9643.31,0.15
10041,4025,89,3,41133.84,0.1
10042,4025,6,2,11835.67,0.1
10043,4026,55,1,11698.2,0.1
10044,4027,36,4,94947.11,0.1
10045,4028,4,4,41953.2,0.0
10046,4028,47,4,66318.14,0.1
10047,4029,94,2,24440.89,0.1
10048,4029,17,2,3060.67,0.0
10049,4029,30,4,59827.04,0.2
10050,4030,19,1,73662.65,0.15
10051,4030,13,1,21788.6,0.0
10052,4031,24,2,35138.54,0.05
10053,4031,58,3,16793.42,0.1
10054,4031,79,2,71983.06,0.2
10055,4032,70,1,8288.85,0.1
10056,4032,78,3,61027.77,0.2
10057,4032,72,4,18167.14,0.0
10058,4033,39,2,21356.09,0.1
10059,4033,91,2,68165.0,0.2
10060,4034,18,2,25661.34,0.2
10061,4034,70,2,8288.85,0.05
10062,4035,12,3,43161.08,0.15
10063,4035,77,2,78913.67,0.0
10064,4036,9,3,57045.2,0.0
10065,4037,22,1,101373.13,0.2
10066,4037,40,3,54298.36,0.15
10067,4037,70,1,8288.85,0.05
10068,4038,5,2,55610.54,0.2
10069,4038,26,4,40496.99,0.2
10070,4038,34,2,84343.9,0.0
10071,4039,74,3,65143.62,0.0
10072,4039,97,2,57944.43,0.05
10073,4040,62,4,77931.24,0.15
10074,4040,51,4,90551.07,0.1
10075,4041,34,4,84343.9,0.1
10076,4041,83,2,70278.9,0.1
10077,4042,11,2,29179.55,0.1
10078,4042,13,3,21788.6,0.15
10079,4042,21,4,33408.11,0.0
10080,4043,27,3,45811.61,0.1
10081,4043,47,3,66318.14,0.05
10082,4043,95,4,74013.57,0.15
10083,4043,66,4,75655.91,0.0
10084,4044,39,2,21356.09,0.0
10085,4045,22,1,101373.13,0.1
10086,4045,65,2,11138.22,0.1
10087,4046,26,3,40496.99,0.1
10088,4047,98,4,107440.65,0.2
10089,4047,48,2,18316.15,0.15
10090,4048,56,1,35450.02,0.05
10091,4049,91,2,68165.0,0.15
10092,4049,31,3,58504.05,0.1
10093,4050,48,1,18316.15,0.05
10094,4050,54,2,47164.35,0.0
10095,4051,28,2,24101.49,0.0
10096,4051,6,4,11835.67,0.05
10097,4052,29,3,26756.43,0.2
10098,4052,12,3,43161.08,0.1
10099,4053,68,3,54854.09,0.1
10100,4053,1,1,17791.55,0.05
10101,4053,32,2,58569.82,0.05
10102,4053,89,4,41133.84,0.15
10103,4054,57,3,74958.5,0.0
10104,4054,68,3,54854.09,0.15
10105,4054,67,4,28223.22,0.2
10106,4054,30,3,59827.04,0.2
10107,4055,64,3,6802.82,0.05
10108,4056,23,1,78220.4,0.2
10109,4056,64,1,6802.82,0.05
10110,4057,69,1,38273.87,0.05
10111,4057,88,2,44854.54,0.05
10112,4057,92,3,50328.36,0.0
10113,4057,3,4,26786.94,0.05
10114,4058,30,2,59827.04,0.2
10115,4058,55,3,11698.2,0.15
10116,4058,33,4,67830.72,0.05
10117,4059,62,3,77931.24,0.05
10118,4060,86,2,36743.45,0.05
10119,4060,26,2,40496.99,0.0
10120,4060,90,3,62376.77,0.0
10121,4061,89,2,41133.84,0.2
10122,4062,92,1,50328.36,0.15
10123,4063,8,3,77134.84,0.15
10124,4063,30,3,59827.04,0.05
10125,4063,13,2,21788.6,0.2
10126,4064,13,1,21788.6,0.0
10127,4064,6,4,11835.67,0.2
10128,4064,44,2,29062.01,0.1
10129,4065,9,3,57045.2,0.05
10130,4065,30,1,59827.04,0.15
10131,4065,99,2,9464.47,0.1
10132,4065,89,3,41133.84,0.05
10133,4066,94,1,24440.89,0.15
10134,4066,4,2,41953.2,0.15
10135,4067,67,3,28223.22,0.15
10136,4067,64,4,6802.82,0.1
10137,4067,14,2,112855.44,0.05
10138,4067,91,1,68165.0,0.1
10139,4068,41,1,34056.89,0.2
10140,4068,98,3,107440.65,0.05
10141,4069,12,3,43161.08,0.2
10142,4069,66,3,75655.91,0.0
10143,4069,14,2,112855.44,0.0
10144,4070,95,1,74013.57,0.05
10145,4071,61,1,59250.67,0.0
10146,4072,8,1,77134.84,0.2
10147,4072,22,2,101373.13,0.05
10148,4072,36,2,94947.11,0.0
10149,4072,2,1,9643.31,0.15
10150,4073,1,3,17791.55,0.2
10151,4073,93,2,34199.76,0.2
10152,4073,99,4,9464.47,0.0
10153,4073,54,2,47164.35,0.15
10154,4074,91,1,68165.0,0.05
10155,4074,66,3,75655.91,0.2
10156,4074,3,3,26786.94,0.15
10157,4074,72,4,18167.14,0.15
10158,4075,2,3,9643.31,0.2
10159,4075,82,2,75348.3,0.2
10160,4076,37,3,32224.91,0.0
10161,4077,15,4,45459.24,0.15
10162,4077,26,3,40496.99,0.0
10163,4077,69,4,38273.87,0.2
10164,4077,85,4,33117.32,0.15
10165,4078,58,4,16793.42,0.0
10166,4078,17,3,3060.67,0.05
10167,4078,91,2,68165.0,0.2
10168,4079,80,4,50304.69,0.15
10169,4080,41,4,34056.89,0.05
10170,4080,56,2,35450.02,0.2
10171,4080,97,1,57944.43,0.15
10172,4080,38,4,46602.83,0.0
10173,4081,3,1,26786.94,0.05
10174,4081,15,4,45459.24,0.2
10175,4081,61,1,59250.67,0.05
10176,4081,100,4,56950.77,0.0
10177,4082,74,3,65143.62,0.15
10178,4082,62,2,77931.24,0.2
10179,4083,33,1,67830.72,0.1
10180,4083,44,4,29062.01,0.2
10181,4083,4,1,41953.2,0.0
10182,4083,38,1,46602.83,0.15
10183,4084,63,4,74324.62,0.15
10184,4084,91,3,68165.0,0.2
10185,4084,93,1,34199.76,0.1
10186,4084,83,2,70278.9,0.2
10187,4085,3,3,26786.94,0.0
10188,4085,82,3,75348.3,0.0
10189,4085,22,2,101373.13,0.15
10190,4086,62,2,77931.24,0.0
10191,4086,95,1,74013.57,0.2
10192,4086,89,1,41133.84,0.0
10193,4087,67,4,28223.22,0.15
10194,4087,30,1,59827.04,0.1
10195,4088,53,4,8406.45,0.15
10196,4088,71,1,98217.13,0.15
10197,4088,52,4,88567.93,0.1
10198,4088,41,2,34056.89,0.1
10199,4089,41,4,34056.89,0.1
10200,4089,60,4,48163.29,0.15
10201,4089,4,2,41953.2,0.15
10202,4089,100,3,56950.77,0.1
10203,4090,11,2,29179.55,0.05
10204,4090,99,4,9464.47,0.0
10205,4090,4,4,41953.2,0.15
10206,4090,52,4,88567.93,0.05
10207,4091,42,3,32167.57,0.1
10208,4091,58,2,16793.42,0.2
10209,4091,44,1,29062.01,0.15
10210,4092,90,3,62376.77,0.05
10211,4093,2,1,9643.31,0.1
10212,4093,99,3,9464.47,0.05
10213,4094,69,4,38273.87,0.15
10214,4094,78,1,61027.77,0.0
10215,4095,14,4,112855.44,0.2
10216,4095,7,3,47293.79,0.2
10217,4095,40,1,54298.36,0.05
10218,4095,33,3,67830.72,0.05
10219,4096,79,1,71983.06,0.1
10220,4096,90,3,62376.77,0.15
10221,4096,43,3,68409.25,0.15
10222,4097,77,3,78913.67,0.0
10223,4097,6,2,11835.67,0.15
10224,4097,75,1,44857.53,0.0
10225,4098,10,2,62096.2,0.05
10226,4099,67,4,28223.22,0.15
10227,4099,39,4,21356.09,0.2
10228,4099,42,1,32167.57,0.15
10229,4099,28,2,24101.49,0.0
10230,4100,41,4,34056.89,0.15
10231,4100,88,2,44854.54,0.0
10232,4101,81,1,6985.99,0.05
10233,4102,35,4,64616.75,0.0
10234,4102,30,2,59827.04,0.2
10235,4102,51,3,90551.07,0.05
10236,4102,69,2,38273.87,0.1
10237,4103,19,3,73662.65,0.15
10238,4104,73,2,29426.0,0.2
10239,4105,95,3,74013.57,0.2
10240,4106,85,2,33117.32,0.0
10241,4106,55,3,11698.2,0.05
10242,4107,32,1,58569.82,0.1
10243,4108,33,1,67830.72,0.15
10244,4108,75,3,44857.53,0.05
10245,4108,46,1,83137.14,0.05
10246,4108,11,4,29179.55,0.15
10247,4109,68,4,54854.09,0.1
10248,4109,14,2,112855.44,0.15
10249,4109,99,2,9464.47,0.05
10250,4110,42,3,32167.57,0.1
10251,4110,35,1,64616.75,0.0
10252,4111,6,4,11835.67,0.0
10253,4112,17,1,3060.67,0.0
10254,4112,95,2,74013.57,0.0
10255,4113,54,1,47164.35,0.05
10256,4114,91,4,68165.0,0.0
10257,4114,96,1,57246.92,0.0
10258,4114,5,2,55610.54,0.2
10259,4114,39,4,21356.09,0.2
10260,4115,84,2,20609.39,0.05
10261,4115,50,1,32078.35,0.2
10262,4116,51,1,90551.07,0.0
10263,4116,58,3,16793.42,0.0
10264,4117,71,1,98217.13,0.05
10265,4118,94,2,24440.89,0.05
10266,4119,89,3,41133.84,0.0
10267,4120,63,2,74324.62,0.2
10268,4121,58,4,16793.42,0.2
10269,4121,37,3,32224.91,0.05
10270,4121,12,1,43161.08,0.05
10271,4122,71,4,98217.13,0.15
10272,4122,1,4,17791.55,0.2
10273,4122,70,1,8288.85,0.05
10274,4122,50,2,32078.35,0.15
10275,4123,79,2,71983.06,0.0
10276,4123,95,2,74013.57,0.1
10277,4123,56,2,35450.02,0.2
10278,4123,58,4,16793.42,0.1
10279,4124,49,3,1098.73,0.15
10280,4124,38,4,46602.83,0.15
10281,4125,9,2,57045.2,0.15
10282,4125,4,3,41953.2,0.15
10283,4125,73,1,29426.0,0.2
10284,4125,92,2,50328.36,0.0
10285,4126,6,3,11835.67,0.2
10286,4126,33,1,67830.72,0.2
10287,4126,61,4,59250.67,0.2
10288,4127,71,2,98217.13,0.05
10289,4128,74,1,65143.62,0.1
10290,4129,70,4,8288.85,0.05
10291,4129,9,1,57045.2,0.2
10292,4129,26,2,40496.99,0.1
10293,4130,47,1,66318.14,0.05
10294,4130,7,3,47293.79,0.15
10295,4131,35,4,64616.75,0.0
10296,4132,39,1,21356.09,0.05
10297,4132,98,2,107440.65,0.05
10298,4132,32,2,58569.82,0.05
10299,4132,98,3,107440.65,0.1
10300,4133,71,2,98217.13,0.0
10301,4133,70,3,8288.85,0.2
10302,4133,82,3,75348.3,0.1
10303,4134,85,1,33117.32,0.05
10304,4134,23,3,78220.4,0.0
10305,4134,43,3,68409.25,0.2
10306,4135,53,4,8406.45,0.2
10307,4135,98,3,107440.65,0.1
10308,4135,5,4,55610.54,0.05
10309,4135,48,2,18316.15,0.1
10310,4136,22,3,101373.13,0.2
10311,4136,21,4,33408.11,0.05
10312,4136,77,1,78913.67,0.15
10313,4136,21,3,33408.11,0.2
10314,4137,80,4,50304.69,0.15
10315,4137,100,3,56950.77,0.2
10316,4137,78,4,61027.77,0.2
10317,4137,17,2,3060.67,0.0
10318,4138,15,4,45459.24,0.05
10319,4138,44,3,29062.01,0.0
10320,4139,56,2,35450.02,0.1
10321,4139,78,1,61027.77,0.1
10322,4139,43,1,68409.25,0.0
10323,4139,17,2,3060.67,0.1
10324,4140,100,4,56950.77,0.0
10325,4140,91,2,68165.0,0.1
10326,4140,66,2,75655.91,0.05
10327,4141,70,2,8288.85,0.2
10328,4141,94,2,24440.89,0.15
10329,4141,48,4,18316.15,0.15
10330,4142,15,2,45459.24,0.2
10331,4142,61,2,59250.67,0.0
10332,4142,46,3,83137.14,0.05
10333,4142,80,3,50304.69,0.15
10334,4143,78,2,61027.77,0.15
10335,4144,48,1,18316.15,0.0
10336,4144,37,3,32224.91,0.05
10337,4145,43,3,68409.25,0.05
10338,4146,64,3,6802.82,0.0
10339,4146,64,3,6802.82,0.15
10340,4147,52,3,88567.93,0.0
10341,4147,54,4,47164.35,0.2
10342,4148,100,1,56950.77,0.1
10343,4148,26,1,40496.99,0.15
10344,4148,18,4,25661.34,0.1
10345,4148,80,4,50304.69,0.2
10346,4149,94,2,24440.89,0.05
10347,4149,61,3,59250.67,0.1
10348,4149,41,2,34056.89,0.0
10349,4149,35,4,64616.75,0.2
10350,4150,47,2,66318.14,0.1
10351,4150,6,4,11835.67,0.0
10352,4151,53,2,8406.45,0.2
10353,4151,27,2,45811.61,0.2
10354,4152,27,3,45811.61,0.0
10355,4152,57,2,74958.5,0.2
10356,4152,97,1,57944.43,0.15
10357,4153,21,1,33408.11,0.05
10358,4153,92,4,50328.36,0.15
10359,4153,52,2,88567.93,0.15
10360,4153,98,1,107440.65,0.1
10361,4154,39,4,21356.09,0.15
10362,4154,100,4,56950.77,0.0
10363,4154,66,2,75655.91,0.2
10364,4154,67,3,28223.22,0.2
10365,4155,57,4,74958.5,0.05
10366,4156,46,1,83137.14,0.1
10367,4157,53,2,8406.45,0.05
10368,4157,86,3,36743.45,0.05
10369,4157,80,3,50304.69,0.05
10370,4158,3,2,26786.94,0.2
10371,4158,70,1,8288.85,0.15
10372,4159,84,4,20609.39,0.2
10373,4160,75,3,44857.53,0.15
10374,4161,50,4,32078.35,0.15
10375,4161,34,2,84343.9,0.0
10376,4162,68,3,54854.09,0.2
10377,4162,67,2,28223.22,0.15
10378,4163,38,2,46602.83,0.0
10379,4163,41,3,34056.89,0.0
10380,4163,37,4,32224.91,0.15
10381,4164,5,4,55610.54,0.05
10382,4165,4,3,41953.2,0.05
10383,4165,9,1,57045.2,0.05
10384,4165,43,3,68409.25,0.2
10385,4166,52,4,88567.93,0.05
10386,4166,41,2,34056.89,0.05
10387,4166,96,3,57246.92,0.05
10388,4167,23,2,78220.4,0.0
10389,4167,40,1,54298.36,0.0
10390,4168,25,3,48553.67,0.1
10391,4169,30,2,59827.04,0.0
10392,4169,59,3,17097.25,0.15
10393,4169,31,3,58504.05,0.1
10394,4170,32,4,58569.82,0.1
10395,4170,68,4,54854.09,0.05
10396,4170,84,3,20609.39,0.15
10397,4171,22,1,101373.13,0.1
10398,4171,12,3,43161.08,0.0
10399,4172,24,4,35138.54,0.1
10400,4172,58,2,16793.42,0.0
10401,4173,96,3,57246.92,0.1
10402,4173,17,4,3060.67,0.1
10403,4173,5,2,55610.54,0.1
10404,4174,53,2,8406.45,0.05
10405,4174,100,2,56950.77,0.1
10406,4175,56,4,35450.02,0.15
10407,4175,93,2,34199.76,0.2
10408,4176,65,2,11138.22,0.2
10409,4176,4,3,41953.2,0.0
10410,4177,43,3,68409.25,0.15
10411,4177,78,4,61027.77,0.0
10412,4178,51,4,90551.07,0.1
10413,4178,20,4,65645.52,0.15
10414,4178,19,4,73662.65,0.1
10415,4179,67,2,28223.22,0.2
10416,4179,47,2,66318.14,0.2
10417,4180,58,3,16793.42,0.2
10418,4180,38,3,46602.83,0.15
10419,4181,34,3,84343.9,0.15
10420,4181,67,1,28223.22,0.2
10421,4181,1,1,17791.55,0.05
10422,4182,44,1,29062.01,0.05
10423,4182,38,2,46602.83,0.05
10424,4183,78,4,61027.77,0.15
10425,4184,73,4,29426.0,0.05
10426,4184,43,4,68409.25,0.0
10427,4184,27,3,45811.61,0.15
10428,4184,24,1,35138.54,0.15
10429,4185,22,4,101373.13,0.1
10430,4186,28,4,24101.49,0.2
10431,4186,77,4,78913.67,0.15
10432,4186,5,2,55610.54,0.2
10433,4187,3,1,26786.94,0.05
10434,4187,54,4,47164.35,0.0
10435,4188,23,1,78220.4,0.05
10436,4189,84,4,20609.39,0.2
10437,4190,76,4,61617.55,0.2
10438,4190,77,4,78913.67,0.0
10439,4190,46,3,83137.14,0.2
10440,4190,44,4,29062.01,0.1
10441,4191,43,4,68409.25,0.2
10442,4191,20,4,65645.52,0.15
10443,4192,57,2,74958.5,0.0
10444,4192,87,3,3831.22,0.1
10445,4193,26,4,40496.99,0.0
10446,4193,6,1,11835.67,0.05
10447,4193,57,1,74958.5,0.15
10448,4194,40,2,54298.36,0.15
10449,4195,80,2,50304.69,0.15
10450,4195,86,4,36743.45,0.15
10451,4195,96,4,57246.92,0.0
10452,4196,40,1,54298.36,0.1
10453,4196,91,2,68165.0,0.1
10454,4197,12,4,43161.08,0.1
10455,4197,38,3,46602.83,0.05
10456,4197,27,1,45811.61,0.15
10457,4198,93,3,34199.76,0.15
10458,4199,61,4,59250.67,0.1
10459,4199,37,2,32224.91,0.0
10460,4199,16,2,64465.1,0.0
10461,4199,79,3,71983.06,0.05
10462,4200,66,4,75655.91,0.1
10463,4201,86,3,36743.45,0.2
10464,4201,44,4,29062.01,0.15
10465,4201,15,4,45459.24,0.1
10466,4202,34,2,84343.9,0.05
10467,4202,63,2,74324.62,0.0
10468,4202,25,3,48553.67,0.0
10469,4203,8,1,77134.84,0.0
10470,4203,83,1,70278.9,0.2
10471,4204,54,1,47164.35,0.0
10472,4205,40,4,54298.36,0.2
10473,4205,56,4,35450.02,0.1
10474,4206,74,4,65143.62,0.15
10475,4206,1,1,17791.55,0.2
10476,4206,45,2,16072.3,0.15
10477,4206,26,2,40496.99,0.0
10478,4207,10,1,62096.2,0.2
10479,4207,4,2,41953.2,0.0
10480,4207,45,2,16072.3,0.1
10481,4207,55,4,11698.2,0.15
10482,4208,51,1,90551.07,0.05
10483,4208,79,4,71983.06,0.15
10484,4208,46,4,83137.14,0.15
10485,4208,59,1,17097.25,0.2
10486,4209,82,2,75348.3,0.2
10487,4210,66,2,75655.91,0.05
10488,4210,92,4,50328.36,0.15
10489,4210,23,4,78220.4,0.2
10490,4211,79,4,71983.06,0.0
10491,4212,70,2,8288.85,0.15
10492,4212,59,4,17097.25,0.2
10493,4212,1,4,17791.55,0.0
10494,4213,55,3,11698.2,0.15
10495,4213,86,1,36743.45,0.0
10496,4214,65,2,11138.22,0.1
10497,4214,1,1,17791.55,0.2
10498,4214,29,4,26756.43,0.2
10499,4215,57,2,74958.5,0.15
10500,4215,82,3,75348.3,0.15
10501,4215,45,2,16072.3,0.05
10502,4216,86,4,36743.45,0.2
10503,4216,80,4,50304.69,0.15
10504,4216,27,2,45811.61,0.2
10505,4216,20,2,65645.52,0.15
10506,4217,91,1,68165.0,0.0
10507,4217,59,1,17097.25,0.1
10508,4218,85,4,33117.32,0.15
10509,4218,93,4,34199.76,0.15
10510,4219,43,4,68409.25,0.05
10511,4219,5,3,55610.54,0.0
10512,4219,91,1,68165.0,0.2
10513,4220,59,1,17097.25,0.2
10514,4221,13,3,21788.6,0.2
10515,4222,53,2,8406.45,0.15
10516,4222,3,1,26786.94,0.2
10517,4222,29,1,26756.43,0.1
10518,4223,35,3,64616.75,0.15
10519,4223,46,4,83137.14,0.1
10520,4223,57,2,74958.5,0.15
10521,4223,84,4,20609.39,0.0
10522,4224,36,2,94947.11,0.05
10523,4224,74,3,65143.62,0.05
10524,4224,95,1,74013.57,0.1
10525,4225,75,3,44857.53,0.2
10526,4225,26,2,40496.99,0.0
10527,4225,68,4,54854.09,0.15
10528,4225,29,2,26756.43,0.2
10529,4226,48,1,18316.15,0.15
10530,4227,64,1,6802.82,0.15
10531,4227,30,2,59827.04,0.0
10532,4228,1,2,17791.55,0.15
10533,4228,84,2,20609.39,0.05
10534,4228,73,3,29426.0,0.05
10535,4229,13,4,21788.6,0.2
10536,4229,38,3,46602.83,0.15
10537,4230,27,2,45811.61,0.2
10538,4231,98,3,107440.65,0.1
10539,4232,95,4,74013.57,0.05
10540,4232,70,1,8288.85,0.2
10541,4232,45,1,16072.3,0.15
10542,4232,6,1,11835.67,0.2
10543,4233,25,4,48553.67,0.0
10544,4233,10,4,62096.2,0.1
10545,4233,79,2,71983.06,0.2
10546,4234,9,4,57045.2,0.2
10547,4234,68,3,54854.09,0.15
10548,4235,96,4,57246.92,0.0
10549,4235,31,4,58504.05,0.1
10550,4236,69,4,38273.87,0.0
10551,4237,88,2,44854.54,0.2
10552,4237,43,3,68409.25,0.15
10553,4237,45,1,16072.3,0.0
10554,4237,21,4,33408.11,0.15
10555,4238,43,2,68409.25,0.15
10556,4239,88,2,44854.54,0.0
10557,4239,67,3,28223.22,0.0
10558,4239,21,4,33408.11,0.05
10559,4239,53,3,8406.45,0.0
10560,4240,71,4,98217.13,0.1
10561,4241,8,3,77134.84,0.2
10562,4241,77,4,78913.67,0.0
10563,4242,21,3,33408.11,0.15
10564,4242,30,2,59827.04,0.1
10565,4243,42,4,32167.57,0.2
10566,4243,51,2,90551.07,0.1
10567,4243,92,3,50328.36,0.15
10568,4243,23,2,78220.4,0.2
10569,4244,26,2,40496.99,0.0
10570,4245,38,2,46602.83,0.05
10571,4245,86,2,36743.45,0.05
10572,4246,97,4,57944.43,0.0
10573,4246,46,4,83137.14,0.15
10574,4247,70,3,8288.85,0.0
10575,4247,92,1,50328.36,0.05
10576,4248,85,1,33117.32,0.0
10577,4249,69,1,38273.87,0.15
10578,4249,55,3,11698.2,0.15
10579,4249,99,4,9464.47,0.1
10580,4249,24,2,35138.54,0.1
10581,4250,37,2,32224.91,0.1
10582,4250,72,3,18167.14,0.0
10583,4251,3,4,26786.94,0.05
10584,4251,51,2,90551.07,0.2
10585,4252,86,2,36743.45,0.0
10586,4252,18,3,25661.34,0.15
10587,4253,81,4,6985.99,0.0
10588,4253,42,3,32167.57,0.0
10589,4253,87,3,3831.22,0.05
10590,4253,64,3,6802.82,0.05
10591,4254,16,1,64465.1,0.05
10592,4254,74,4,65143.62,0.2
10593,4255,6,1,11835.67,0.2
10594,4255,25,2,48553.67,0.15
10595,4256,89,2,41133.84,0.0
10596,4256,88,3,44854.54,0.2
10597,4257,5,1,55610.54,0.2
10598,4257,38,1,46602.83,0.0
10599,4258,10,4,62096.2,0.05
10600,4259,28,2,24101.49,0.15
10601,4259,97,3,57944.43,0.0
10602,4259,20,3,65645.52,0.0
10603,4260,65,3,11138.22,0.15
10604,4261,81,3,6985.99,0.05
10605,4262,89,3,41133.84,0.1
10606,4263,36,4,94947.11,0.15
10607,4263,70,4,8288.85,0.1
10608,4264,49,2,1098.73,0.15
10609,4264,11,1,29179.55,0.0
10610,4264,23,4,78220.4,0.0
10611,4264,75,2,44857.53,0.05
10612,4265,69,2,38273.87,0.05
10613,4265,53,1,8406.45,0.05
10614,4265,79,3,71983.06,0.15
10615,4266,70,3,8288.85,0.0
10616,4266,34,4,84343.9,0.0
10617,4266,30,3,59827.04,0.05
10618,4266,95,3,74013.57,0.05
10619,4267,98,3,107440.65,0.0
10620,4267,4,4,41953.2,0.0
10621,4268,80,4,50304.69,0.1
10622,4268,14,4,112855.44,0.0
10623,4268,87,2,3831.22,0.0
10624,4268,59,2,17097.25,0.2
10625,4269,69,1,38273.87,0.0
10626,4270,71,4,98217.13,0.0
10627,4270,61,3,59250.67,0.0
10628,4270,26,4,40496.99,0.1
10629,4271,81,4,6985.99,0.15
10630,4271,56,2,35450.02,0.15
10631,4271,55,1,11698.2,0.15
10632,4271,32,1,58569.82,0.0
10633,4272,2,4,9643.31,0.05
10634,4272,56,2,35450.02,0.15
10635,4272,35,2,64616.75,0.15
10636,4273,66,4,75655.91,0.05
10637,4273,37,2,32224.91,0.2
10638,4273,98,4,107440.65,0.2
10639,4273,69,3,38273.87,0.15
10640,4274,46,4,83137.14,0.15
10641,4274,71,1,98217.13,0.2
10642,4275,65,2,11138.22,0.15
10643,4276,63,1,74324.62,0.1
10644,4276,58,1,16793.42,0.05
10645,4276,94,4,24440.89,0.05
10646,4276,32,3,58569.82,0.2
10647,4277,44,2,29062.01,0.05
10648,4278,26,2,40496.99,0.15
10649,4278,57,1,74958.5,0.1
10650,4278,99,1,9464.47,0.05
10651,4278,61,4,59250.67,0.1
10652,4279,21,1,33408.11,0.0
10653,4279,93,2,34199.76,0.15
10654,4279,80,1,50304.69,0.0
10655,4280,45,4,16072.3,0.0
10656,4280,15,1,45459.24,0.05
10657,4280,41,2,34056.89,0.1
10658,4280,81,4,6985.99,0.05
10659,4281,58,3,16793.42,0.2
10660,4281,19,2,73662.65,0.2
10661,4282,16,3,64465.1,0.05
10662,4282,97,2,57944.43,0.2
10663,4282,45,2,16072.3,0.0
10664,4282,69,3,38273.87,0.0
10665,4283,37,2,32224.91,0.05
10666,4284,10,4,62096.2,0.2
10667,4284,42,2,32167.57,0.1
10668,4285,70,4,8288.85,0.15
10669,4286,34,1,84343.9,0.15
10670,4286,61,3,59250.67,0.1
10671,4286,44,3,29062.01,0.2
10672,4286,34,3,84343.9,0.2
10673,4287,26,2,40496.99,0.1
10674,4287,27,3,45811.61,0.15
10675,4287,26,1,40496.99,0.15
10676,4288,72,3,18167.14,0.1
10677,4288,34,4,84343.9,0.0
10678,4288,75,2,44857.53,0.05
10679,4288,32,1,58569.82,0.2
10680,4289,33,3,67830.72,0.05
10681,4289,93,4,34199.76,0.15
10682,4289,88,2,44854.54,0.2
10683,4289,41,1,34056.89,0.15
10684,4290,27,2,45811.61,0.05
10685,4290,72,4,18167.14,0.2
10686,4291,7,2,47293.79,0.0
10687,4292,46,3,83137.14,0.15
10688,4292,60,2,48163.29,0.05
10689,4292,68,3,54854.09,0.15
10690,4292,11,2,29179.55,0.1
10691,4293,1,2,17791.55,0.1
10692,4293,28,3,24101.49,0.05
10693,4294,12,3,43161.08,0.1
10694,4295,51,2,90551.07,0.2
10695,4295,92,2,50328.36,0.2
10696,4295,29,1,26756.43,0.1
10697,4295,46,3,83137.14,0.2
10698,4296,22,2,101373.13,0.2
10699,4296,5,3,55610.54,0.15
10700,4296,71,2,98217.13,0.1
10701,4296,26,4,40496.99,0.0
10702,4297,55,3,11698.2,0.1
10703,4297,69,2,38273.87,0.05
10704,4298,84,2,20609.39,0.0
10705,4298,19,3,73662.65,0.2
10706,4298,59,1,17097.25,0.05
10707,4298,92,1,50328.36,0.15
10708,4299,49,1,1098.73,0.2
10709,4300,5,2,55610.54,0.1
10710,4301,27,2,45811.61,0.15
10711,4301,80,2,50304.69,0.15
10712,4302,80,1,50304.69,0.1
10713,4302,32,2,58569.82,0.2
10714,4302,20,2,65645.52,0.2
10715,4303,30,2,59827.04,0.05
10716,4304,25,3,48553.67,0.2
10717,4305,75,2,44857.53,0.0
10718,4305,85,4,33117.32,0.0
10719,4305,5,4,55610.54,0.1
10720,4306,75,3,44857.53,0.15
10721,4306,76,3,61617.55,0.1
10722,4306,62,1,77931.24,0.15
10723,4306,88,3,44854.54,0.05
10724,4307,4,2,41953.2,0.2
10725,4307,70,2,8288.85,0.2
10726,4307,13,4,21788.6,0.0
10727,4308,90,1,62376.77,0.1
10728,4308,50,2,32078.35,0.05
10729,4308,10,4,62096.2,0.15
10730,4308,75,4,44857.53,0.1
10731,4309,75,3,44857.53,0.05
10732,4309,47,3,66318.14,0.05
10733,4309,32,4,58569.82,0.05
10734,4309,2,1,9643.31,0.0
10735,4310,91,2,68165.0,0.0
10736,4310,19,1,73662.65,0.15
10737,4310,85,2,33117.32,0.2
10738,4311,59,4,17097.25,0.1
10739,4311,69,3,38273.87,0.2
10740,4311,70,4,8288.85,0.0
10741,4312,86,3,36743.45,0.2
10742,4312,4,4,41953.2,0.1
10743,4312,100,1,56950.77,0.15
10744,4312,5,2,55610.54,0.0
10745,4313,100,2,56950.77,0.15
10746,4313,27,4,45811.61,0.05
10747,4314,85,3,33117.32,0.2
10748,4315,9,1,57045.2,0.15
10749,4315,47,1,66318.14,0.2
10750,4315,55,2,11698.2,0.2
10751,4315,96,1,57246.92,0.15
10752,4316,13,3,21788.6,0.05
10753,4316,4,4,41953.2,0.05
10754,4317,65,4,11138.22,0.2
10755,4317,5,1,55610.54,0.15
10756,4317,78,2,61027.77,0.2
10757,4317,4,3,41953.2,0.15
10758,4318,98,2,107440.65,0.15
10759,4318,54,2,47164.35,0.0
10760,4319,95,1,74013.57,0.2
10761,4319,13,1,21788.6,0.05
10762,4319,28,2,24101.49,0.05
10763,4319,46,1,83137.14,0.0
10764,4320,3,1,26786.94,0.0
10765,4321,11,3,29179.55,0.05
10766,4321,33,4,67830.72,0.2
10767,4321,74,3,65143.62,0.2
10768,4322,71,1,98217.13,0.1
10769,4322,9,4,57045.2,0.05
10770,4323,6,3,11835.67,0.05
10771,4323,66,2,75655.91,0.2
10772,4324,36,2,94947.11,0.0
10773,4324,80,4,50304.69,0.0
10774,4325,30,2,59827.04,0.0
10775,4325,37,1,32224.91,0.2
10776,4325,22,2,101373.13,0.0
10777,4325,27,2,45811.61,0.2
10778,4326,71,2,98217.13,0.0
10779,4326,48,2,18316.15,0.1
10780,4327,66,3,75655.91,0.2
10781,4327,8,2,77134.84,0.0
10782,4327,54,3,47164.35,0.05
10783,4327,46,2,83137.14,0.15
10784,4328,92,4,50328.36,0.2
10785,4328,43,4,68409.25,0.2
10786,4329,11,2,29179.55,0.0
10787,4330,70,1,8288.85,0.15
10788,4330,15,3,45459.24,0.05
10789,4330,91,2,68165.0,0.1
10790,4330,39,4,21356.09,0.2
10791,4331,79,2,71983.06,0.2
10792,4332,66,2,75655.91,0.0
10793,4332,47,2,66318.14,0.1
10794,4333,59,4,17097.25,0.05
10795,4333,19,1,73662.65,0.15
10796,4333,8,4,77134.84,0.2
10797,4333,77,1,78913.67,0.05
10798,4334,96,4,57246.92,0.0
10799,4334,87,3,3831.22,0.0
10800,4334,31,3,58504.05,0.0
10801,4334,36,1,94947.11,0.05
10802,4335,36,3,94947.11,0.2
10803,4335,71,3,98217.13,0.05
10804,4335,63,2,74324.62,0.1
10805,4335,80,2,50304.69,0.15
10806,4336,95,3,74013.57,0.15
10807,4336,40,2,54298.36,0.05
10808,4337,67,4,28223.22,0.0
10809,4337,51,1,90551.07,0.0
10810,4337,96,2,57246.92,0.05
10811,4337,36,4,94947.11,0.0
10812,4338,19,4,73662.65,0.1
10813,4338,38,2,46602.83,0.15
10814,4339,62,3,77931.24,0.15
10815,4339,96,1,57246.92,0.2
10816,4339,83,1,70278.9,0.05
10817,4340,2,4,9643.31,0.15
10818,4340,51,3,90551.07,0.2
10819,4340,16,1,64465.1,0.0
10820,4341,37,4,32224.91,0.15
10821,4342,95,2,74013.57,0.0
10822,4342,99,3,9464.47,0.1
10823,4343,16,4,64465.1,0.2
10824,4343,15,4,45459.24,0.1
10825,4344,70,1,8288.85,0.1
10826,4344,42,2,32167.57,0.15
10827,4345,44,2,29062.01,0.1
10828,4345,88,4,44854.54,0.15
10829,4346,93,4,34199.76,0.2
10830,4346,91,3,68165.0,0.0
10831,4346,79,1,71983.06,0.1
10832,4347,99,4,9464.47,0.2
10833,4348,72,3,18167.14,0.05
10834,4349,89,2,41133.84,0.1
10835,4349,55,2,11698.2,0.15
10836,4349,6,2,11835.67,0.2
10837,4349,82,2,75348.3,0.05
10838,4350,93,4,34199.76,0.2
10839,4350,32,4,58569.82,0.15
10840,4351,43,1,68409.25,0.0
10841,4351,58,4,16793.42,0.2
10842,4351,66,2,75655.91,0.05
10843,4352,68,4,54854.09,0.05
10844,4352,40,4,54298.36,0.1
10845,4352,86,3,36743.45,0.1
10846,4353,82,3,75348.3,0.1
10847,4353,95,3,74013.57,0.0
10848,4353,58,4,16793.42,0.2
10849,4354,8,2,77134.84,0.05
10850,4354,85,3,33117.32,0.0
10851,4355,8,4,77134.84,0.1
10852,4355,20,4,65645.52,0.15
10853,4356,29,1,26756.43,0.0
10854,4356,19,2,73662.65,0.2
10855,4356,73,3,29426.0,0.15
10856,4356,45,3,16072.3,0.2
10857,4357,22,3,101373.13,0.15
10858,4357,1,4,17791.55,0.0
10859,4357,22,3,101373.13,0.05
10860,4357,70,3,8288.85,0.2
10861,4358,80,4,50304.69,0.1
10862,4358,30,1,59827.04,0.0
10863,4359,8,3,77134.84,0.0
10864,4359,56,2,35450.02,0.1
10865,4359,79,4,71983.06,0.1
10866,4360,8,3,77134.84,0.05
10867,4360,80,3,50304.69,0.0
10868,4360,18,4,25661.34,0.15
10869,4360,26,1,40496.99,0.1
10870,4361,63,3,74324.62,0.0
10871,4362,6,4,11835.67,0.0
10872,4362,31,4,58504.05,0.05
10873,4362,14,1,112855.44,0.1
10874,4362,22,4,101373.13,0.05
10875,4363,78,1,61027.77,0.0
10876,4363,23,2,78220.4,0.2
10877,4364,5,4,55610.54,0.15
10878,4364,22,3,101373.13,0.1
10879,4364,9,3,57045.2,0.05
10880,4364,63,3,74324.62,0.15
10881,4365,98,4,107440.65,0.2
10882,4365,17,1,3060.67,0.15
10883,4365,73,2,29426.0,0.05
10884,4366,37,2,32224.91,0.05
10885,4366,8,4,77134.84,0.2
10886,4366,69,3,38273.87,0.0
10887,4366,21,3,33408.11,0.05
10888,4367,52,4,88567.93,0.0
10889,4368,51,4,90551.07,0.15
10890,4369,60,2,48163.29,0.1
10891,4369,14,2,112855.44,0.0
10892,4369,26,1,40496.99,0.2
10893,4369,74,1,65143.62,0.1
10894,4370,94,2,24440.89,0.05
10895,4370,2,3,9643.31,0.2
10896,4370,42,4,32167.57,0.15
10897,4371,89,2,41133.84,0.0
10898,4371,29,3,26756.43,0.2
10899,4371,45,4,16072.3,0.0
10900,4372,91,2,68165.0,0.2
10901,4373,97,1,57944.43,0.05
10902,4374,66,4,75655.91,0.05
10903,4374,70,3,8288.85,0.0
10904,4374,62,1,77931.24,0.2
10905,4374,29,2,26756.43,0.1
10906,4375,89,2,41133.84,0.15
10907,4375,4,1,41953.2,0.2
10908,4376,6,2,11835.67,0.1
10909,4376,61,4,59250.67,0.05
10910,4376,84,3,20609.39,0.15
10911,4377,82,4,75348.3,0.1
10912,4377,68,4,54854.09,0.05
10913,4378,38,2,46602.83,0.2
10914,4378,36,1,94947.11,0.2
10915,4379,43,1,68409.25,0.05
10916,4380,26,4,40496.99,0.15
10917,4380,42,2,32167.57,0.2
10918,4380,11,3,29179.55,0.15
10919,4380,32,2,58569.82,0.0
10920,4381,95,4,74013.57,0.2
10921,4381,71,3,98217.13,0.0
10922,4381,15,4,45459.24,0.15
10923,4381,29,2,26756.43,0.1
10924,4382,26,4,40496.99,0.0
10925,4383,29,3,26756.43,0.15
10926,4383,70,1,8288.85,0.05
10927,4384,90,1,62376.77,0.2
10928,4384,72,2,18167.14,0.2
10929,4384,49,1,1098.73,0.1
10930,4385,17,4,3060.67,0.15
10931,4385,15,1,45459.24,0.0
10932,4386,82,3,75348.3,0.2
10933,4386,68,3,54854.09,0.15
10934,4386,52,3,88567.93,0.05
10935,4387,58,3,16793.42,0.0
10936,4387,85,4,33117.32,0.1
10937,4388,82,4,75348.3,0.2
10938,4389,9,4,57045.2,0.2
10939,4389,40,2,54298.36,0.0
10940,4390,5,3,55610.54,0.15
10941,4390,39,1,21356.09,0.0
10942,4390,64,4,6802.82,0.05
10943,4391,21,1,33408.11,0.1
10944,4392,16,1,64465.1,0.0
10945,4392,50,4,32078.35,0.0
10946,4392,53,4,8406.45,0.2
10947,4392,72,1,18167.14,0.15
10948,4393,2,4,9643.31,0.15
10949,4394,25,1,48553.67,0.1
10950,4395,78,1,61027.77,0.1
10951,4395,69,4,38273.87,0.0
10952,4395,90,1,62376.77,0.1
10953,4396,82,1,75348.3,0.15
10954,4396,84,4,20609.39,0.05
10955,4396,52,3,88567.93,0.1
10956,4397,96,3,57246.92,0.1
10957,4397,42,4,32167.57,0.2
10958,4398,91,1,68165.0,0.0
10959,4398,40,4,54298.36,0.0
10960,4399,45,2,16072.3,0.05
10961,4400,69,3,38273.87,0.0
10962,4400,40,2,54298.36,0.2
10963,4400,15,2,45459.24,0.05
10964,4401,90,2,62376.77,0.05
10965,4401,46,3,83137.14,0.05
10966,4402,93,4,34199.76,0.2
10967,4403,40,1,54298.36,0.15
10968,4403,98,3,107440.65,0.1
10969,4404,61,4,59250.67,0.15
10970,4404,77,3,78913.67,0.0
10971,4404,76,4,61617.55,0.15
10972,4404,21,1,33408.11,0.05
10973,4405,82,2,75348.3,0.05
10974,4405,95,2,74013.57,0.0
10975,4406,67,3,28223.22,0.0
10976,4406,95,2,74013.57,0.15
10977,4406,85,2,33117.32,0.2
10978,4406,67,4,28223.22,0.2
10979,4407,48,1,18316.15,0.05
10980,4407,86,4,36743.45,0.15
10981,4408,19,1,73662.65,0.0
10982,4409,57,2,74958.5,0.15
10983,4409,82,3,75348.3,0.1
10984,4410,95,4,74013.57,0.2
10985,4410,27,4,45811.61,0.0
10986,4411,10,1,62096.2,0.15
10987,4412,34,3,84343.9,0.1
10988,4412,87,2,3831.22,0.1
10989,4412,53,4,8406.45,0.1
10990,4413,6,4,11835.67,0.15
10991,4413,12,1,43161.08,0.1
10992,4414,34,2,84343.9,0.1
10993,4414,35,4,64616.75,0.1
10994,4414,14,4,112855.44,0.0
10995,4415,50,3,32078.35,0.15
10996,4415,48,1,18316.15,0.15
10997,4416,20,2,65645.52,0.1
10998,4416,24,4,35138.54,0.15
10999,4417,67,3,28223.22,0.05
11000,4417,96,1,57246.92,0.05
11001,4418,100,2,56950.77,0.2
11002,4419,56,1,35450.02,0.2
11003,4419,4,2,41953.2,0.2
11004,4419,90,2,62376.77,0.0
11005,4420,96,3,57246.92,0.1
11006,4421,28,4,24101.49,0.15
11007,4421,41,3,34056.89,0.0
11008,4421,3,3,26786.94,0.2
11009,4422,81,2,6985.99,0.15
11010,4422,78,3,61027.77,0.05
11011,4422,3,4,26786.94,0.1
11012,4422,71,1,98217.13,0.2
11013,4423,42,2,32167.57,0.2
11014,4423,55,1,11698.2,0.2
11015,4423,22,1,101373.13,0.2
11016,4423,82,1,75348.3,0.15
11017,4424,41,3,34056.89,0.2
11018,4424,85,4,33117.32,0.2
11019,4425,15,4,45459.24,0.0
11020,4425,59,1,17097.25,0.15
11021,4426,32,3,58569.82,0.05
11022,4426,97,2,57944.43,0.1
11023,4426,56,2,35450.02,0.0
11024,4426,72,3,18167.14,0.15
11025,4427,9,3,57045.2,0.2
11026,4427,68,3,54854.09,0.1
11027,4428,11,1,29179.55,0.15
11028,4428,37,2,32224.91,0.05
11029,4429,23,2,78220.4,0.15
11030,4429,1,1,17791.55,0.0
11031,4429,59,1,17097.25,0.2
11032,4429,25,2,48553.67,0.05
11033,4430,52,1,88567.93,0.1
11034,4430,77,3,78913.67,0.2
11035,4430,18,1,25661.34,0.0
11036,4430,71,1,98217.13,0.2
11037,4431,30,4,59827.04,0.15
11038,4431,34,3,84343.9,0.2
11039,4431,58,3,16793.42,0.1
11040,4431,63,1,74324.62,0.05
11041,4432,66,1,75655.91,0.1
11042,4433,20,4,65645.52,0.1
11043,4433,58,4,16793.42,0.2
11044,4433,27,4,45811.61,0.1
11045,4433,28,4,24101.49,0.1
11046,4434,95,1,74013.57,0.0
11047,4435,11,4,29179.55,0.05
11048,4435,42,2,32167.57,0.1
11049,4435,44,3,29062.01,0.05
11050,4436,25,2,48553.67,0.05
11051,4436,79,3,71983.06,0.0
11052,4436,49,4,1098.73,0.2
11053,4436,72,4,18167.14,0.2
11054,4437,39,3,21356.09,0.05
11055,4437,90,2,62376.77,0.0
11056,4437,73,3,29426.0,0.2
11057,4438,34,2,84343.9,0.2
11058,4438,97,1,57944.43,0.2
11059,4438,87,3,3831.22,0.1
11060,4438,60,1,48163.29,0.15
11061,4439,2,2,9643.31,0.15
11062,4439,60,3,48163.29,0.05
11063,4440,70,4,8288.85,0.1
11064,4440,37,3,32224.91,0.05
11065,4441,15,4,45459.24,0.15
11066,4441,57,4,74958.5,0.2
11067,4442,81,1,6985.99,0.0
11068,4442,32,4,58569.82,0.0
11069,4443,46,2,83137.14,0.05
11070,4443,1,3,17791.55,0.0
11071,4443,71,1,98217.13,0.0
11072,4444,87,3,3831.22,0.2
11073,4444,78,3,61027.77,0.1
11074,4445,43,4,68409.25,0.15
11075,4445,5,4,55610.54,0.1
11076,4445,50,4,32078.35,0.15
11077,4446,95,3,74013.57,0.15
11078,4446,9,4,57045.2,0.0
11079,4447,22,1,101373.13,0.0
11080,4447,84,4,20609.39,0.1
11081,4448,57,1,74958.5,0.05
11082,4449,18,2,25661.34,0.2
11083,4449,3,4,26786.94,0.05
11084,4449,42,3,32167.57,0.05
11085,4450,60,4,48163.29,0.1
11086,4450,85,3,33117.32,0.0
11087,4450,89,3,41133.84,0.2
11088,4450,46,1,83137.14,0.0
11089,4451,43,4,68409.25,0.2
11090,4451,94,3,24440.89,0.15
11091,4451,78,3,61027.77,0.2
11092,4451,21,2,33408.11,0.05
11093,4452,69,4,38273.87,0.2
11094,4452,72,2,18167.14,0.2
11095,4453,24,1,35138.54,0.1
11096,4453,98,1,107440.65,0.05
11097,4454,30,3,59827.04,0.0
11098,4454,55,3,11698.2,0.0
11099,4454,50,1,32078.35,0.1
11100,4455,70,3,8288.85,0.2
11101,4455,91,4,68165.0,0.1
11102,4455,40,3,54298.36,0.2
11103,4456,39,4,21356.09,0.15
11104,4457,76,1,61617.55,0.15
11105,4457,96,2,57246.92,0.15
11106,4457,91,3,68165.0,0.2
11107,4458,76,2,61617.55,0.2
11108,4459,71,1,98217.13,0.0
11109,4460,77,2,78913.67,0.1
11110,4460,94,2,24440.89,0.1
11111,4460,2,1,9643.31,0.2
11112,4461,59,2,17097.25,0.05
11113,4462,4,2,41953.2,0.2
11114,4462,58,4,16793.42,0.1
11115,4463,40,2,54298.36,0.2
11116,4463,31,2,58504.05,0.15
11117,4463,90,2,62376.77,0.05
11118,4464,71,3,98217.13,0.2
11119,4464,57,2,74958.5,0.0
11120,4464,89,4,41133.84,0.0
11121,4465,10,2,62096.2,0.1
11122,4465,65,2,11138.22,0.05
11123,4466,16,1,64465.1,0.0
11124,4467,24,4,35138.54,0.2
11125,4467,19,2,73662.65,0.0
11126,4467,55,1,11698.2,0.1
11127,4467,63,1,74324.62,0.05
11128,4468,76,2,61617.55,0.05
11129,4468,45,4,16072.3,0.05
11130,4468,94,1,24440.89,0.05
11131,4468,38,1,46602.83,0.15
11132,4469,16,3,64465.1,0.05
11133,4469,4,2,41953.2,0.15
11134,4469,13,4,21788.6,0.1
11135,4469,45,4,16072.3,0.15
11136,4470,42,3,32167.57,0.1
11137,4470,86,2,36743.45,0.05
11138,4470,13,3,21788.6,0.1
11139,4471,27,3,45811.61,0.15
11140,4471,99,2,9464.47,0.1
11141,4472,3,2,26786.94,0.2
11142,4472,43,4,68409.25,0.1
11143,4472,20,3,65645.52,0.05
11144,4472,54,2,47164.35,0.0
11145,4473,98,4,107440.65,0.05
11146,4473,23,2,78220.4,0.0
11147,4474,38,1,46602.83,0.0
11148,4475,45,4,16072.3,0.05
11149,4475,80,4,50304.69,0.05
11150,4475,99,2,9464.47,0.2
11151,4475,10,4,62096.2,0.15
11152,4476,49,2,1098.73,0.15
11153,4476,76,3,61617.55,0.1
11154,4477,1,1,17791.55,0.0
11155,4477,81,3,6985.99,0.2
11156,4477,25,1,48553.67,0.1
11157,4477,52,1,88567.93,0.1
11158,4478,98,4,107440.65,0.15
11159,4478,64,1,6802.82,0.0
11160,4479,99,2,9464.47,0.1
11161,4479,61,4,59250.67,0.15
11162,4479,22,4,101373.13,0.15
11163,4479,70,2,8288.85,0.1
11164,4480,62,1,77931.24,0.2
11165,4480,32,2,58569.82,0.2
11166,4480,8,3,77134.84,0.0
11167,4481,65,2,11138.22,0.0
11168,4481,58,3,16793.42,0.1
11169,4482,78,4,61027.77,0.2
11170,4482,13,3,21788.6,0.1
11171,4483,54,3,47164.35,0.05
11172,4483,82,3,75348.3,0.1
11173,4483,90,1,62376.77,0.2
11174,4483,94,3,24440.89,0.0
11175,4484,22,4,101373.13,0.1
11176,4485,18,3,25661.34,0.15
11177,4485,58,4,16793.42,0.05
11178,4486,47,4,66318.14,0.0
11179,4486,24,2,35138.54,0.15
11180,4487,11,2,29179.55,0.15
11181,4487,15,4,45459.24,0.15
11182,4487,34,2,84343.9,0.15
11183,4488,74,3,65143.62,0.15
11184,4488,7,3,47293.79,0.05
11185,4489,11,1,29179.55,0.0
11186,4489,27,2,45811.61,0.2
11187,4489,88,2,44854.54,0.05
11188,4490,100,1,56950.77,0.2
11189,4490,45,4,16072.3,0.1
11190,4491,5,4,55610.54,0.1
11191,4492,2,4,9643.31,0.0
11192,4493,86,1,36743.45,0.2
11193,4493,45,2,16072.3,0.1
11194,4493,8,1,77134.84,0.2
11195,4494,84,1,20609.39,0.15
11196,4494,53,3,8406.45,0.0
11197,4495,35,4,64616.75,0.2
11198,4495,46,1,83137.14,0.1
11199,4496,23,3,78220.4,0.0
11200,4496,94,1,24440.89,0.1
11201,4496,79,4,71983.06,0.15
11202,4497,20,1,65645.52,0.15
11203,4497,74,2,65143.62,0.05
11204,4498,18,1,25661.34,0.2
11205,4498,46,2,83137.14,0.05
11206,4499,75,2,44857.53,0.1
11207,4500,4,3,41953.2,0.2
11208,4500,73,4,29426.0,0.0
11209,4501,23,4,78220.4,0.1
11210,4501,70,2,8288.85,0.1
11211,4501,50,4,32078.35,0.15
11212,4502,3,2,26786.94,0.15
11213,4502,77,1,78913.67,0.15
11214,4502,26,3,40496.99,0.05
11215,4503,96,3,57246.92,0.1
11216,4503,84,2,20609.39,0.0
11217,4503,20,3,65645.52,0.2
11218,4503,61,2,59250.67,0.05
11219,4504,37,1,32224.91,0.1
11220,4504,61,2,59250.67,0.15
11221,4504,56,2,35450.02,0.15
11222,4504,30,2,59827.04,0.0
11223,4505,66,4,75655.91,0.15
11224,4506,27,2,45811.61,0.05
11225,4506,91,3,68165.0,0.1
11226,4507,95,1,74013.57,0.0
11227,4507,17,2,3060.67,0.15
11228,4508,73,4,29426.0,0.1
11229,4508,93,4,34199.76,0.0
11230,4508,13,4,21788.6,0.0
11231,4509,74,1,65143.62,0.15
11232,4509,94,4,24440.89,0.0
11233,4510,23,2,78220.4,0.1
11234,4510,59,1,17097.25,0.15
11235,4510,80,1,50304.69,0.2
11236,4510,34,4,84343.9,0.0
11237,4511,24,3,35138.54,0.05
11238,4511,40,3,54298.36,0.0
11239,4512,34,4,84343.9,0.2
11240,4512,73,1,29426.0,0.1
11241,4512,38,1,46602.83,0.2
11242,4513,38,4,46602.83,0.0
11243,4514,95,3,74013.57,0.15
11244,4514,58,4,16793.42,0.0
11245,4514,93,3,34199.76,0.0
11246,4514,72,1,18167.14,0.1
11247,4515,89,3,41133.84,0.05
11248,4515,20,4,65645.52,0.05
11249,4515,94,1,24440.89,0.0
11250,4515,95,1,74013.57,0.1
11251,4516,5,2,55610.54,0.05
11252,4516,36,2,94947.11,0.2
11253,4516,42,3,32167.57,0.15
11254,4516,42,1,32167.57,0.1
11255,4517,78,4,61027.77,0.15
11256,4517,70,1,8288.85,0.1
11257,4518,22,1,101373.13,0.1
11258,4519,61,4,59250.67,0.2
11259,4519,98,2,107440.65,0.1
11260,4519,45,3,16072.3,0.1
11261,4520,93,2,34199.76,0.1
11262,4520,65,2,11138.22,0.15
11263,4521,93,3,34199.76,0.15
11264,4521,91,4,68165.0,0.1
11265,4521,2,1,9643.31,0.0
11266,4521,81,4,6985.99,0.15
11267,4522,19,1,73662.65,0.1
11268,4522,83,4,70278.9,0.2
11269,4522,81,4,6985.99,0.2
11270,4523,26,4,40496.99,0.0
11271,4523,7,3,47293.79,0.2
11272,4523,42,4,32167.57,0.2
11273,4524,31,4,58504.05,0.2
11274,4524,56,3,35450.02,0.1
11275,4524,9,4,57045.2,0.05
11276,4524,5,2,55610.54,0.15
11277,4525,44,4,29062.01,0.2
11278,4525,77,4,78913.67,0.1
11279,4525,32,3,58569.82,0.2
11280,4525,33,1,67830.72,0.05
11281,4526,17,1,3060.67,0.2
11282,4526,29,1,26756.43,0.0
11283,4527,30,3,59827.04,0.2
11284,4528,26,2,40496.99,0.2
11285,4529,35,4,64616.75,0.15
11286,4529,29,2,26756.43,0.15
11287,4530,69,1,38273.87,0.1
11288,4530,34,3,84343.9,0.2
11289,4530,76,1,61617.55,0.0
11290,4531,61,4,59250.67,0.05
11291,4532,65,1,11138.22,0.0
11292,4533,59,2,17097.25,0.05
11293,4533,93,4,34199.76,0.1
11294,4533,26,3,40496.99,0.05
11295,4534,99,4,9464.47,0.1
11296,4534,21,2,33408.11,0.05
11297,4534,14,4,112855.44,0.05
11298,4534,83,3,70278.9,0.1
11299,4535,90,3,62376.77,0.05
11300,4536,10,1,62096.2,0.2
11301,4536,60,4,48163.29,0.2
11302,4536,52,1,88567.93,0.2
11303,4537,23,2,78220.4,0.0
11304,4538,53,3,8406.45,0.1
11305,4538,69,4,38273.87,0.15
11306,4538,58,3,16793.42,0.05
11307,4539,52,2,88567.93,0.05
11308,4539,89,2,41133.84,0.15
11309,4539,23,4,78220.4,0.0
11310,4539,63,2,74324.62,0.15
11311,4540,32,4,58569.82,0.1
11312,4540,98,1,107440.65,0.15
11313,4540,26,3,40496.99,0.15
11314,4540,88,3,44854.54,0.1
11315,4541,64,3,6802.82,0.1
11316,4541,22,2,101373.13,0.0
11317,4541,76,3,61617.55,0.2
11318,4542,25,2,48553.67,0.0
11319,4542,27,3,45811.61,0.2
11320,4542,35,4,64616.75,0.2
11321,4543,69,3,38273.87,0.15
11322,4543,40,3,54298.36,0.15
11323,4543,57,4,74958.5,0.0
11324,4543,56,1,35450.02,0.2
11325,4544,20,3,65645.52,0.1
11326,4544,24,3,35138.54,0.05
11327,4544,31,3,58504.05,0.15
11328,4545,23,1,78220.4,0.1
11329,4545,92,4,50328.36,0.05
11330,4546,39,1,21356.09,0.05
11331,4546,41,2,34056.89,0.0
11332,4546,68,3,54854.09,0.2
11333,4546,79,2,71983.06,0.15
11334,4547,69,1,38273.87,0.05
11335,4547,56,3,35450.02,0.15
11336,4547,98,2,107440.65,0.15
11337,4548,90,4,62376.77,0.0
11338,4548,21,4,33408.11,0.0
11339,4548,17,2,3060.67,0.05
11340,4548,40,3,54298.36,0.0
11341,4549,84,1,20609.39,0.2
11342,4549,97,4,57944.43,0.0
11343,4549,71,1,98217.13,0.2
11344,4550,70,4,8288.85,0.1
11345,4550,24,4,35138.54,0.0
11346,4550,60,2,48163.29,0.2
11347,4550,19,4,73662.65,0.0
11348,4551,54,3,47164.35,0.2
11349,4552,20,3,65645.52,0.0
11350,4553,8,2,77134.84,0.15
11351,4554,97,1,57944.43,0.05
11352,4554,90,3,62376.77,0.1
11353,4554,69,1,38273.87,0.2
11354,4555,63,2,74324.62,0.15
11355,4555,24,1,35138.54,0.05
11356,4555,58,1,16793.42,0.0
11357,4556,75,1,44857.53,0.05
11358,4557,54,1,47164.35,0.2
11359,4558,29,4,26756.43,0.1
11360,4558,40,4,54298.36,0.15
11361,4558,85,4,33117.32,0.1
11362,4558,26,1,40496.99,0.1
11363,4559,97,4,57944.43,0.0
11364,4559,76,3,61617.55,0.0
11365,4559,90,4,62376.77,0.15
11366,4559,51,4,90551.07,0.05
11367,4560,23,2,78220.4,0.05
11368,4560,4,3,41953.2,0.05
11369,4560,54,3,47164.35,0.15
11370,4561,40,2,54298.36,0.2
11371,4561,12,2,43161.08,0.15
11372,4562,93,1,34199.76,0.15
11373,4562,98,1,107440.65,0.2
11374,4563,38,4,46602.83,0.1
11375,4564,67,3,28223.22,0.0
11376,4565,42,3,32167.57,0.1
11377,4565,50,3,32078.35,0.2
11378,4565,63,2,74324.62,0.15
11379,4565,42,1,32167.57,0.05
11380,4566,81,4,6985.99,0.05
11381,4566,19,4,73662.65,0.2
11382,4567,67,1,28223.22,0.0
11383,4567,99,4,9464.47,0.2
11384,4567,86,2,36743.45,0.15
11385,4568,5,3,55610.54,0.2
11386,4568,12,1,43161.08,0.05
11387,4568,63,2,74324.62,0.15
11388,4569,93,1,34199.76,0.05
11389,4569,85,4,33117.32,0.0
11390,4570,91,2,68165.0,0.1
11391,4571,15,2,45459.24,0.2
11392,4571,52,3,88567.93,0.05
11393,4571,73,4,29426.0,0.0
11394,4572,63,2,74324.62,0.2
11395,4573,78,3,61027.77,0.2
11396,4573,22,3,101373.13,0.2
11397,4574,46,2,83137.14,0.2
11398,4574,45,4,16072.3,0.2
11399,4574,94,1,24440.89,0.2
11400,4574,21,4,33408.11,0.2
11401,4575,33,2,67830.72,0.15
11402,4575,3,1,26786.94,0.05
11403,4575,16,4,64465.1,0.1
11404,4576,99,4,9464.47,0.05
11405,4576,85,4,33117.32,0.1
11406,4576,26,1,40496.99,0.15
11407,4576,71,4,98217.13,0.05
11408,4577,60,3,48163.29,0.0
11409,4578,91,4,68165.0,0.15
11410,4579,31,2,58504.05,0.2
11411,4579,100,4,56950.77,0.2
11412,4580,38,3,46602.83,0.0
11413,4580,72,2,18167.14,0.1
11414,4581,40,1,54298.36,0.1
11415,4582,68,4,54854.09,0.1
11416,4582,34,3,84343.9,0.15
11417,4582,85,1,33117.32,0.1
11418,4582,64,1,6802.82,0.2
11419,4583,29,4,26756.43,0.2
11420,4584,97,1,57944.43,0.15
11421,4584,71,1,98217.13,0.1
11422,4584,43,3,68409.25,0.1
11423,4585,14,4,112855.44,0.2
11424,4585,98,2,107440.65,0.05
11425,4585,76,3,61617.55,0.2
11426,4586,67,3,28223.22,0.1
11427,4586,84,3,20609.39,0.0
11428,4586,61,3,59250.67,0.15
11429,4587,24,1,35138.54,0.05
11430,4588,24,3,35138.54,0.1
11431,4588,8,1,77134.84,0.2
11432,4589,7,3,47293.79,0.15
11433,4589,73,4,29426.0,0.15
11434,4589,86,4,36743.45,0.0
11435,4590,17,1,3060.67,0.2
11436,4590,58,4,16793.42,0.05
11437,4591,13,2,21788.6,0.0
11438,4591,42,1,32167.57,0.2
11439,4591,80,3,50304.69,0.0
11440,4592,82,3,75348.3,0.05
11441,4593,95,2,74013.57,0.0
11442,4594,32,3,58569.82,0.15
11443,4594,95,3,74013.57,0.2
11444,4594,79,1,71983.06,0.1
11445,4595,34,3,84343.9,0.2
11446,4595,33,2,67830.72,0.2
11447,4595,11,1,29179.55,0.2
11448,4596,93,2,34199.76,0.0
11449,4597,21,4,33408.11,0.05
11450,4597,27,3,45811.61,0.05
11451,4597,42,2,32167.57,0.15
11452,4597,14,2,112855.44,0.2
11453,4598,81,4,6985.99,0.05
11454,4599,70,3,8288.85,0.15
11455,4599,16,4,64465.1,0.0
11456,4599,17,3,3060.67,0.1
11457,4599,3,4,26786.94,0.15
11458,4600,95,3,74013.57,0.05
11459,4600,44,2,29062.01,0.0
11460,4600,66,2,75655.91,0.1
11461,4601,15,1,45459.24,0.15
11462,4601,24,4,35138.54,0.2
11463,4601,55,4,11698.2,0.15
11464,4601,21,3,33408.11,0.15
11465,4602,62,2,77931.24,0.1
11466,4602,93,1,34199.76,0.2
11467,4602,31,3,58504.05,0.2
11468,4602,61,1,59250.67,0.2
11469,4603,92,3,50328.36,0.2
11470,4603,90,2,62376.77,0.1
11471,4604,1,4,17791.55,0.2
11472,4604,12,4,43161.08,0.15
11473,4604,99,1,9464.47,0.15
11474,4604,93,2,34199.76,0.15
11475,4605,33,4,67830.72,0.0
11476,4606,53,1,8406.45,0.2
11477,4606,58,3,16793.42,0.05
11478,4607,67,1,28223.22,0.15
11479,4608,76,2,61617.55,0.2
11480,4608,38,1,46602.83,0.0
11481,4609,89,1,41133.84,0.05
11482,4609,6,2,11835.67,0.2
11483,4609,4,1,41953.2,0.05
11484,4609,96,4,57246.92,0.15
11485,4610,18,3,25661.34,0.1
11486,4610,100,2,56950.77,0.2
11487,4611,29,2,26756.43,0.1
11488,4612,37,4,32224.91,0.1
11489,4612,3,4,26786.94,0.0
11490,4613,95,1,74013.57,0.1
11491,4613,36,3,94947.11,0.1
11492,4613,17,2,3060.67,0.15
11493,4613,49,4,1098.73,0.15
11494,4614,16,4,64465.1,0.15
11495,4614,79,3,71983.06,0.1
11496,4614,8,3,77134.84,0.0
11497,4615,50,1,32078.35,0.05
11498,4615,40,4,54298.36,0.1
11499,4615,4,3,41953.2,0.2
11500,4616,6,2,11835.67,0.15
11501,4616,52,1,88567.93,0.2
11502,4617,40,3,54298.36,0.2
11503,4617,13,2,21788.6,0.0
11504,4618,14,3,112855.44,0.0
11505,4618,81,2,6985.99,0.1
11506,4618,74,1,65143.62,0.05
11507,4619,61,2,59250.67,0.2
11508,4619,84,4,20609.39,0.1
11509,4619,7,4,47293.79,0.0
11510,4620,69,2,38273.87,0.05
11511,4620,76,4,61617.55,0.05
11512,4620,21,1,33408.11,0.0
11513,4620,54,4,47164.35,0.05
11514,4621,77,4,78913.67,0.1
11515,4621,61,1,59250.67,0.2
11516,4621,25,3,48553.67,0.15
11517,4622,67,2,28223.22,0.0
11518,4622,76,4,61617.55,0.1
11519,4622,1,1,17791.55,0.15
11520,4622,57,4,74958.5,0.05
11521,4623,51,4,90551.07,0.1
11522,4623,37,2,32224.91,0.2
11523,4623,5,2,55610.54,0.0
11524,4623,9,3,57045.2,0.1
11525,4624,76,1,61617.55,0.15
11526,4625,83,4,70278.9,0.15
11527,4625,42,1,32167.57,0.2
11528,4626,94,1,24440.89,0.05
11529,4626,93,3,34199.76,0.1
11530,4627,67,2,28223.22,0.2
11531,4628,59,1,17097.25,0.2
11532,4629,97,4,57944.43,0.2
11533,4629,61,1,59250.67,0.15
11534,4629,94,1,24440.89,0.05
11535,4629,98,3,107440.65,0.05
11536,4630,20,4,65645.52,0.15
11537,4630,67,1,28223.22,0.05
11538,4631,74,2,65143.62,0.15
11539,4632,83,4,70278.9,0.1
11540,4632,35,4,64616.75,0.1
11541,4633,87,1,3831.22,0.05
11542,4633,49,3,1098.73,0.15
11543,4634,39,4,21356.09,0.1
11544,4635,16,3,64465.1,0.05
11545,4636,33,3,67830.72,0.05
11546,4636,98,4,107440.65,0.1
11547,4636,72,2,18167.14,0.15
11548,4636,73,1,29426.0,0.2
11549,4637,90,3,62376.77,0.05
11550,4637,27,3,45811.61,0.0
11551,4637,67,4,28223.22,0.2
11552,4637,38,4,46602.83,0.0
11553,4638,85,2,33117.32,0.2
11554,4638,43,4,68409.25,0.0
11555,4639,86,1,36743.45,0.05
11556,4639,75,4,44857.53,0.2
11557,4639,78,1,61027.77,0.0
11558,4640,93,3,34199.76,0.0
11559,4640,80,3,50304.69,0.15
11560,4640,33,3,67830.72,0.0
11561,4640,53,4,8406.45,0.0
11562,4641,48,3,18316.15,0.15
11563,4641,7,1,47293.79,0.2
11564,4641,60,3,48163.29,0.15
11565,4641,44,2,29062.01,0.2
11566,4642,40,3,54298.36,0.1
11567,4643,11,2,29179.55,0.15
11568,4643,51,1,90551.07,0.2
11569,4643,58,3,16793.42,0.1
11570,4643,11,1,29179.55,0.0
11571,4644,64,2,6802.82,0.05
11572,4645,17,3,3060.67,0.15
11573,4646,15,4,45459.24,0.2
11574,4646,41,2,34056.89,0.15
11575,4647,39,2,21356.09,0.1
11576,4647,92,2,50328.36,0.05
11577,4647,7,3,47293.79,0.15
11578,4648,35,1,64616.75,0.2
11579,4649,74,3,65143.62,0.05
11580,4649,25,4,48553.67,0.1
11581,4650,99,1,9464.47,0.1
11582,4650,75,4,44857.53,0.05
11583,4651,95,3,74013.57,0.1
11584,4651,95,3,74013.57,0.0
11585,4652,11,3,29179.55,0.1
11586,4652,46,4,83137.14,0.0
11587,4652,75,3,44857.53,0.1
11588,4652,1,4,17791.55,0.2
11589,4653,46,2,83137.14,0.0
11590,4653,69,1,38273.87,0.05
11591,4654,80,3,50304.69,0.15
11592,4655,42,1,32167.57,0.2
11593,4656,87,1,3831.22,0.2
11594,4657,68,1,54854.09,0.0
11595,4658,5,2,55610.54,0.05
11596,4658,28,1,24101.49,0.2
11597,4658,94,3,24440.89,0.1
11598,4659,1,3,17791.55,0.2
11599,4659,11,1,29179.55,0.0
11600,4660,35,2,64616.75,0.0
11601,4660,100,4,56950.77,0.05
11602,4661,71,4,98217.13,0.0
11603,4661,15,1,45459.24,0.2
11604,4661,40,3,54298.36,0.2
11605,4661,94,2,24440.89,0.05
11606,4662,22,2,101373.13,0.0
11607,4662,58,3,16793.42,0.0
11608,4662,47,4,66318.14,0.05
11609,4663,77,3,78913.67,0.15
11610,4664,76,4,61617.55,0.2
11611,4664,84,4,20609.39,0.1
11612,4665,12,4,43161.08,0.2
11613,4665,46,4,83137.14,0.2
11614,4666,70,4,8288.85,0.15
11615,4666,42,2,32167.57,0.0
11616,4666,67,4,28223.22,0.2
11617,4666,64,4,6802.82,0.2
11618,4667,38,3,46602.83,0.1
11619,4667,11,3,29179.55,0.1
11620,4668,98,4,107440.65,0.15
11621,4669,83,1,70278.9,0.1
11622,4669,90,1,62376.77,0.05
11623,4669,30,4,59827.04,0.15
11624,4670,32,3,58569.82,0.15
11625,4670,33,3,67830.72,0.0
11626,4671,4,3,41953.2,0.15
11627,4672,17,3,3060.67,0.0
11628,4672,31,1,58504.05,0.1
11629,4672,99,2,9464.47,0.0
11630,4673,21,1,33408.11,0.2
11631,4674,51,2,90551.07,0.15
11632,4674,55,1,11698.2,0.1
11633,4674,36,4,94947.11,0.1
11634,4674,92,2,50328.36,0.15
11635,4675,10,3,62096.2,0.0
11636,4675,88,1,44854.54,0.1
11637,4675,75,1,44857.53,0.15
11638,4675,31,2,58504.05,0.05
11639,4676,77,4,78913.67,0.1
11640,4676,43,4,68409.25,0.05
11641,4677,98,3,107440.65,0.0
11642,4677,4,3,41953.2,0.2
11643,4677,3,3,26786.94,0.1
11644,4678,55,3,11698.2,0.05
11645,4678,94,3,24440.89,0.05
11646,4678,7,1,47293.79,0.15
11647,4679,78,2,61027.77,0.0
11648,4679,94,4,24440.89,0.1
11649,4679,49,2,1098.73,0.05
11650,4680,87,1,3831.22,0.2
11651,4681,76,3,61617.55,0.15
11652,4681,22,2,101373.13,0.15
11653,4682,86,3,36743.45,0.0
11654,4683,70,3,8288.85,0.0
11655,4683,2,3,9643.31,0.1
11656,4683,57,4,74958.5,0.05
11657,4684,66,3,75655.91,0.15
11658,4685,81,4,6985.99,0.15
11659,4685,78,1,61027.77,0.05
11660,4685,48,4,18316.15,0.0
11661,4686,30,2,59827.04,0.05
11662,4686,20,3,65645.52,0.1
11663,4686,9,1,57045.2,0.05
11664,4687,64,3,6802.82,0.05
11665,4687,96,1,57246.92,0.05
11666,4687,9,3,57045.2,0.0
11667,4687,71,1,98217.13,0.15
11668,4688,59,1,17097.25,0.2
11669,4688,18,1,25661.34,0.2
11670,4689,22,2,101373.13,0.2
11671,4690,29,4,26756.43,0.15
11672,4690,69,4,38273.87,0.15
11673,4690,30,1,59827.04,0.0
11674,4691,83,4,70278.9,0.05
11675,4692,37,3,32224.91,0.15
11676,4693,11,2,29179.55,0.2
11677,4693,10,4,62096.2,0.2
11678,4693,41,1,34056.89,0.15
11679,4693,41,1,34056.89,0.0
11680,4694,74,1,65143.62,0.2
11681,4694,48,1,18316.15,0.05
11682,4694,17,2,3060.67,0.0
11683,4694,22,1,101373.13,0.15
11684,4695,57,1,74958.5,0.0
11685,4695,34,2,84343.9,0.05
11686,4695,68,3,54854.09,0.15
11687,4696,93,4,34199.76,0.2
11688,4696,36,1,94947.11,0.2
11689,4696,56,3,35450.02,0.0
11690,4696,84,1,20609.39,0.0
11691,4697,22,4,101373.13,0.2
11692,4698,52,2,88567.93,0.05
11693,4699,31,4,58504.05,0.0
11694,4699,63,4,74324.62,0.1
11695,4700,75,2,44857.53,0.15
11696,4701,15,2,45459.24,0.2
11697,4701,19,2,73662.65,0.1
11698,4701,3,2,26786.94,0.15
11699,4701,2,2,9643.31,0.1
11700,4702,6,3,11835.67,0.2
11701,4703,71,2,98217.13,0.1
11702,4703,91,4,68165.0,0.15
11703,4703,41,2,34056.89,0.2
11704,4704,89,2,41133.84,0.2
11705,4704,73,2,29426.0,0.1
11706,4704,81,3,6985.99,0.1
11707,4704,74,1,65143.62,0.1
11708,4705,20,2,65645.52,0.0
11709,4705,53,2,8406.45,0.05
11710,4705,53,3,8406.45,0.15
11711,4706,65,1,11138.22,0.0
11712,4707,80,2,50304.69,0.15
11713,4707,12,3,43161.08,0.1
11714,4708,68,4,54854.09,0.1
11715,4708,84,2,20609.39,0.2
11716,4708,12,4,43161.08,0.05
11717,4709,42,3,32167.57,0.15
11718,4709,90,4,62376.77,0.15
11719,4709,3,1,26786.94,0.2
11720,4709,17,4,3060.67,0.2
11721,4710,81,2,6985.99,0.1
11722,4710,18,1,25661.34,0.05
11723,4711,71,1,98217.13,0.15
11724,4711,91,3,68165.0,0.2
11725,4712,50,3,32078.35,0.05
11726,4712,49,1,1098.73,0.05
11727,4712,43,4,68409.25,0.1
11728,4712,38,2,46602.83,0.0
11729,4713,39,3,21356.09,0.05
11730,4713,56,3,35450.02,0.0
11731,4713,90,3,62376.77,0.15
11732,4713,99,3,9464.47,0.1
11733,4714,87,4,3831.22,0.15
11734,4714,12,3,43161.08,0.0
11735,4715,31,4,58504.05,0.1
11736,4716,76,4,61617.55,0.15
11737,4716,55,2,11698.2,0.15
11738,4716,34,3,84343.9,0.15
11739,4717,32,1,58569.82,0.0
11740,4717,12,4,43161.08,0.1
11741,4717,34,4,84343.9,0.1
11742,4717,43,4,68409.25,0.2
11743,4718,42,3,32167.57,0.15
11744,4718,55,4,11698.2,0.2
11745,4718,28,4,24101.49,0.0
11746,4718,21,1,33408.11,0.1
11747,4719,89,2,41133.84,0.15
11748,4719,41,3,34056.89,0.0
11749,4720,26,2,40496.99,0.15
11750,4721,64,3,6802.82,0.05
11751,4721,55,3,11698.2,0.0
11752,4721,58,4,16793.42,0.15
11753,4722,23,4,78220.4,0.1
11754,4722,73,1,29426.0,0.1
11755,4722,20,2,65645.52,0.05
11756,4722,84,2,20609.39,0.15
11757,4723,43,3,68409.25,0.15
11758,4723,41,2,34056.89,0.15
11759,4723,39,4,21356.09,0.15
11760,4723,43,2,68409.25,0.15
11761,4724,67,2,28223.22,0.0
11762,4725,50,4,32078.35,0.0
11763,4725,13,2,21788.6,0.2
11764,4726,57,1,74958.5,0.05
11765,4726,27,2,45811.61,0.1
11766,4727,11,2,29179.55,0.05
11767,4728,84,3,20609.39,0.2
11768,4728,32,3,58569.82,0.2
11769,4728,60,3,48163.29,0.1
11770,4728,18,2,25661.34,0.15
11771,4729,34,3,84343.9,0.1
11772,4730,39,1,21356.09,0.15
11773,4730,14,1,112855.44,0.2
11774,4730,98,3,107440.65,0.15
11775,4731,32,4,58569.82,0.0
11776,4731,59,3,17097.25,0.1
11777,4731,57,1,74958.5,0.2
11778,4731,43,4,68409.25,0.0
11779,4732,59,2,17097.25,0.05
11780,4732,57,3,74958.5,0.05
11781,4732,9,4,57045.2,0.15
11782,4733,67,4,28223.22,0.0
11783,4733,12,1,43161.08,0.15
11784,4733,44,1,29062.01,0.0
11785,4733,37,3,32224.91,0.2
11786,4734,45,4,16072.3,0.05
11787,4734,8,4,77134.84,0.1
11788,4735,71,3,98217.13,0.15
11789,4735,42,1,32167.57,0.05
11790,4735,7,3,47293.79,0.0
11791,4735,1,3,17791.55,0.2
11792,4736,55,2,11698.2,0.0
11793,4736,67,3,28223.22,0.1
11794,4737,55,1,11698.2,0.0
11795,4738,73,4,29426.0,0.15
11796,4738,76,1,61617.55,0.05
11797,4739,88,4,44854.54,0.2
11798,4739,99,4,9464.47,0.05
11799,4740,89,3,41133.84,0.15
11800,4740,80,4,50304.69,0.0
11801,4740,44,4,29062.01,0.0
11802,4741,51,1,90551.07,0.05
11803,4741,62,3,77931.24,0.2
11804,4742,17,3,3060.67,0.2
11805,4742,68,4,54854.09,0.15
11806,4743,59,3,17097.25,0.05
11807,4743,53,3,8406.45,0.05
11808,4744,84,3,20609.39,0.05
11809,4744,69,1,38273.87,0.05
11810,4745,94,2,24440.89,0.1
11811,4745,98,2,107440.65,0.15
11812,4745,83,4,70278.9,0.05
11813,4746,30,4,59827.04,0.0
11814,4746,19,3,73662.65,0.1
11815,4747,30,1,59827.04,0.05
11816,4747,72,3,18167.14,0.1
11817,4747,87,2,3831.22,0.15
11818,4747,89,3,41133.84,0.2
11819,4748,69,2,38273.87,0.1
11820,4748,69,3,38273.87,0.2
11821,4749,96,1,57246.92,0.05
11822,4749,69,1,38273.87,0.15
11823,4749,15,1,45459.24,0.2
11824,4749,51,4,90551.07,0.05
11825,4750,36,1,94947.11,0.15
11826,4750,64,2,6802.82,0.1
11827,4751,64,2,6802.82,0.2
11828,4752,30,4,59827.04,0.05
11829,4753,30,2,59827.04,0.2
11830,4753,9,4,57045.2,0.15
11831,4753,30,4,59827.04,0.15
11832,4753,83,3,70278.9,0.0
11833,4754,66,2,75655.91,0.0
11834,4754,95,3,74013.57,0.15
11835,4754,93,3,34199.76,0.1
11836,4754,86,1,36743.45,0.05
11837,4755,18,4,25661.34,0.2
11838,4756,34,2,84343.9,0.1
11839,4756,6,4,11835.67,0.1
11840,4756,10,3,62096.2,0.05
11841,4757,24,4,35138.54,0.2
11842,4757,29,1,26756.43,0.05
11843,4757,2,1,9643.31,0.05
11844,4758,85,1,33117.32,0.15
11845,4759,53,4,8406.45,0.0
11846,4759,66,4,75655.91,0.1
11847,4760,66,4,75655.91,0.1
11848,4760,97,2,57944.43,0.05
11849,4760,15,2,45459.24,0.15
11850,4761,35,2,64616.75,0.0
11851,4761,31,4,58504.05,0.2
11852,4761,56,2,35450.02,0.2
11853,4761,53,3,8406.45,0.0
11854,4762,80,3,50304.69,0.1
11855,4762,57,2,74958.5,0.0
11856,4762,24,2,35138.54,0.15
11857,4762,57,3,74958.5,0.05
11858,4763,97,4,57944.43,0.1
11859,4764,58,1,16793.42,0.2
11860,4765,60,3,48163.29,0.15
11861,4765,18,1,25661.34,0.2
11862,4766,1,1,17791.55,0.15
11863,4767,21,3,33408.11,0.1
11864,4767,3,2,26786.94,0.0
11865,4767,46,2,83137.14,0.0
11866,4768,89,1,41133.84,0.1
11867,4769,45,4,16072.3,0.1
11868,4770,65,4,11138.22,0.1
11869,4771,86,4,36743.45,0.2
11870,4771,77,1,78913.67,0.0
11871,4772,66,1,75655.91,0.15
11872,4772,79,1,71983.06,0.15
11873,4772,29,1,26756.43,0.15
11874,4772,43,2,68409.25,0.05
11875,4773,40,3,54298.36,0.1
11876,4774,80,1,50304.69,0.0
11877,4774,41,2,34056.89,0.0
11878,4774,94,3,24440.89,0.2
11879,4774,19,2,73662.65,0.15
11880,4775,18,2,25661.34,0.2
11881,4775,72,3,18167.14,0.15
11882,4776,77,4,78913.67,0.05
11883,4777,68,2,54854.09,0.2
11884,4777,31,1,58504.05,0.15
11885,4778,1,4,17791.55,0.0
11886,4778,33,3,67830.72,0.0
11887,4778,47,2,66318.14,0.15
11888,4779,42,3,32167.57,0.15
11889,4780,93,4,34199.76,0.0
11890,4781,87,1,3831.22,0.1
11891,4781,78,4,61027.77,0.2
11892,4781,3,3,26786.94,0.15
11893,4781,13,3,21788.6,0.2
11894,4782,44,4,29062.01,0.05
11895,4782,63,2,74324.62,0.0
11896,4782,69,4,38273.87,0.05
11897,4783,30,3,59827.04,0.15
11898,4783,12,4,43161.08,0.2
11899,4784,33,2,67830.72,0.15
11900,4784,80,3,50304.69,0.0
11901,4784,99,2,9464.47,0.1
11902,4784,95,2,74013.57,0.0
11903,4785,60,2,48163.29,0.15
11904,4785,10,4,62096.2,0.1
11905,4785,97,4,57944.43,0.1
11906,4785,16,1,64465.1,0.1
11907,4786,27,4,45811.61,0.15
11908,4786,98,3,107440.65,0.0
11909,4787,51,1,90551.07,0.2
11910,4787,20,4,65645.52,0.1
11911,4787,51,1,90551.07,0.1
11912,4788,8,4,77134.84,0.05
11913,4789,32,2,58569.82,0.0
11914,4789,96,4,57246.92,0.15
11915,4790,30,2,59827.04,0.05
11916,4790,90,1,62376.77,0.2
11917,4790,55,4,11698.2,0.15
11918,4791,66,3,75655.91,0.1
11919,4792,71,2,98217.13,0.0
11920,4792,56,1,35450.02,0.1
11921,4792,4,4,41953.2,0.2
11922,4792,92,4,50328.36,0.1
11923,4793,48,2,18316.15,0.15
11924,4793,66,3,75655.91,0.0
11925,4793,56,1,35450.02,0.1
11926,4793,66,1,75655.91,0.15
11927,4794,36,3,94947.11,0.1
11928,4794,85,4,33117.32,0.2
11929,4795,23,4,78220.4,0.1
11930,4795,66,2,75655.91,0.2
11931,4796,58,1,16793.42,0.15
11932,4797,51,3,90551.07,0.2
11933,4797,3,3,26786.94,0.1
11934,4797,39,4,21356.09,0.1
11935,4798,5,1,55610.54,0.05
11936,4799,51,3,90551.07,0.15
11937,4799,69,3,38273.87,0.2
11938,4800,53,3,8406.45,0.0
11939,4800,76,1,61617.55,0.2
11940,4800,37,1,32224.91,0.2
11941,4801,31,3,58504.05,0.15
11942,4801,45,1,16072.3,0.1
11943,4801,23,3,78220.4,0.2
11944,4802,81,1,6985.99,0.05
11945,4802,81,4,6985.99,0.15
11946,4802,42,2,32167.57,0.2
11947,4803,80,2,50304.69,0.2
11948,4804,3,2,26786.94,0.1
11949,4804,16,2,64465.1,0.05
11950,4804,29,3,26756.43,0.2
11951,4804,39,3,21356.09,0.15
11952,4805,24,3,35138.54,0.15
11953,4805,52,4,88567.93,0.15
11954,4805,80,1,50304.69,0.2
11955,4806,46,4,83137.14,0.1
11956,4806,45,3,16072.3,0.1
11957,4806,6,2,11835.67,0.2
11958,4806,29,4,26756.43,0.1
11959,4807,81,3,6985.99,0.05
11960,4807,82,1,75348.3,0.15
11961,4808,11,1,29179.55,0.05
11962,4808,2,3,9643.31,0.0
11963,4808,84,3,20609.39,0.05
11964,4808,18,1,25661.34,0.0
11965,4809,58,3,16793.42,0.2
11966,4809,83,3,70278.9,0.2
11967,4810,79,4,71983.06,0.05
11968,4810,56,3,35450.02,0.2
11969,4810,38,4,46602.83,0.15
11970,4810,78,1,61027.77,0.2
11971,4811,70,4,8288.85,0.0
11972,4812,84,2,20609.39,0.0
11973,4813,52,3,88567.93,0.2
11974,4813,95,4,74013.57,0.05
11975,4813,77,4,78913.67,0.1
11976,4814,7,1,47293.79,0.2
11977,4814,30,1,59827.04,0.05
11978,4814,80,3,50304.69,0.0
11979,4815,12,4,43161.08,0.15
11980,4815,71,3,98217.13,0.1
11981,4815,35,1,64616.75,0.0
11982,4816,21,1,33408.11,0.05
11983,4816,54,3,47164.35,0.1
11984,4817,94,3,24440.89,0.2
11985,4817,90,4,62376.77,0.05
11986,4817,41,3,34056.89,0.1
11987,4817,1,2,17791.55,0.0
11988,4818,89,1,41133.84,0.05
11989,4818,90,4,62376.77,0.05
11990,4819,61,4,59250.67,0.1
11991,4819,63,1,74324.62,0.15
11992,4819,53,2,8406.45,0.0
11993,4820,2,2,9643.31,0.0
11994,4820,16,3,64465.1,0.15
11995,4820,15,4,45459.24,0.05
11996,4820,92,1,50328.36,0.15
11997,4821,5,4,55610.54,0.0
11998,4821,56,1,35450.02,0.15
11999,4821,37,4,32224.91,0.2
12000,4822,1,3,17791.55,0.1
12001,4822,92,1,50328.36,0.1
12002,4822,2,3,9643.31,0.05
12003,4823,86,2,36743.45,0.05
12004,4823,78,2,61027.77,0.0
12005,4823,80,1,50304.69,0.1
12006,4823,17,3,3060.67,0.2
12007,4824,89,4,41133.84,0.0
12008,4824,60,3,48163.29,0.1
12009,4824,41,4,34056.89,0.2
12010,4824,69,2,38273.87,0.1
12011,4825,35,3,64616.75,0.15
12012,4825,28,4,24101.49,0.05
12013,4826,29,2,26756.43,0.15
12014,4826,57,3,74958.5,0.2
12015,4827,61,1,59250.67,0.1
12016,4828,25,3,48553.67,0.15
12017,4828,25,4,48553.67,0.15
12018,4828,95,4,74013.57,0.0
12019,4829,52,2,88567.93,0.0
12020,4829,87,3,3831.22,0.15
12021,4829,34,3,84343.9,0.05
12022,4829,29,4,26756.43,0.1
12023,4830,29,4,26756.43,0.1
12024,4830,53,4,8406.45,0.15
12025,4831,78,4,61027.77,0.2
12026,4831,51,2,90551.07,0.2
12027,4832,30,2,59827.04,0.0
12028,4833,97,2,57944.43,0.15
12029,4833,58,2,16793.42,0.15
12030,4834,40,4,54298.36,0.2
12031,4835,1,4,17791.55,0.1
12032,4835,57,4,74958.5,0.1
12033,4835,63,3,74324.62,0.1
12034,4835,93,1,34199.76,0.05
12035,4836,24,1,35138.54,0.05
12036,4836,17,2,3060.67,0.15
12037,4836,100,3,56950.77,0.0
12038,4837,56,2,35450.02,0.15
12039,4838,3,3,26786.94,0.2
12040,4839,11,4,29179.55,0.05
12041,4839,48,2,18316.15,0.05
12042,4839,62,4,77931.24,0.1
12043,4839,25,3,48553.67,0.2
12044,4840,37,4,32224.91,0.0
12045,4840,74,1,65143.62,0.1
12046,4840,97,2,57944.43,0.05
12047,4840,50,4,32078.35,0.2
12048,4841,42,4,32167.57,0.2
12049,4841,37,3,32224.91,0.0
12050,4841,14,1,112855.44,0.0
12051,4841,6,1,11835.67,0.0
12052,4842,84,2,20609.39,0.2
12053,4843,4,4,41953.2,0.2
12054,4844,83,2,70278.9,0.05
12055,4845,25,4,48553.67,0.0
12056,4845,70,3,8288.85,0.15
12057,4845,96,1,57246.92,0.2
12058,4845,75,3,44857.53,0.2
12059,4846,73,2,29426.0,0.1
12060,4846,27,1,45811.61,0.15
12061,4846,60,3,48163.29,0.2
12062,4846,65,1,11138.22,0.2
12063,4847,43,4,68409.25,0.1
12064,4847,4,4,41953.2,0.05
12065,4847,92,4,50328.36,0.05
12066,4847,20,1,65645.52,0.05
12067,4848,98,4,107440.65,0.2
12068,4849,94,2,24440.89,0.15
12069,4850,2,3,9643.31,0.2
12070,4850,74,1,65143.62,0.15
12071,4850,64,4,6802.82,0.1
12072,4850,24,2,35138.54,0.15
12073,4851,82,3,75348.3,0.15
12074,4851,12,2,43161.08,0.15
12075,4851,25,4,48553.67,0.05
12076,4851,95,3,74013.57,0.05
12077,4852,75,2,44857.53,0.0
12078,4852,12,2,43161.08,0.05
12079,4852,15,1,45459.24,0.2
12080,4853,26,2,40496.99,0.2
12081,4854,8,4,77134.84,0.0
12082,4855,19,4,73662.65,0.1
12083,4856,58,4,16793.42,0.2
12084,4856,1,1,17791.55,0.15
12085,4856,29,2,26756.43,0.15
12086,4857,32,4,58569.82,0.1
12087,4857,98,2,107440.65,0.05
12088,4857,98,1,107440.65,0.2
12089,4857,85,2,33117.32,0.0
12090,4858,35,4,64616.75,0.2
12091,4858,53,4,8406.45,0.2
12092,4858,51,1,90551.07,0.05
12093,4859,87,4,3831.22,0.1
12094,4859,75,3,44857.53,0.2
12095,4860,91,4,68165.0,0.1
12096,4860,56,3,35450.02,0.05
12097,4860,92,3,50328.36,0.0
12098,4860,75,3,44857.53,0.1
12099,4861,74,3,65143.62,0.05
12100,4862,67,4,28223.22,0.2
12101,4862,34,3,84343.9,0.2
12102,4862,61,1,59250.67,0.05
12103,4862,36,1,94947.11,0.05
12104,4863,65,2,11138.22,0.05
12105,4863,26,2,40496.99,0.1
12106,4863,80,4,50304.69,0.15
12107,4863,58,1,16793.42,0.0
12108,4864,72,4,18167.14,0.2
12109,4864,23,1,78220.4,0.15
12110,4864,80,2,50304.69,0.0
12111,4865,81,2,6985.99,0.05
12112,4865,15,3,45459.24,0.15
12113,4865,36,1,94947.11,0.1
12114,4865,68,4,54854.09,0.1
12115,4866,88,1,44854.54,0.0
12116,4866,74,4,65143.62,0.1
12117,4866,48,3,18316.15,0.15
12118,4867,30,4,59827.04,0.15
12119,4867,91,4,68165.0,0.1
12120,4868,88,4,44854.54,0.1
12121,4868,90,2,62376.77,0.05
12122,4869,31,2,58504.05,0.15
12123,4869,44,3,29062.01,0.15
12124,4869,25,3,48553.67,0.15
12125,4869,96,4,57246.92,0.15
12126,4870,87,2,3831.22,0.2
12127,4870,18,2,25661.34,0.2
12128,4870,25,1,48553.67,0.2
12129,4871,56,1,35450.02,0.05
12130,4872,42,4,32167.57,0.0
12131,4872,46,4,83137.14,0.0
12132,4872,37,3,32224.91,0.15
12133,4872,68,2,54854.09,0.2
12134,4873,90,1,62376.77,0.15
12135,4874,92,1,50328.36,0.15
12136,4874,46,3,83137.14,0.0
12137,4874,83,3,70278.9,0.1
12138,4875,70,2,8288.85,0.15
12139,4876,20,1,65645.52,0.0
12140,4876,80,1,50304.69,0.15
12141,4876,36,3,94947.11,0.05
12142,4877,63,3,74324.62,0.0
12143,4877,73,2,29426.0,0.15
12144,4878,95,3,74013.57,0.1
12145,4878,95,4,74013.57,0.1
12146,4879,81,3,6985.99,0.1
12147,4879,51,2,90551.07,0.15
12148,4879,41,1,34056.89,0.1
12149,4880,45,4,16072.3,0.2
12150,4880,96,3,57246.92,0.2
12151,4880,21,2,33408.11,0.1
12152,4880,53,1,8406.45,0.0
12153,4881,68,4,54854.09,0.05
12154,4881,3,4,26786.94,0.15
12155,4882,64,2,6802.82,0.05
12156,4882,27,2,45811.61,0.15
12157,4882,29,3,26756.43,0.15
12158,4882,63,4,74324.62,0.1
12159,4883,1,3,17791.55,0.0
12160,4883,16,1,64465.1,0.1
12161,4884,46,1,83137.14,0.15
12162,4885,59,1,17097.25,0.0
12163,4886,11,2,29179.55,0.2
12164,4887,37,2,32224.91,0.0
12165,4887,31,3,58504.05,0.1
12166,4887,54,4,47164.35,0.1
12167,4888,31,1,58504.05,0.15
12168,4888,1,4,17791.55,0.05
12169,4888,54,2,47164.35,0.05
12170,4889,85,3,33117.32,0.2
12171,4889,59,1,17097.25,0.05
12172,4890,37,2,32224.91,0.15
12173,4890,49,4,1098.73,0.05
12174,4891,15,1,45459.24,0.0
12175,4891,24,2,35138.54,0.1
12176,4891,44,3,29062.01,0.05
12177,4891,60,3,48163.29,0.05
12178,4892,49,2,1098.73,0.2
12179,4892,97,2,57944.43,0.15
12180,4892,64,4,6802.82,0.05
12181,4893,3,1,26786.94,0.1
12182,4894,53,2,8406.45,0.15
12183,4895,59,2,17097.25,0.0
12184,4895,5,4,55610.54,0.0
12185,4896,39,4,21356.09,0.1
12186,4896,88,4,44854.54,0.2
12187,4897,36,1,94947.11,0.2
12188,4897,46,1,83137.14,0.1
12189,4897,23,2,78220.4,0.15
12190,4897,8,2,77134.84,0.1
12191,4898,32,1,58569.82,0.2
12192,4898,78,4,61027.77,0.1
12193,4898,99,4,9464.47,0.2
12194,4899,67,2,28223.22,0.05
12195,4899,84,4,20609.39,0.2
12196,4899,65,3,11138.22,0.15
12197,4899,66,3,75655.91,0.15
12198,4900,43,4,68409.25,0.0
12199,4900,7,1,47293.79,0.2
12200,4900,42,1,32167.57,0.0
12201,4901,87,2,3831.22,0.2
12202,4901,54,4,47164.35,0.0
12203,4902,77,3,78913.67,0.2
12204,4902,6,2,11835.67,0.15
12205,4902,21,1,33408.11,0.05
12206,4903,30,3,59827.04,0.2
12207,4903,36,2,94947.11,0.05
12208,4903,99,2,9464.47,0.0
12209,4904,47,4,66318.14,0.0
12210,4904,67,3,28223.22,0.2
12211,4904,65,1,11138.22,0.05
12212,4905,42,1,32167.57,0.2
12213,4906,97,2,57944.43,0.0
12214,4906,23,1,78220.4,0.0
12215,4906,4,2,41953.2,0.2
12216,4907,75,2,44857.53,0.0
12217,4907,66,4,75655.91,0.15
12218,4908,27,2,45811.61,0.05
12219,4908,87,2,3831.22,0.1
12220,4908,17,3,3060.67,0.0
12221,4908,26,3,40496.99,0.05
12222,4909,16,1,64465.1,0.15
12223,4909,19,1,73662.65,0.1
12224,4909,73,1,29426.0,0.1
12225,4909,71,4,98217.13,0.2
12226,4910,65,1,11138.22,0.1
12227,4910,87,4,3831.22,0.2
12228,4910,7,2,47293.79,0.15
12229,4911,63,4,74324.62,0.1
12230,4911,12,1,43161.08,0.05
12231,4911,96,2,57246.92,0.05
12232,4911,64,1,6802.82,0.2
12233,4912,76,4,61617.55,0.05
12234,4912,58,3,16793.42,0.15
12235,4912,39,1,21356.09,0.0
12236,4913,69,3,38273.87,0.05
12237,4914,84,4,20609.39,0.2
12238,4914,18,3,25661.34,0.1
12239,4914,88,4,44854.54,0.2
12240,4915,73,2,29426.0,0.05
12241,4915,9,2,57045.2,0.15
12242,4915,94,4,24440.89,0.2
12243,4915,19,3,73662.65,0.2
12244,4916,61,3,59250.67,0.1
12245,4917,13,4,21788.6,0.15
12246,4918,20,3,65645.52,0.2
12247,4918,65,1,11138.22,0.2
12248,4919,68,1,54854.09,0.2
12249,4919,69,4,38273.87,0.0
12250,4919,35,1,64616.75,0.1
12251,4919,83,3,70278.9,0.15
12252,4920,5,2,55610.54,0.15
12253,4920,86,3,36743.45,0.0
12254,4920,31,1,58504.05,0.1
12255,4921,63,2,74324.62,0.0
12256,4921,91,3,68165.0,0.0
12257,4921,26,1,40496.99,0.0
12258,4921,42,2,32167.57,0.2
12259,4922,83,4,70278.9,0.05
12260,4922,87,1,3831.22,0.1
12261,4922,24,3,35138.54,0.05
12262,4922,51,1,90551.07,0.2
12263,4923,34,3,84343.9,0.2
12264,4923,52,1,88567.93,0.15
12265,4923,38,3,46602.83,0.2
12266,4924,1,2,17791.55,0.0
12267,4924,93,3,34199.76,0.2
12268,4924,64,1,6802.82,0.1
12269,4925,47,3,66318.14,0.1
12270,4925,11,3,29179.55,0.0
12271,4926,8,1,77134.84,0.2
12272,4927,48,2,18316.15,0.0
12273,4927,65,3,11138.22,0.2
12274,4928,27,3,45811.61,0.15
12275,4928,75,3,44857.53,0.15
12276,4928,40,4,54298.36,0.0
12277,4929,2,2,9643.31,0.15
12278,4930,54,4,47164.35,0.2
12279,4931,19,4,73662.65,0.05
12280,4932,2,3,9643.31,0.1
12281,4932,14,1,112855.44,0.0
12282,4932,29,2,26756.43,0.1
12283,4933,52,1,88567.93,0.15
12284,4933,99,3,9464.47,0.05
12285,4933,22,2,101373.13,0.15
12286,4933,6,4,11835.67,0.0
12287,4934,20,3,65645.52,0.15
12288,4934,32,2,58569.82,0.1
12289,4934,21,1,33408.11,0.05
12290,4934,33,1,67830.72,0.05
12291,4935,97,3,57944.43,0.05
12292,4935,38,4,46602.83,0.15
12293,4936,64,2,6802.82,0.15
12294,4936,69,1,38273.87,0.1
12295,4936,14,2,112855.44,0.0
12296,4937,25,4,48553.67,0.05
12297,4937,42,3,32167.57,0.2
12298,4937,47,1,66318.14,0.1
12299,4937,2,1,9643.31,0.1
12300,4938,65,1,11138.22,0.05
12301,4938,31,4,58504.05,0.2
12302,4938,33,4,67830.72,0.05
12303,4939,61,2,59250.67,0.15
12304,4939,95,3,74013.57,0.15
12305,4940,87,1,3831.22,0.05
12306,4940,98,3,107440.65,0.0
12307,4941,42,2,32167.57,0.05
12308,4941,12,4,43161.08,0.05
12309,4941,22,2,101373.13,0.15
12310,4942,35,4,64616.75,0.1
12311,4942,31,3,58504.05,0.1
12312,4943,21,2,33408.11,0.1
12313,4943,16,4,64465.1,0.2
12314,4943,19,4,73662.65,0.2
12315,4943,66,2,75655.91,0.0
12316,4944,50,2,32078.35,0.2
12317,4944,4,3,41953.2,0.05
12318,4944,57,1,74958.5,0.15
12319,4944,85,2,33117.32,0.2
12320,4945,43,4,68409.25,0.1
12321,4946,32,4,58569.82,0.15
12322,4946,28,2,24101.49,0.1
12323,4946,38,2,46602.83,0.0
12324,4947,28,4,24101.49,0.0
12325,4947,93,1,34199.76,0.05
12326,4948,100,1,56950.77,0.2
12327,4948,35,1,64616.75,0.05
12328,4948,93,1,34199.76,0.1
12329,4949,86,4,36743.45,0.1
12330,4949,8,1,77134.84,0.05
12331,4950,50,2,32078.35,0.1
12332,4950,66,3,75655.91,0.15
12333,4951,43,3,68409.25,0.2
12334,4951,46,4,83137.14,0.15
12335,4952,50,4,32078.35,0.2
12336,4953,69,2,38273.87,0.1
12337,4953,30,1,59827.04,0.15
12338,4953,60,1,48163.29,0.0
12339,4953,25,4,48553.67,0.0
12340,4954,89,2,41133.84,0.2
12341,4955,9,4,57045.2,0.15
12342,4955,7,2,47293.79,0.0
12343,4956,4,4,41953.2,0.1
12344,4957,35,3,64616.75,0.2
12345,4958,61,3,59250.67,0.0
12346,4958,99,3,9464.47,0.1
12347,4959,46,2,83137.14,0.2
12348,4959,19,1,73662.65,0.2
12349,4959,37,1,32224.91,0.05
12350,4959,13,2,21788.6,0.2
12351,4960,48,4,18316.15,0.15
12352,4960,73,3,29426.0,0.1
12353,4960,4,3,41953.2,0.15
12354,4960,78,2,61027.77,0.2
12355,4961,23,2,78220.4,0.05
12356,4961,68,2,54854.09,0.0
12357,4962,82,1,75348.3,0.15
12358,4962,78,3,61027.77,0.0
12359,4962,67,2,28223.22,0.15
12360,4963,70,2,8288.85,0.05
12361,4963,19,3,73662.65,0.15
12362,4963,14,1,112855.44,0.15
12363,4963,39,4,21356.09,0.0
12364,4964,61,1,59250.67,0.0
12365,4965,62,3,77931.24,0.15
12366,4965,78,4,61027.77,0.1
12367,4965,31,1,58504.05,0.0
12368,4965,87,1,3831.22,0.2
12369,4966,45,2,16072.3,0.05
12370,4967,25,4,48553.67,0.2
12371,4968,74,3,65143.62,0.0
12372,4968,13,2,21788.6,0.05
12373,4969,41,4,34056.89,0.1
12374,4970,79,2,71983.06,0.1
12375,4970,78,4,61027.77,0.15
12376,4970,26,4,40496.99,0.0
12377,4970,17,1,3060.67,0.05
12378,4971,4,2,41953.2,0.05
12379,4971,9,1,57045.2,0.1
12380,4971,83,1,70278.9,0.2
12381,4971,79,1,71983.06,0.1
12382,4972,51,1,90551.07,0.2
12383,4972,58,1,16793.42,0.05
12384,4973,33,3,67830.72,0.05
12385,4973,20,2,65645.52,0.0
12386,4973,2,2,9643.31,0.05
12387,4973,68,4,54854.09,0.05
12388,4974,4,4,41953.2,0.05
12389,4974,11,3,29179.55,0.15
12390,4974,80,2,50304.69,0.1
12391,4974,59,3,17097.25,0.15
12392,4975,49,2,1098.73,0.0
12393,4975,22,2,101373.13,0.2
12394,4975,15,2,45459.24,0.0
12395,4975,47,1,66318.14,0.0
12396,4976,36,1,94947.11,0.1
12397,4976,54,3,47164.35,0.15
12398,4976,17,4,3060.67,0.05
12399,4976,24,2,35138.54,0.0
12400,4977,12,1,43161.08,0.2
12401,4977,43,3,68409.25,0.2
12402,4977,28,4,24101.49,0.15
12403,4978,23,3,78220.4,0.05
12404,4979,55,1,11698.2,0.1
12405,4979,50,1,32078.35,0.15
12406,4979,22,3,101373.13,0.1
12407,4979,70,4,8288.85,0.0
12408,4980,35,1,64616.75,0.2
12409,4980,35,4,64616.75,0.2
12410,4980,48,4,18316.15,0.0
12411,4981,14,1,112855.44,0.15
12412,4981,43,1,68409.25,0.2
12413,4981,59,1,17097.25,0.1
12414,4981,13,3,21788.6,0.0
12415,4982,57,1,74958.5,0.15
12416,4982,4,4,41953.2,0.2
12417,4982,61,1,59250.67,0.05
12418,4982,4,3,41953.2,0.0
12419,4983,18,4,25661.34,0.05
12420,4984,36,1,94947.11,0.2
12421,4984,62,2,77931.24,0.1
12422,4985,72,4,18167.14,0.0
12423,4986,47,1,66318.14,0.1
12424,4987,14,2,112855.44,0.2
12425,4987,39,2,21356.09,0.0
12426,4987,79,1,71983.06,0.1
12427,4987,10,2,62096.2,0.05
12428,4988,72,2,18167.14,0.0
12429,4988,39,2,21356.09,0.1
12430,4988,1,4,17791.55,0.15
12431,4988,70,1,8288.85,0.15
12432,4989,3,2,26786.94,0.0
12433,4989,37,1,32224.91,0.0
12434,4989,20,4,65645.52,0.1
12435,4989,59,3,17097.25,0.05
12436,4990,6,3,11835.67,0.05
12437,4990,10,1,62096.2,0.1
12438,4990,54,2,47164.35,0.15
12439,4990,100,1,56950.77,0.1
12440,4991,4,2,41953.2,0.2
12441,4991,47,4,66318.14,0.0
12442,4991,81,3,6985.99,0.1
12443,4992,30,1,59827.04,0.1
12444,4992,50,2,32078.35,0.15
12445,4992,84,4,20609.39,0.1
12446,4993,73,1,29426.0,0.2
12447,4993,30,4,59827.04,0.2
12448,4993,76,2,61617.55,0.15
12449,4993,68,2,54854.09,0.05
12450,4994,51,4,90551.07,0.05
12451,4994,45,3,16072.3,0.1
12452,4994,93,2,34199.76,0.1
12453,4995,88,1,44854.54,0.0
12454,4995,100,1,56950.77,0.05
12455,4995,68,2,54854.09,0.2
12456,4996,36,1,94947.11,0.1
12457,4997,11,4,29179.55,0.2
12458,4997,13,1,21788.6,0.05
12459,4997,96,3,57246.92,0.2
12460,4998,37,4,32224.91,0.2
12461,4998,12,2,43161.08,0.05
12462,4998,23,3,78220.4,0.15
12463,4998,3,1,26786.94,0.2
12464,4999,54,3,47164.35,0.15
12465,4999,60,4,48163.29,0.2
12466,4999,38,4,46602.83,0.0
12467,5000,75,1,44857.53,0.0
12468,5000,49,2,1098.73,0.0
